-- phpMyAdmin SQL Dump
-- version 4.1.14
-- http://www.phpmyadmin.net
--
-- Servidor: 127.0.0.1
-- Tiempo de generación: 09-08-2016 a las 00:57:05
-- Versión del servidor: 5.6.17
-- Versión de PHP: 5.5.12

SET SQL_MODE = "NO_AUTO_VALUE_ON_ZERO";
SET time_zone = "+00:00";


/*!40101 SET @OLD_CHARACTER_SET_CLIENT=@@CHARACTER_SET_CLIENT */;
/*!40101 SET @OLD_CHARACTER_SET_RESULTS=@@CHARACTER_SET_RESULTS */;
/*!40101 SET @OLD_COLLATION_CONNECTION=@@COLLATION_CONNECTION */;
/*!40101 SET NAMES utf8 */;

--
-- Base de datos: `mejorando`
--

-- --------------------------------------------------------

--
-- Estructura de tabla para la tabla `ci_sessions`
--

CREATE TABLE IF NOT EXISTS `ci_sessions` (
  `session_id` varchar(40) NOT NULL DEFAULT '0',
  `ip_address` varchar(45) NOT NULL DEFAULT '0',
  `user_agent` varchar(120) NOT NULL,
  `last_activity` int(10) unsigned NOT NULL DEFAULT '0',
  `user_data` text NOT NULL,
  PRIMARY KEY (`session_id`),
  KEY `last_activity_idx` (`last_activity`)
) ENGINE=InnoDB DEFAULT CHARSET=utf8;

-- --------------------------------------------------------

--
-- Estructura de tabla para la tabla `factor`
--

CREATE TABLE IF NOT EXISTS `factor` (
  `fac_id` int(10) NOT NULL AUTO_INCREMENT,
  `fac_nombre` varchar(60) NOT NULL,
  `fac_descrip` varchar(255) NOT NULL,
  `fac_estado` set('H','DH') NOT NULL DEFAULT 'H',
  PRIMARY KEY (`fac_id`)
) ENGINE=MyISAM  DEFAULT CHARSET=latin1 AUTO_INCREMENT=5 ;

--
-- Volcado de datos para la tabla `factor`
--

INSERT INTO `factor` (`fac_id`, `fac_nombre`, `fac_descrip`, `fac_estado`) VALUES
(1, 'DESARROLLO PSICOMOTOR Y AUTONOMIA', '', 'H'),
(2, 'DESARROLLO COGNITIVO', '', 'H'),
(3, 'DESARROLLO SOCIO-EMOCIONAL', '', 'H');

-- --------------------------------------------------------

--
-- Estructura de tabla para la tabla `historial_det`
--

CREATE TABLE IF NOT EXISTS `historial_det` (
  `hd_id` int(10) NOT NULL AUTO_INCREMENT,
  `hr_id` int(10) NOT NULL,
  `pre_id` int(10) NOT NULL,
  `op_id` int(10) NOT NULL,
  PRIMARY KEY (`hd_id`)
) ENGINE=MyISAM  DEFAULT CHARSET=latin1 AUTO_INCREMENT=593 ;

--
-- Volcado de datos para la tabla `historial_det`
--

INSERT INTO `historial_det` (`hd_id`, `hr_id`, `pre_id`, `op_id`) VALUES
(46, 47, 3, 1),
(45, 47, 46, 1),
(44, 47, 49, 2),
(43, 47, 5, 1),
(42, 47, 45, 3),
(41, 47, 36, 1),
(47, 47, 25, 2),
(48, 47, 33, 1),
(49, 47, 8, 2),
(50, 47, 9, 2),
(51, 47, 23, 1),
(52, 47, 22, 1),
(40, 47, 12, 1),
(39, 47, 37, 2),
(38, 47, 41, 1),
(53, 47, 40, 1),
(54, 47, 48, 2),
(55, 47, 11, 1),
(56, 47, 27, 2),
(57, 47, 43, 1),
(58, 47, 30, 1),
(59, 47, 26, 2),
(60, 47, 44, 1),
(61, 47, 29, 3),
(62, 47, 19, 3),
(63, 47, 47, 1),
(64, 47, 15, 2),
(65, 47, 31, 1),
(66, 47, 39, 1),
(67, 47, 18, 2),
(68, 47, 24, 2),
(69, 47, 10, 1),
(70, 47, 14, 1),
(71, 47, 2, 1),
(72, 47, 28, 2),
(73, 47, 7, 3),
(74, 47, 35, 1),
(75, 47, 1, 1),
(76, 47, 21, 2),
(77, 47, 6, 1),
(78, 47, 32, 3),
(79, 47, 42, 1),
(80, 47, 17, 1),
(81, 47, 20, 1),
(82, 47, 34, 1),
(83, 47, 16, 1),
(84, 47, 38, 1),
(85, 47, 4, 2),
(86, 48, 7, 2),
(87, 48, 11, 2),
(88, 48, 43, 3),
(89, 48, 12, 1),
(90, 75, 10, 1),
(91, 75, 17, 2),
(92, 75, 13, 3),
(93, 75, 16, 1),
(94, 75, 46, 2),
(95, 75, 15, 1),
(96, 75, 30, 1),
(97, 75, 25, 2),
(98, 75, 33, 1),
(99, 75, 37, 1),
(100, 75, 32, 2),
(101, 75, 47, 2),
(102, 75, 27, 2),
(103, 75, 4, 2),
(104, 75, 35, 1),
(105, 75, 40, 1),
(106, 75, 29, 1),
(107, 75, 44, 1),
(108, 75, 34, 1),
(109, 75, 7, 2),
(110, 75, 38, 2),
(111, 75, 45, 2),
(112, 75, 43, 1),
(113, 75, 6, 3),
(114, 75, 2, 1),
(115, 75, 20, 1),
(116, 75, 23, 2),
(117, 75, 39, 2),
(118, 75, 11, 1),
(119, 75, 9, 2),
(120, 75, 3, 2),
(121, 75, 12, 2),
(122, 75, 8, 2),
(123, 75, 42, 2),
(124, 75, 5, 3),
(125, 75, 49, 2),
(126, 75, 21, 1),
(127, 75, 24, 2),
(128, 75, 26, 1),
(129, 75, 28, 2),
(130, 75, 48, 2),
(131, 75, 14, 3),
(132, 75, 22, 2),
(133, 75, 41, 1),
(134, 75, 19, 2),
(135, 75, 1, 2),
(136, 76, 32, 2),
(137, 76, 12, 1),
(138, 76, 8, 2),
(139, 76, 10, 3),
(140, 76, 36, 1),
(141, 76, 33, 1),
(142, 76, 38, 1),
(143, 76, 39, 2),
(144, 76, 5, 1),
(145, 76, 22, 1),
(146, 76, 47, 2),
(147, 76, 40, 1),
(148, 76, 7, 1),
(149, 76, 29, 1),
(150, 76, 25, 2),
(151, 76, 2, 1),
(152, 76, 48, 2),
(153, 76, 20, 3),
(154, 76, 4, 2),
(155, 76, 35, 1),
(156, 76, 19, 1),
(157, 76, 27, 1),
(158, 76, 42, 2),
(159, 76, 26, 1),
(160, 76, 11, 1),
(161, 76, 28, 1),
(162, 76, 37, 2),
(163, 76, 34, 2),
(164, 76, 17, 1),
(165, 76, 1, 1),
(166, 76, 43, 1),
(167, 76, 14, 2),
(168, 76, 21, 1),
(169, 76, 16, 2),
(170, 76, 9, 1),
(171, 76, 44, 2),
(172, 76, 13, 2),
(173, 76, 6, 1),
(174, 76, 18, 2),
(175, 76, 45, 1),
(176, 76, 41, 2),
(177, 76, 3, 1),
(178, 76, 23, 1),
(179, 76, 15, 1),
(180, 76, 46, 1),
(181, 76, 49, 1),
(182, 76, 30, 2),
(183, 76, 31, 1),
(184, 77, 47, 1),
(185, 77, 30, 1),
(186, 77, 22, 1),
(187, 77, 49, 1),
(188, 77, 27, 2),
(189, 77, 18, 1),
(190, 77, 23, 2),
(191, 77, 41, 1),
(192, 77, 44, 1),
(193, 77, 31, 1),
(194, 77, 19, 1),
(195, 77, 10, 2),
(196, 77, 11, 2),
(197, 77, 29, 1),
(198, 77, 15, 1),
(199, 77, 46, 2),
(200, 77, 33, 1),
(201, 77, 24, 1),
(202, 77, 1, 2),
(203, 77, 13, 1),
(204, 77, 4, 2),
(205, 77, 28, 1),
(206, 77, 14, 1),
(207, 77, 3, 1),
(208, 77, 34, 1),
(209, 77, 40, 1),
(210, 77, 7, 1),
(211, 77, 39, 1),
(212, 77, 12, 1),
(213, 77, 9, 2),
(214, 77, 26, 1),
(215, 77, 8, 2),
(216, 77, 21, 1),
(217, 77, 32, 1),
(218, 77, 17, 2),
(219, 77, 25, 2),
(220, 77, 2, 1),
(221, 77, 48, 1),
(222, 77, 6, 1),
(223, 77, 42, 1),
(224, 77, 5, 2),
(225, 77, 20, 1),
(226, 77, 38, 2),
(227, 77, 16, 1),
(228, 77, 43, 1),
(229, 77, 37, 3),
(230, 77, 35, 2),
(231, 77, 36, 2),
(232, 78, 4, 1),
(233, 78, 8, 2),
(234, 78, 44, 1),
(235, 78, 29, 2),
(236, 78, 39, 1),
(237, 78, 47, 2),
(238, 78, 13, 2),
(239, 78, 40, 1),
(240, 78, 48, 3),
(241, 78, 42, 2),
(242, 78, 10, 3),
(243, 78, 45, 1),
(244, 78, 37, 2),
(245, 78, 31, 2),
(246, 78, 21, 2),
(247, 78, 20, 1),
(248, 78, 17, 2),
(249, 78, 28, 3),
(250, 78, 12, 3),
(251, 78, 33, 1),
(252, 78, 22, 3),
(253, 78, 49, 2),
(254, 78, 27, 2),
(255, 78, 15, 2),
(256, 78, 30, 1),
(257, 78, 24, 1),
(258, 78, 16, 2),
(259, 78, 14, 1),
(260, 78, 5, 2),
(261, 78, 43, 2),
(262, 78, 19, 2),
(263, 78, 9, 3),
(264, 78, 1, 2),
(265, 78, 32, 2),
(266, 78, 26, 1),
(267, 78, 18, 2),
(268, 78, 6, 1),
(269, 78, 36, 2),
(270, 78, 46, 3),
(271, 78, 38, 1),
(272, 78, 2, 2),
(273, 78, 11, 2),
(274, 78, 34, 1),
(275, 78, 35, 2),
(276, 78, 25, 1),
(277, 78, 7, 3),
(278, 78, 3, 1),
(279, 83, 48, 3),
(280, 83, 45, 2),
(281, 83, 10, 1),
(282, 83, 41, 2),
(283, 83, 47, 3),
(284, 83, 42, 2),
(285, 83, 16, 2),
(286, 83, 2, 1),
(287, 83, 23, 1),
(288, 83, 34, 1),
(289, 83, 6, 1),
(290, 83, 32, 1),
(291, 83, 24, 1),
(292, 83, 5, 1),
(293, 83, 7, 2),
(294, 83, 43, 2),
(295, 83, 27, 1),
(296, 83, 26, 1),
(297, 83, 39, 2),
(298, 83, 30, 1),
(299, 83, 44, 1),
(300, 83, 3, 1),
(301, 83, 40, 2),
(302, 83, 1, 2),
(303, 83, 14, 1),
(304, 83, 13, 1),
(305, 83, 31, 2),
(306, 83, 18, 1),
(307, 83, 29, 1),
(308, 83, 20, 2),
(309, 83, 11, 2),
(310, 83, 9, 3),
(311, 83, 36, 3),
(312, 83, 19, 2),
(313, 83, 12, 3),
(314, 83, 35, 2),
(315, 83, 4, 3),
(316, 83, 28, 2),
(317, 83, 49, 3),
(318, 83, 33, 2),
(319, 83, 38, 3),
(320, 83, 21, 2),
(321, 83, 46, 3),
(322, 83, 25, 2),
(323, 83, 37, 3),
(324, 83, 8, 2),
(325, 83, 15, 3),
(326, 87, 20, 1),
(327, 87, 30, 2),
(328, 87, 14, 1),
(329, 87, 43, 3),
(330, 87, 29, 1),
(331, 87, 28, 2),
(332, 87, 25, 2),
(333, 87, 8, 1),
(334, 87, 13, 1),
(335, 87, 10, 1),
(336, 87, 27, 1),
(337, 87, 47, 2),
(338, 87, 45, 1),
(339, 87, 6, 1),
(340, 87, 41, 1),
(341, 87, 39, 2),
(342, 87, 9, 1),
(343, 87, 4, 2),
(344, 87, 33, 2),
(345, 87, 24, 1),
(346, 87, 2, 1),
(347, 87, 21, 2),
(348, 87, 48, 3),
(349, 87, 3, 3),
(350, 87, 26, 2),
(351, 87, 16, 1),
(352, 87, 35, 1),
(353, 87, 42, 1),
(354, 87, 18, 2),
(355, 87, 7, 2),
(356, 87, 1, 2),
(357, 87, 11, 1),
(358, 87, 46, 1),
(359, 87, 44, 2),
(360, 87, 49, 1),
(361, 87, 40, 1),
(362, 87, 38, 3),
(363, 87, 12, 3),
(364, 87, 23, 1),
(365, 87, 32, 2),
(366, 87, 34, 1),
(367, 87, 36, 1),
(368, 87, 37, 2),
(369, 87, 15, 1),
(370, 87, 19, 1),
(371, 87, 5, 1),
(372, 88, 8, 1),
(373, 88, 12, 1),
(374, 88, 36, 1),
(375, 88, 3, 1),
(376, 91, 8, 1),
(377, 91, 6, 2),
(378, 91, 35, 3),
(379, 91, 30, 3),
(380, 91, 22, 2),
(381, 91, 31, 3),
(382, 91, 17, 3),
(383, 91, 11, 2),
(384, 91, 42, 3),
(385, 91, 33, 1),
(386, 91, 47, 2),
(387, 91, 34, 2),
(388, 91, 13, 2),
(389, 92, 10, 1),
(390, 92, 48, 2),
(391, 92, 9, 1),
(392, 92, 16, 2),
(393, 92, 41, 3),
(394, 92, 29, 1),
(395, 92, 24, 1),
(396, 92, 4, 2),
(397, 92, 46, 1),
(398, 92, 1, 1),
(399, 92, 42, 1),
(400, 92, 26, 2),
(401, 93, 38, 3),
(402, 93, 22, 2),
(403, 93, 42, 3),
(404, 93, 16, 2),
(405, 93, 31, 3),
(406, 93, 37, 2),
(407, 93, 1, 3),
(408, 93, 36, 3),
(409, 93, 28, 1),
(410, 93, 49, 2),
(411, 93, 25, 1),
(412, 93, 30, 1),
(413, 93, 44, 2),
(414, 93, 34, 1),
(415, 93, 26, 2),
(416, 93, 2, 2),
(417, 93, 18, 1),
(418, 93, 8, 2),
(419, 93, 27, 1),
(420, 93, 24, 1),
(421, 93, 32, 3),
(422, 93, 11, 1),
(423, 93, 10, 1),
(424, 93, 5, 2),
(425, 93, 6, 3),
(426, 93, 48, 1),
(427, 93, 15, 2),
(428, 93, 19, 1),
(429, 93, 40, 1),
(430, 93, 35, 1),
(431, 93, 17, 2),
(432, 93, 46, 1),
(433, 93, 47, 3),
(434, 93, 39, 1),
(435, 93, 21, 1),
(436, 93, 41, 1),
(437, 93, 20, 1),
(438, 93, 45, 1),
(439, 93, 4, 3),
(440, 93, 3, 2),
(441, 93, 29, 1),
(442, 93, 14, 1),
(443, 93, 12, 2),
(444, 93, 13, 1),
(445, 93, 43, 1),
(446, 93, 9, 3),
(447, 93, 23, 2),
(448, 93, 33, 2),
(449, 94, 37, 3),
(450, 94, 30, 3),
(451, 94, 43, 3),
(452, 94, 45, 3),
(453, 94, 42, 3),
(454, 94, 1, 1),
(455, 94, 48, 1),
(456, 94, 29, 1),
(457, 94, 32, 1),
(458, 94, 33, 1),
(459, 94, 13, 1),
(460, 94, 31, 1),
(461, 94, 44, 1),
(462, 94, 17, 1),
(463, 94, 3, 1),
(464, 94, 34, 1),
(465, 94, 36, 1),
(466, 94, 11, 1),
(467, 94, 26, 1),
(468, 94, 19, 1),
(469, 94, 47, 1),
(470, 94, 39, 1),
(471, 94, 27, 1),
(472, 94, 24, 1),
(473, 94, 38, 1),
(474, 94, 12, 1),
(475, 94, 21, 1),
(476, 94, 16, 1),
(477, 94, 49, 1),
(478, 94, 8, 1),
(479, 94, 41, 1),
(480, 94, 14, 1),
(481, 94, 2, 3),
(482, 94, 40, 1),
(483, 94, 18, 1),
(484, 94, 7, 1),
(485, 94, 9, 1),
(486, 94, 10, 1),
(487, 94, 20, 1),
(488, 94, 23, 1),
(489, 94, 25, 1),
(490, 94, 4, 1),
(491, 94, 46, 1),
(492, 94, 5, 1),
(493, 94, 6, 1),
(494, 94, 35, 1),
(495, 94, 28, 1),
(496, 94, 22, 3),
(497, 95, 33, 2),
(498, 95, 18, 2),
(499, 95, 25, 2),
(500, 95, 43, 2),
(501, 95, 49, 2),
(502, 95, 15, 2),
(503, 95, 22, 2),
(504, 95, 21, 2),
(505, 95, 42, 2),
(506, 95, 23, 2),
(507, 95, 20, 2),
(508, 95, 19, 2),
(509, 95, 29, 2),
(510, 95, 28, 2),
(511, 95, 17, 2),
(512, 95, 46, 2),
(513, 95, 35, 2),
(514, 95, 12, 2),
(515, 95, 47, 2),
(516, 95, 3, 2),
(517, 95, 11, 2),
(518, 95, 37, 2),
(519, 95, 45, 2),
(520, 95, 8, 2),
(521, 95, 7, 2),
(522, 95, 32, 2),
(523, 95, 24, 2),
(524, 95, 16, 2),
(525, 95, 40, 2),
(526, 95, 30, 2),
(527, 95, 10, 2),
(528, 95, 41, 2),
(529, 95, 1, 2),
(530, 95, 13, 2),
(531, 95, 2, 2),
(532, 95, 36, 2),
(533, 95, 39, 2),
(534, 95, 27, 2),
(535, 95, 9, 2),
(536, 95, 34, 2),
(537, 95, 5, 2),
(538, 95, 26, 2),
(539, 95, 31, 2),
(540, 95, 48, 2),
(541, 95, 44, 2),
(542, 95, 6, 2),
(543, 95, 4, 2),
(544, 95, 14, 2),
(545, 96, 8, 2),
(546, 96, 4, 1),
(547, 96, 40, 3),
(548, 96, 46, 3),
(549, 96, 9, 2),
(550, 96, 19, 1),
(551, 96, 15, 2),
(552, 96, 18, 3),
(553, 96, 20, 3),
(554, 96, 43, 3),
(555, 96, 6, 3),
(556, 96, 12, 3),
(557, 96, 34, 2),
(558, 96, 33, 1),
(559, 96, 29, 2),
(560, 96, 23, 3),
(561, 96, 1, 2),
(562, 96, 27, 3),
(563, 96, 38, 2),
(564, 96, 5, 3),
(565, 96, 39, 2),
(566, 96, 31, 3),
(567, 96, 16, 2),
(568, 96, 21, 3),
(569, 96, 3, 2),
(570, 96, 35, 3),
(571, 96, 2, 2),
(572, 96, 37, 3),
(573, 96, 47, 2),
(574, 96, 10, 3),
(575, 96, 42, 2),
(576, 96, 26, 3),
(577, 96, 25, 2),
(578, 96, 48, 3),
(579, 96, 32, 2),
(580, 96, 41, 3),
(581, 96, 14, 2),
(582, 96, 49, 3),
(583, 96, 11, 2),
(584, 96, 36, 3),
(585, 96, 30, 2),
(586, 96, 28, 3),
(587, 96, 44, 2),
(588, 96, 17, 3),
(589, 96, 13, 1),
(590, 96, 7, 3),
(591, 96, 45, 2),
(592, 96, 24, 2);

-- --------------------------------------------------------

--
-- Estructura de tabla para la tabla `historial_resp`
--

CREATE TABLE IF NOT EXISTS `historial_resp` (
  `hr_id` int(10) NOT NULL AUTO_INCREMENT,
  `hr_fecha` datetime NOT NULL,
  `pb_dni` int(10) NOT NULL,
  PRIMARY KEY (`hr_id`)
) ENGINE=MyISAM  DEFAULT CHARSET=latin1 AUTO_INCREMENT=99 ;

--
-- Volcado de datos para la tabla `historial_resp`
--

INSERT INTO `historial_resp` (`hr_id`, `hr_fecha`, `pb_dni`) VALUES
(60, '2015-08-28 15:04:18', 3123),
(59, '2015-08-28 15:03:15', 2147483647),
(58, '2015-08-28 15:02:25', 2147483647),
(57, '2015-08-28 14:56:22', 1111111111),
(56, '2015-08-28 14:54:46', 7777),
(55, '2015-08-28 14:50:17', 75765),
(54, '2015-08-28 14:44:23', 123),
(53, '2015-08-28 14:41:40', 123),
(52, '2015-08-28 14:35:47', 456),
(51, '2015-08-28 14:34:33', 12),
(50, '2015-08-28 14:33:02', 12),
(49, '2015-08-28 14:31:33', 30),
(48, '2015-08-28 14:01:36', 0),
(47, '2015-08-28 06:31:26', 48919678),
(61, '2015-08-28 15:07:16', 123),
(62, '2015-08-28 15:41:34', 2147483647),
(63, '2015-08-28 15:42:52', 2147483647),
(64, '2015-08-28 15:43:57', 666),
(65, '2015-08-28 15:54:17', 2147483647),
(66, '2015-08-28 16:00:47', 0),
(67, '2015-08-28 16:03:12', 48),
(68, '2015-08-28 16:11:39', 111111),
(69, '2015-08-28 16:23:47', 44444),
(70, '2015-08-28 16:36:02', 30190535),
(71, '2015-08-28 17:00:42', 30190535),
(72, '2015-08-28 17:01:29', 30190535),
(73, '2015-08-28 18:00:33', 30190535),
(74, '2015-08-28 18:35:37', 30190535),
(75, '2015-08-28 18:49:12', 55789654),
(76, '2015-08-28 19:10:51', 2147483647),
(77, '2015-08-28 19:39:18', 1111111111),
(78, '2015-08-28 20:28:17', 368796543),
(79, '2015-08-28 21:22:53', 0),
(80, '2015-08-28 21:23:41', 33333333),
(81, '2015-08-28 21:25:39', 344444444),
(82, '2015-08-28 23:16:32', 0),
(83, '2015-08-28 23:41:49', 25063953),
(84, '2015-09-01 02:21:07', 30190535),
(85, '2015-09-01 02:22:54', 30190535),
(86, '2015-09-01 02:39:11', 43),
(87, '2015-09-01 11:54:49', 0),
(88, '2015-09-01 12:03:08', 4636),
(89, '2015-09-01 15:55:46', 0),
(90, '2015-09-01 19:51:39', 22333),
(91, '2015-09-02 23:51:57', 0),
(92, '2015-09-02 23:58:32', 30),
(93, '2015-09-02 23:59:35', 22222),
(94, '2015-09-03 02:59:33', 0),
(95, '2015-09-03 03:03:46', 25),
(96, '2015-09-03 03:09:58', 25),
(97, '2015-09-08 02:28:19', 0),
(98, '2015-09-17 18:10:07', 0);

-- --------------------------------------------------------

--
-- Estructura de tabla para la tabla `opciones`
--

CREATE TABLE IF NOT EXISTS `opciones` (
  `op_id` int(10) NOT NULL AUTO_INCREMENT,
  `op_nombre` varchar(255) NOT NULL,
  `op_estado` set('H','DH') NOT NULL DEFAULT 'H',
  PRIMARY KEY (`op_id`)
) ENGINE=MyISAM  DEFAULT CHARSET=latin1 AUTO_INCREMENT=4 ;

--
-- Volcado de datos para la tabla `opciones`
--

INSERT INTO `opciones` (`op_id`, `op_nombre`, `op_estado`) VALUES
(1, 'siempre', 'H'),
(2, 'algunas veces', 'H'),
(3, 'nunca', 'H');

-- --------------------------------------------------------

--
-- Estructura de tabla para la tabla `poblacion`
--

CREATE TABLE IF NOT EXISTS `poblacion` (
  `pb_dni` int(15) unsigned NOT NULL,
  `pb_nomb` varchar(255) NOT NULL,
  `pb_apell` varchar(255) NOT NULL,
  `pb_fechNac` date NOT NULL,
  `pb_fech` datetime NOT NULL,
  `pb_parentes` varchar(255) NOT NULL,
  `pb_escuela` varchar(255) NOT NULL,
  `pb_grado` varchar(255) NOT NULL,
  `pb_edad` int(2) NOT NULL,
  PRIMARY KEY (`pb_dni`)
) ENGINE=MyISAM DEFAULT CHARSET=latin1;

--
-- Volcado de datos para la tabla `poblacion`
--

INSERT INTO `poblacion` (`pb_dni`, `pb_nomb`, `pb_apell`, `pb_fechNac`, `pb_fech`, `pb_parentes`, `pb_escuela`, `pb_grado`, `pb_edad`) VALUES
(48919678, 'Lucas', 'Juarez', '0000-00-00', '2015-08-28 06:31:26', '2', 'Manuel Rosas', '1', 7),
(30, '', '', '1970-01-01', '2015-09-02 23:58:31', 'madre', '', '', 0),
(12, 'sff', 'asdasd', '0000-00-00', '2015-08-28 14:34:33', 'madre', 'asfsdfsda 3423', '5', 2),
(456, 'gdfgsdg', 'sdfsfasf', '0000-00-00', '2015-08-28 14:35:47', 'madre', 'fsdfasfasdf', '1', 25),
(123, 'asdsa', 'qwewqe', '0000-00-00', '2015-08-28 15:07:16', 'madre', 'asdasd', '2', 2),
(666, 'dsdsd', 'asdasd', '0000-00-00', '2015-08-28 15:43:57', 'madre', 'dasdasd', '3', 3),
(75765, 'sadasd', 'asdasd', '0000-00-00', '2015-08-28 14:50:17', 'madre', 'dasdadasd', '2', 3),
(7777, 'dadsad', 'asdasd', '0000-00-00', '2015-08-28 14:54:46', 'madre', 'asdasdsad', '3', 3),
(1111111111, 'Luis', 'Rodriguez', '2015-10-08', '2015-08-28 19:39:18', 'madre', 'Rosas', '1', 2),
(4294967295, 'asdasd', 'asdasd', '0000-00-00', '2015-08-28 15:02:25', 'madre', 'dasdasd', '2', 33),
(3123, 'asdsad', 'asdasd', '0000-00-00', '2015-08-28 15:04:17', 'madre', 'asdasd', '3', 3),
(85, 'Luis', '', '0000-00-00', '2015-08-28 16:02:55', 'madre', '', '', 0),
(48, 'Luis', '', '0000-00-00', '2015-08-28 16:04:05', 'docente', '', '', 0),
(111111, 'Luis Alberto', 'Rodriguez', '2015-08-19', '2015-08-28 16:11:39', 'madre', 'Roberto Terrones Riera', '3', 2),
(44444, 'Luis ', 'Fernandez', '0000-00-00', '2015-08-28 16:34:33', 'madre', 'Roberto Riera', '1', 2),
(30190535, '', '', '1970-01-01', '2015-09-01 02:22:53', 'madre', '', '', 0),
(55789654, 'Wifi oliver', 'Rodriguez', '1970-01-01', '2015-08-28 18:49:11', 'madre', 'Armada nacional', '1', 34),
(368796543, 'Yuii', 'Uioojhh', '1970-01-01', '2015-08-28 20:28:16', 'madre', 'Ghjgfgj', '4', 56),
(33333333, 'asdasd', 'asdasd', '2015-09-08', '2015-08-28 21:23:41', 'madre', 'dasdasd', '3', 3),
(344444444, '', '', '1970-01-01', '2015-08-28 21:25:39', 'madre', '', '', 0),
(301568, '', '', '1970-01-01', '2015-08-28 23:18:15', 'madre', '', '', 0),
(25063953, '', '', '1970-01-01', '2015-08-28 23:41:49', 'madre', '', '', 0),
(43, '', '', '1970-01-01', '2015-09-01 02:39:11', 'madre', '', '', 0),
(4636, '', '', '1970-01-01', '2015-09-01 12:03:07', 'madre', '', '', 0),
(22333, '', '', '1970-01-01', '2015-09-01 19:51:38', 'madre', '', '', 0),
(22222, 'pepito', 'pirulo', '2011-11-05', '2015-09-02 23:59:35', 'padre', 'kankun', 'jardin', 4),
(47501482, 'camila', 'Cuellar Royer', '1970-01-01', '2015-09-03 02:57:27', 'madre', 'Alberdi', '3', 9),
(25, 'Faruk', '', '1970-01-01', '2015-09-03 03:09:57', 'madre', '', '', 0);

-- --------------------------------------------------------

--
-- Estructura de tabla para la tabla `preguntas`
--

CREATE TABLE IF NOT EXISTS `preguntas` (
  `pre_id` int(10) NOT NULL AUTO_INCREMENT,
  `preg_descrip` varchar(255) NOT NULL,
  `preg_estado` set('H','DH') NOT NULL DEFAULT 'H',
  `subFac_id` int(10) NOT NULL,
  `fac_id` int(10) NOT NULL,
  PRIMARY KEY (`pre_id`)
) ENGINE=MyISAM  DEFAULT CHARSET=latin1 AUTO_INCREMENT=50 ;

--
-- Volcado de datos para la tabla `preguntas`
--

INSERT INTO `preguntas` (`pre_id`, `preg_descrip`, `preg_estado`, `subFac_id`, `fac_id`) VALUES
(1, 'puede caminar sobre una línea recta', 'H', 1, 1),
(2, 'puede lanzar una pelota hacia arriba y agarrarla nuevamente', 'H', 1, 1),
(3, 'puede ponerse la campera o delantal sin ayuda', 'H', 1, 1),
(4, 'puede recortar figuras con tijera para niños', 'H', 2, 1),
(5, 'puede abrochar un botón', 'H', 2, 1),
(6, 'puede atarse los cordones', 'H', 2, 1),
(7, 'puede lavarse las manos sin ayuda', 'H', 3, 1),
(8, 'puede guardar solo sus cosas en su mochila', 'H', 3, 1),
(9, 'puede preparar solo sus elementos de trabajo o merienda', 'H', 3, 1),
(10, 'puede recordar mejor cuando ve laminas, dibujos o videos', 'H', 4, 2),
(11, 'puede concentrase más cuando mira imágenes o películas', 'H', 4, 2),
(12, 'puede recordar lo que le dicen', 'H', 5, 2),
(13, 'puede recordar y cantar  canciones', 'H', 5, 2),
(14, 'puede recordar esquemas de gimnasia o coreografías de baile', 'H', 6, 2),
(15, 'puede recordar más lo que hace que lo que escucha', 'H', 6, 2),
(16, 'termina las cosas que empieza en un corto tiempo', 'H', 7, 2),
(17, 'puede pronunciar claramente todas las letras', 'H', 8, 2),
(18, 'puede decir su nombre y apellido correctamente', 'H', 8, 2),
(19, 'puede decir claramente lo que piensa y se entiende lo que dice', 'H', 8, 2),
(20, 'puede expresarse en tiempo presente y pasado. Ej.: “hoy comí banana", "ayer jugue con mamá"', 'H', 9, 2),
(21, 'puede utiliza correctamente las palabras, como "antes" y después", "ayer", "hoy" y "mañana"', 'H', 9, 2),
(22, 'puede diferenciar "arriba" de "abajo"', 'H', 10, 2),
(23, 'puede diferenciar "adentro" de "afuera"', 'H', 10, 2),
(24, 'puede diferenciar "adelante" de "atrás"', 'H', 10, 2),
(25, 'puede comprender lo que significa "mucho", "poco", o "más o menos"', 'H', 11, 2),
(26, 'puede comprende lo que es  "agregar" y "quitar"', 'H', 11, 2),
(27, 'puede distinguir si un objeto es igual o diferente a otro, por su forma, tamaño o color', 'H', 12, 2),
(28, 'dibuja círculos, figuras humanas y animales', 'H', 13, 2),
(29, 'puede dibujar un hombre con tres partes', 'H', 13, 2),
(30, 'puede trazar una línea horizontal', 'H', 13, 2),
(31, 'puede escribir algunas palabras simples', 'H', 14, 2),
(32, 'puede escribir su nombre', 'H', 14, 2),
(33, 'puede reconocer las vocales', 'H', 14, 2),
(34, 'puede reconocer y escribir los números del 1 al 10', 'H', 15, 2),
(35, 'puede  contar hasta 20 objetos o más', 'H', 16, 2),
(36, 'puede ver y copiar todo lo escrito en el pizarrón', 'H', 17, 2),
(37, 'puede reconocer y expresar sanamente emociones como: alegría, miedo, enojo, desagrado y tristeza', 'H', 18, 3),
(38, 'puede controlar sus impulsos y expresar sentimientos sin dañar a otras personas', 'H', 18, 3),
(39, 'puede reconocer los sentimientos de los demás y realizar acciones para ponerlos contentos', 'H', 18, 3),
(40, 'puede demostrar cariño a las personas a través de gestos o palabras', 'H', 19, 3),
(41, 'puede compartir cosas, juguetes o comida con otros niños o niñas', 'H', 19, 3),
(42, 'puede establecer vinculos de amistad con otros niños o niñas y comparte momentos de juego', 'H', 19, 3),
(43, 'puede reconocer sus características físicas, sus habilidades y sus preferencias', 'H', 20, 3),
(44, 'puede confiar en sus capacidades y se alegra por sus logros', 'H', 20, 3),
(45, 'puede opinar y puede elegir qué quiere hacer o jugar cuando le preguntan', 'H', 20, 3),
(46, 'puede preguntar lo que le interesa saber', 'H', 21, 3),
(47, 'puede respetar y obedecer las reglas de convivencia en la escuela', 'H', 22, 3),
(48, 'puede saludar, se despide y usa el "por favor" y "gracias"', 'H', 22, 3),
(49, 'puede obedecer órdenes simples. Ejemplo: “saquen el cuaderno”', 'H', 22, 3);

-- --------------------------------------------------------

--
-- Estructura de tabla para la tabla `resp_informe`
--

CREATE TABLE IF NOT EXISTS `resp_informe` (
  `resp_id` int(10) NOT NULL AUTO_INCREMENT,
  `resp_valor` varchar(255) NOT NULL,
  `resp_informe` varchar(512) NOT NULL,
  `resp_estado` set('H','DH') NOT NULL DEFAULT 'H',
  `fac_id` int(10) NOT NULL,
  `subFac_id` int(10) NOT NULL,
  PRIMARY KEY (`resp_id`)
) ENGINE=MyISAM  DEFAULT CHARSET=latin1 AUTO_INCREMENT=52 ;

--
-- Volcado de datos para la tabla `resp_informe`
--

INSERT INTO `resp_informe` (`resp_id`, `resp_valor`, `resp_informe`, `resp_estado`, `fac_id`, `subFac_id`) VALUES
(1, '3', 'Su motricidad gruesa es muy buena.', 'H', 1, 1),
(2, '2', 'Su motricidad gruesa es buena, con estimulación mejoraría notablemente.', 'H', 1, 1),
(3, '10', 'Su motricidad gruesa necesita más estimulación para prevenir dificultades.', 'H', 1, 1),
(4, '3', 'Y la motricidad fina esta desarrollandose satifactoriamente para su edad.', 'H', 1, 2),
(5, '2', 'Y la motricidad fina esta desarrollandose poco a poco.', 'H', 1, 2),
(6, '10', 'Y la motricidad fina necesita  desarrollarse aún más.', 'H', 1, 2),
(7, '3', 'Realiza de manera independiente algunas consignas, tales como: sacar o guardar elementos e higienizar sus manos.', 'H', 1, 3),
(8, '21', 'Realiza de manera independiente algunas consignas, tales como: manipular sus elementos de trabajo.', 'H', 1, 3),
(9, '2', 'Su capacidad para recordar información a través de estímulos visuales, es muy buena. Para motivar aún más sus ganas de aprender es conveniente utilizar frases de aliento y felicitaciones escritas en sus tareas.', 'H', 2, 4),
(10, '10', 'Su capacidad para recordar información a través de estímulos visuales tiene que ejercitarse.', 'H', 2, 4),
(11, '2', 'Si los estímulos son de carácter auditivo, logra recuperar y memorizar información. Para potenciar más su avance sería interesante aplaudir sus logros o que reciba felicitaciones por su desempeño, en voz alta.', 'H', 2, 5),
(12, '10', 'Para que pueda recordar más lo que escucha sería interesante entrenar su memoria auditiva.', 'H', 2, 5),
(13, '2', 'Tiene facilidad para recordar lo que vivencia. Rendirá mucho más si las felicitaciones por su trabajo se le brindan a través de gestos cariñosos, como abrazos, palmadas, mimos.', 'H', 2, 6),
(14, '1', 'Lográ respetar consignas en un tiempo propuesto, pudiendo sostener su capacidad de concentración.', 'H', 2, 7),
(15, '0', 'Logrará respetar mejor las consignas en el tiempo propuesto, si desarrolla mayor capacidad de concentración.', 'H', 2, 7),
(16, '3', 'Su nivel de lenguaje oral es muy bueno, le permite comunicarse con los demás de manera clara.', 'H', 2, 8),
(17, '2', 'Su nivel de lenguaje oral es bueno y le permite comunicarse.', 'H', 2, 8),
(18, '10', 'Su lenguaje oral aún es muy acotado.', 'H', 2, 8),
(19, '3', 'Respecto a la noción de tiempo, puede utilizar palabras para indicar los diferentes momentos del día, tales como: como: antes,después, ayer, hoy y mañana.', 'H', 2, 9),
(20, '21', 'Respecto a la noción de tiempo, puede utilizar algunas palabras para mencionar acciones presentes y pasadas.', 'H', 2, 9),
(21, '0', 'Respecto a la noción de tiempo, aún se evidencian dudas al mencionar acciones presentes, pasadas y futuras.', 'H', 2, 9),
(22, '3', 'La noción espacial es muy buena, conoce conceptos como: arriba, abajo, adentro, afuera, adelante y atras.  ', 'H', 2, 10),
(23, '21', 'La noción espacial se manifiesta en algunos conceptos que indican el lugar que ocupan las cosas en el espacio. ', 'H', 2, 10),
(24, '0', 'En cuanto a la noción espacial, aún no diferenciar conceptos como: arriba, abajo, adentro, afuera, adelante y atras.  ', 'H', 2, 10),
(25, '2', 'Puede comprender conceptos que aluden a la cantidad y tiene las nociones básicas para aprender a sumar y restar sin dificultad.', 'H', 2, 11),
(26, '1', 'Aún no internalizo todos los conceptos que expresan cantidad. Sería muy positivo que los trabaje para que pueda aprender a sumar y restar sin dificultad.', 'H', 2, 11),
(27, '0', 'Aún no internalizo los conceptos que expresan cantidad. Sería muy positivo que los trabaje para que pueda aprender a sumar y restar sin dificultad.', 'H', 2, 11),
(28, '1', 'Reconoce objetos iguales y diferentes.', 'H', 2, 12),
(29, '0', 'Al momento de reconocer si un objeto es igual o diferente a otro manifiesta dudas .', 'H', 2, 12),
(30, '3', 'Su expresión gráfica es muy buena.', 'H', 2, 13),
(31, '21', 'Su expresión gráfica esta desarrollándose.', 'H', 2, 13),
(32, '0', 'Su expresión gráfica aún no está muy desarrollada.', 'H', 2, 13),
(33, '3', 'Puede escribir su nombre, palabras simples y reconoce las vocales.', 'H', 2, 14),
(34, '21', 'Puede escribir su nombre, palabras simples y reconoce las vocales.', 'H', 2, 14),
(35, '0', 'Necesita ayuda para poder escribir su nombre y empezar a reconocer las letras.', 'H', 2, 14),
(36, '1', 'Reconoce y escribe los números del 1 al 10.', 'H', 2, 15),
(37, '1', 'Y cuenta hasta el 20.', 'H', 2, 16),
(38, '1', 'Puede realizar copias de alguna producción escrita, por ejemplo lo escrito en el pizarrón.', 'H', 2, 17),
(39, '3', 'Puede controlar sus impulsos. Reconoce y expresa sus emociones sanamente y tiene en cuenta los sentimientos de las demás personas.', 'H', 3, 18),
(40, '2', 'Puede reconocer los sentimientos y expresar lo que siente.', 'H', 3, 18),
(41, '10', ' Se observa que necesita desarrollar aún más su  inteligencia emocional.', 'H', 3, 18),
(42, '3', 'Es capaz de demostrar cariño a las personas a través de gestos o palabras. Comparte momentos de juego y diferentes elementos tales como: juguetes, comida o cosas sin dificultad.', 'H', 3, 19),
(43, '21', 'Ha empezado a desarrollar la capacidad de compartir. ', 'H', 3, 19),
(44, '0', 'No suele compartir cosas o momentos de juego con otros niños o niñas.', 'H', 3, 19),
(45, '3', 'Manifiesta una gran dosis de confianza en su persona. Esto es visible cuando elige, toma decisiones y festeja lo que le sale bien.', 'H', 3, 20),
(46, '2', 'Tiene capacidad para reconocer lo que le gusta.', 'H', 3, 20),
(47, '1', 'Cuando tiene deseos de saber algo que le interesa, pregunta al respecto.', 'H', 3, 21),
(48, '0', 'Sus deseos de saber aún no se manifiestan de manera oral.', 'H', 3, 21),
(49, '2', 'Su conducta es buena, respeta las normas de convivencia y comprende y obedece consignas.', 'H', 3, 22),
(50, '1', 'Aún necesita ayuda para procesar consignas y obedecer ordenes. Con ayuda podrá mejorar su conducta.', 'H', 3, 22),
(51, '0', 'Aún necesita ayuda para procesar consignas y obedecer ordenes. Con ayuda podrá mejorar su conducta.', 'H', 3, 22);

-- --------------------------------------------------------

--
-- Estructura de tabla para la tabla `resp_sugerencia`
--

CREATE TABLE IF NOT EXISTS `resp_sugerencia` (
  `resp_id` int(10) NOT NULL AUTO_INCREMENT,
  `resp_valor` varchar(255) NOT NULL,
  `resp_informe` longtext NOT NULL,
  `resp_estado` set('H','DH') NOT NULL DEFAULT 'H',
  `fac_id` int(10) NOT NULL,
  `subFac_id` int(10) NOT NULL,
  PRIMARY KEY (`resp_id`)
) ENGINE=MyISAM  DEFAULT CHARSET=latin1 AUTO_INCREMENT=9 ;

--
-- Volcado de datos para la tabla `resp_sugerencia`
--

INSERT INTO `resp_sugerencia` (`resp_id`, `resp_valor`, `resp_informe`, `resp_estado`, `fac_id`, `subFac_id`) VALUES
(1, '3', 'Sugerencias para estimular aún más las habilidades psicomotrices y la autonomía:\r\n• Cada vez que pueda tomé dos objetos uno en la mano derecha y otro en la izquierda y realice preguntas, por ejemplo ¿cuál de estas dos cosas te gusta más? ¿De qué color es la que tengo en mi mano derecha? ¿Cómo se llama la cosa que tengo en mi mano izquierda? felicite los aciertos y los errores con una sonrisa, por ejemplo diga sonriendo “muy bien…pero no, tenés otra oportunidad”. \r\n• Juegue con las nociones espaciales por ejemplo diga: ahora somos altos (levante sus brazos y camine de puntas de pie) bajo (agáchese y camine) grande (infle sus mejillas y abra los brazos). Puede inventar otras opciones con conceptos como: chico, largo- corto, ancho-estrecho.\r\n• Cuando caminan por la vereda, proponga caminar con pasos largos y cortos. Saltar una baldosa. Caminar lento y rápido. Caminar alejados el uno del otro y después cerca, o adelante o atrás.\r\n• Recorten figuras de diarios o revistas. Muéstrele como utilizar tijeras.\r\n• Saquen y pongan nuevamente los cordones de las zapatillas.\r\n• Jueguen a ver quién se abrocha más rápido los botones de una camisa.\r\n\r\nEjercicios recomendados:  \r\n\r\n\r\nCHISPA-CHISPITA Y CHISPA-CHISPON\r\nParticipantes: dos o más personas (números pares) \r\nAdministración: 10 minutos (aproximadamente) por día durante un mes.\r\nEspacio: preferiblemente, exterior.\r\nMateriales: ninguno\r\nConsigna: constituir dos equipos, que se colocan en fila espalda contra espalda (del equipo contrario), un equipo se llama CHISPA-CHISPITA y el otro CHISPA-CHISPON. Quien dirige el juego grita ¡CHIPA-CHISPITA! Y ese equipo tiene que girar y correr rápidamente para atrapar al equipo contrario; si grita ¡CHISPA-CHISPON!, estos se giran y persiguen al otro equipo.\r\nEstimula: \r\n- Desarrollo psicomotriz: motricidad gruesa\r\n- Desarrollo cognitivo: capacidad de atención y concentración.\r\n- Desarrollo socio – emocional: trabajo en equipo, velocidad de reacción bajo presión\r\n\r\nZIG - ZAG\r\nParticipantes: dos o más personas (número par). \r\nAdministración: 10 minutos (aproximadamente) por día durante un mes.\r\nEspacio: preferiblemente, exterior.\r\nMateriales: dos pelotas de goma espuma de distinto color, para simbolizar los equipos.\r\nConsigna: formando dos filas enfrentadas y con dos pelotas (una de cada color), se comienzan a pasar al compañero que está enfrente del que está al lado tuyo, formando así una cadena en zig ? zag. Hay que lograr que la pelota no caiga al suelo, si cae se vuelve a empezar desde el principio. La pelota que llegue antes al extremo de la fila es la pelota del grupo ganador.\r\nEstimula: \r\n- Desarrollo psicomotriz: motricidad gruesa, reflejos y coordinación óculo?manual.\r\n- Desarrollo cognitivo: capacidad de atención y observación.\r\n- Desarrollo socio – emocional: velocidad de reacción bajo presión y/o excitación.', 'H', 1, 1),
(2, '2', 'Sugerencias para estimular aún más las habilidades psicomotrices y la autonomía:\r\n• Cada vez que pueda tomé dos objetos uno en la mano derecha y otro en la izquierda y realice preguntas, por ejemplo ¿cuál de estas dos cosas te gusta más? ¿De qué color es la que tengo en mi mano derecha? ¿Cómo se llama la cosa que tengo en mi mano izquierda? felicite los aciertos y los errores con una sonrisa, por ejemplo diga sonriendo “muy bien…pero no, tenés otra oportunidad”. \r\n• Juegue con las nociones espaciales por ejemplo diga: ahora somos altos (levante sus brazos y camine de puntas de pie) bajo (agáchese y camine) grande (infle sus mejillas y abra los brazos). Puede inventar otras opciones con conceptos como: chico, largo- corto, ancho-estrecho.\r\n• Cuando caminan por la vereda, proponga caminar con pasos largos y cortos. Saltar una baldosa. Caminar lento y rápido. Caminar alejados el uno del otro y después cerca, o adelante o atrás.\r\n• Recorten figuras de diarios o revistas. Muéstrele como utilizar tijeras.\r\n• Saquen y pongan nuevamente los cordones de las zapatillas.\r\n• Jueguen a ver quién se abrocha más rápido los botones de una camisa.\r\n\r\nEjercicios recomendados:  \r\n\r\nCARRERA SALTA - SALTARINA\r\nParticipantes: dos o más personas. \r\nAdministración: 10 minutos (aproximadamente) por día durante un mes.\r\nEspacio: preferiblemente, exterior.\r\nMateriales: se crea una pista de carrera, marcando en el piso la línea de salida y a dos metros de distancia, la línea de llegada.\r\nConsigna: a la cuenta de tres los participantes recorren la pista saltando en un solo pie, hasta la línea de llegada\r\nEstimula: \r\n- Desarrollo psicomotriz: motricidad gruesa y equilibrio\r\n- Desarrollo cognitivo: capacidad de concentración\r\n- Desarrollo socio – emocional: velocidad de reacción bajo presión y/o excitación.\r\n\r\nZIG - ZAG\r\nParticipantes: dos o más personas (número par). \r\nAdministración: 10 minutos (aproximadamente) por día durante un mes.\r\nEspacio: preferiblemente, exterior.\r\nMateriales: dos pelotas de goma espuma de distinto color, para simbolizar los equipos.\r\nConsigna: formando dos filas enfrentadas y con dos pelotas (una de cada color), se comienzan a pasar al compañero que está enfrente del que está al lado tuyo, formando así una cadena en zig ? zag. Hay que lograr que la pelota no caiga al suelo, si cae se vuelve a empezar desde el principio. La pelota que llegue antes al extremo de la fila es la pelota del grupo ganador.\r\nEstimula: \r\n- Desarrollo psicomotriz: motricidad gruesa, reflejos y coordinación óculo?manual.\r\n- Desarrollo cognitivo: capacidad de atención y observación.\r\n- Desarrollo socio – emocional: velocidad de reacción bajo presión y/o excitación.', 'H', 1, 1),
(3, '10', 'Sugerencias para estimular aún más las habilidades psicomotrices y la autonomía:\r\n• Cada vez que pueda tomé dos objetos uno en la mano derecha y otro en la izquierda y realice preguntas, por ejemplo ¿cuál de estas dos cosas te gusta más? ¿De qué color es la que tengo en mi mano derecha? ¿Cómo se llama la cosa que tengo en mi mano izquierda? felicite los aciertos y los errores con una sonrisa, por ejemplo diga sonriendo “muy bien…pero no, tenés otra oportunidad”. \r\n• Juegue con las nociones espaciales por ejemplo diga: ahora somos altos (levante sus brazos y camine de puntas de pie) bajo (agáchese y camine) grande (infle sus mejillas y abra los brazos). Puede inventar otras opciones con conceptos como: chico, largo- corto, ancho-estrecho.\r\n• Cuando caminan por la vereda, proponga caminar con pasos largos y cortos. Saltar una baldosa. Caminar lento y rápido. Caminar alejados el uno del otro y después cerca, o adelante o atrás.\r\n• Recorten figuras de diarios o revistas. Muéstrele como utilizar tijeras.\r\n• Saquen y pongan nuevamente los cordones de las zapatillas.\r\n• Jueguen a ver quién se abrocha más rápido los botones de una camisa.\r\n\r\nEjercicios recomendados:  \r\n\r\nCARRERA SALTA - SALTARINA\r\nParticipantes: dos o más personas. \r\nAdministración: 10 minutos (aproximadamente) por día durante un mes.\r\nEspacio: preferiblemente, exterior.\r\nMateriales: se crea una pista de carrera, marcando en el piso la línea de salida y a dos metros de distancia, la línea de llegada.\r\nConsigna: a la cuenta de tres los participantes recorren la pista saltando en un solo pie, hasta la línea de llegada\r\nEstimula: \r\n- Desarrollo psicomotriz: motricidad gruesa y equilibrio\r\n- Desarrollo cognitivo: capacidad de concentración\r\n- Desarrollo socio – emocional: velocidad de reacción bajo presión y/o excitación.\r\n\r\nCHISPA-CHISPITA Y CHISPA-CHISPON\r\nParticipantes: dos o más personas (números pares) \r\nAdministración: 10 minutos (aproximadamente) por día durante un mes.\r\nEspacio: preferiblemente, exterior.\r\nMateriales: ninguno\r\nConsigna: constituir dos equipos, que se colocan en fila espalda contra espalda (del equipo contrario), un equipo se llama CHISPA-CHISPITA y el otro CHISPA-CHISPON. Quien dirige el juego grita ¡CHIPA-CHISPITA! Y ese equipo tiene que girar y correr rápidamente para atrapar al equipo contrario; si grita ¡CHISPA-CHISPON!, estos se giran y persiguen al otro equipo.\r\nEstimula: \r\n- Desarrollo psicomotriz: motricidad gruesa\r\n- Desarrollo cognitivo: capacidad de atención y concentración.\r\n- Desarrollo socio – emocional: trabajo en equipo, velocidad de reacción bajo presión\r\n\r\nZIG - ZAG\r\nParticipantes: dos o más personas (número par). \r\nAdministración: 10 minutos (aproximadamente) por día durante un mes.\r\nEspacio: preferiblemente, exterior.\r\nMateriales: dos pelotas de goma espuma de distinto color, para simbolizar los equipos.\r\nConsigna: formando dos filas enfrentadas y con dos pelotas (una de cada color), se comienzan a pasar al compañero que está enfrente del que está al lado tuyo, formando así una cadena en zig ? zag. Hay que lograr que la pelota no caiga al suelo, si cae se vuelve a empezar desde el principio. La pelota que llegue antes al extremo de la fila es la pelota del grupo ganador.\r\nEstimula: \r\n- Desarrollo psicomotriz: motricidad gruesa, reflejos y coordinación óculo?manual.\r\n- Desarrollo cognitivo: capacidad de atención y observación.\r\n- Desarrollo socio – emocional: velocidad de reacción bajo presión y/o excitación.', 'H', 1, 1),
(4, '2', 'Sugerencias para estimular aún más las habilidades cognitivas:\r\n• Pídale que cuente que hizo durante el día, para ayudar en el orden cronológico, se pueden tomar de referencia las cuatro comidas, por ejemplo: ¿Qué hiciste después de desayunar? ¿después de almorzar? ¿después de merendar? ¿después de cenar?\r\n• Felicite su buena memoria cada vez que menciona algo que paso en días anteriores.\r\n• Solicite que ayude en la organización de su propia ropa, contando cuantas prendas tiene de cada una y de que color. \r\n• Utilice frases y preguntas chistosas y/o ridículas, mientras hacen tareas en el hogar. Por ejemplo: ¿qué me pongo primero las medias o los zapatos?, “quién se pone los zapatos se gana un garabato”.\r\n• Proponga pequeñas carreras dentro de la casa, y sugiera una actividad cotidiana como premio, por ejemplo: “quién llega primero al baño: se lava los dientes”.\r\n\r\nEjercicios recomendados:  \r\n\r\nCOMANDO ESCUCHA\r\nParticipantes: dos o más personas. \r\nAdministración: 10 minutos (aproximadamente) por día durante un mes.\r\nEspacio: interior o exterior.\r\nMateriales: lápiz y papel para cada participante\r\nConsigna: el participante comando canta: “hay que escuchar para ganar…hay que escuchar para ganar” señalando con una mano su propia oreja. Y da una instrucción a otro participante, por ejemplo: “sentarse”. Si la cumple, todos los participantes aplauden. Se vuelve a cantar y se da 2 consignas por ejemplo: agarra el lápiz y escribí algo en la hoja. Y nuevamente se canta, se agregando más cantidad de instrucciones.\r\nEstimula: \r\n- Desarrollo psicomotriz: motricidad gruesa, motricidad fina.\r\n- Desarrollo cognitivo: la capacidad de atención, concentración, memoria, lenguaje.\r\n- Desarrollo socio – emocional: recuperación de información de manera rápida y bajo presión.', 'H', 2, 4),
(5, '10', 'Sugerencias para estimular aún más las habilidades cognitivas:\r\n• Pídale que cuente que hizo durante el día, para ayudar en el orden cronológico, se pueden tomar de referencia las cuatro comidas, por ejemplo: ¿Qué hiciste después de desayunar? ¿después de almorzar? ¿después de merendar? ¿después de cenar?\r\n• Felicite su buena memoria cada vez que menciona algo que paso en días anteriores.\r\n• Solicite que ayude en la organización de su propia ropa, contando cuantas prendas tiene de cada una y de que color. \r\n• Utilice frases y preguntas chistosas y/o ridículas, mientras hacen tareas en el hogar. Por ejemplo: ¿qué me pongo primero las medias o los zapatos?, “quién se pone los zapatos se gana un garabato”.\r\n• Inventen cada día una pequeña canción relacionada con lo que están haciendo y canten juntos, por ejemplo: “comemos mandarina en nuestra cocina… comemos mandarina en nuestra cocina, la, la, ra, la, la, ra…”\r\n• Proponga pequeñas carreras dentro de la casa, y sugiera una actividad cotidiana como premio, por ejemplo: “quién llega primero al baño: se lava los dientes”.\r\n• Para estimular su memoria sería muy bueno, mostrarle gráficos o imágenes a colores en sus clases o tareas y preguntarle que recuerda.\r\n• Juegue a diferenciar ruidos, palabras, sílabas.\r\n• Bríndele material didáctico que puedan manipular.\r\n• Podrá sostener mejor su atención y terminar sus tareas más rápido, si se divide las tareas en sub-tareas.\r\n\r\nEjercicios recomendados:  \r\n\r\nCOMANDO ESCUCHA\r\nParticipantes: dos o más personas. \r\nAdministración: 10 minutos (aproximadamente) por día durante un mes.\r\nEspacio: interior o exterior.\r\nMateriales: lápiz y papel para cada participante\r\nConsigna: el participante comando canta: “hay que escuchar para ganar…hay que escuchar para ganar” señalando con una mano su propia oreja. Y da una instrucción a otro participante, por ejemplo: “sentarse”. Si la cumple, todos los participantes aplauden. Se vuelve a cantar y se da 2 consignas por ejemplo: agarra el lápiz y escribí algo en la hoja. Y nuevamente se canta, se agregando más cantidad de instrucciones.\r\nEstimula: \r\n- Desarrollo psicomotriz: motricidad gruesa, motricidad fina.\r\n- Desarrollo cognitivo: la capacidad de atención, concentración, memoria, lenguaje.\r\n- Desarrollo socio – emocional: recuperación de información de manera rápida y bajo presión.', 'H', 2, 4),
(6, '3', 'Sugerencias para estimular aún más las habilidades socio-emocionales:\r\n• Piense en tres características positivas de su personalidad y dígaselas. \r\n• Felicite su accionar, cuando haga algo bueno esta semana.\r\n• En el momento de hacer tareas, aliente el progreso con frases positivas, tales como: vos podés - dale que lo lográs - sigamos practicando que ganamos -  cada vez lo haces mejor.\r\n\r\nEjercicios recomendados:  \r\n\r\nEMOCIONES A LA CARTA\r\nParticipantes: dos o más personas. \r\nAdministración: 10 minutos (aproximadamente) por día durante un mes.\r\nEspacio: exterior o interior con una mesa o lugar de apoyo.\r\nMateriales: papel o cartulina\r\nConsigna: el adulto supervisa al niño/a mientras recorta 4 tarjetas de papel. Se dibuja una carita en cada tarjeta con diferentes expresiones: feliz, enojada, triste, triste con lágrimas.\r\nSe colocan las tarjetas en la mesa con los dibujos hacia abajo, se mezclan y cada participante en su turno elige una, tiene que decir cómo está la carita e inventar un motivo por ejemplo: “esta carita está enojada porque no quiere dormir”, “esta carita está triste porque se golpeó la mano”, etc. Se requiere atención porque no se pueden repetir las historias, si se repite alguna se vuelve a empezar. El adulto puede guiar a los niños cuando notan confusión en las emociones.\r\nEstimula: \r\n- Desarrollo psicomotriz: motricidad fina.\r\n- Desarrollo cognitivo: capacidad de atención, concentración, lenguaje, creatividad, memoria visual, memoria auditiva.\r\n- Desarrollo socio – emocional: inteligencia emocional.', 'H', 3, 18),
(7, '2', 'Sugerencias para estimular aún más las habilidades socio-emocionales:\r\n• Piense en tres características positivas de su personalidad y dígaselas. \r\n• Felicite su accionar, cuando haga algo bueno esta semana.\r\n• En el momento de hacer tareas, aliente el progreso con frases positivas, tales como: vos podés - dale que lo lográs - sigamos practicando que ganamos -  cada vez lo haces mejor.\r\n\r\nEjercicios recomendados:  \r\n\r\nEMOCIONES A LA CARTA\r\nParticipantes: dos o más personas. \r\nAdministración: 10 minutos (aproximadamente) por día durante un mes.\r\nEspacio: exterior o interior con una mesa o lugar de apoyo.\r\nMateriales: papel o cartulina\r\nConsigna: el adulto supervisa al niño/a mientras recorta 4 tarjetas de papel. Se dibuja una carita en cada tarjeta con diferentes expresiones: feliz, enojada, triste, triste con lágrimas.\r\nSe colocan las tarjetas en la mesa con los dibujos hacia abajo, se mezclan y cada participante en su turno elige una, tiene que decir cómo está la carita e inventar un motivo por ejemplo: “esta carita está enojada porque no quiere dormir”, “esta carita está triste porque se golpeó la mano”, etc. Se requiere atención porque no se pueden repetir las historias, si se repite alguna se vuelve a empezar. El adulto puede guiar a los niños cuando notan confusión en las emociones.\r\nEstimula: \r\n- Desarrollo psicomotriz: motricidad fina.\r\n- Desarrollo cognitivo: capacidad de atención, concentración, lenguaje, creatividad, memoria visual, memoria auditiva.\r\n- Desarrollo socio – emocional: inteligencia emocional.', 'H', 3, 18),
(8, '10', 'Sugerencias para estimular aún más las habilidades socio-emocionales:\r\n• Piense en tres características positivas de su personalidad y dígaselas. \r\n• Felicite su accionar, cuando haga algo bueno esta semana.\r\n• En el momento de hacer tareas, aliente el progreso con frases positivas, tales como: vos podés - dale que lo lográs - sigamos practicando que ganamos -  cada vez lo haces mejor.\r\n\r\nEjercicios recomendados:  \r\n\r\nEMOCIONES A LA CARTA\r\nParticipantes: dos o más personas. \r\nAdministración: 10 minutos (aproximadamente) por día durante un mes.\r\nEspacio: exterior o interior con una mesa o lugar de apoyo.\r\nMateriales: papel o cartulina\r\nConsigna: el adulto supervisa al niño/a mientras recorta 4 tarjetas de papel. Se dibuja una carita en cada tarjeta con diferentes expresiones: feliz, enojada, triste, triste con lágrimas.\r\nSe colocan las tarjetas en la mesa con los dibujos hacia abajo, se mezclan y cada participante en su turno elige una, tiene que decir cómo está la carita e inventar un motivo por ejemplo: “esta carita está enojada porque no quiere dormir”, “esta carita está triste porque se golpeó la mano”, etc. Se requiere atención porque no se pueden repetir las historias, si se repite alguna se vuelve a empezar. El adulto puede guiar a los niños cuando notan confusión en las emociones.\r\nEstimula: \r\n- Desarrollo psicomotriz: motricidad fina.\r\n- Desarrollo cognitivo: capacidad de atención, concentración, lenguaje, creatividad, memoria visual, memoria auditiva.\r\n- Desarrollo socio – emocional: inteligencia emocional.', 'H', 3, 18);

-- --------------------------------------------------------

--
-- Estructura de tabla para la tabla `subfactor`
--

CREATE TABLE IF NOT EXISTS `subfactor` (
  `subFac_id` int(10) NOT NULL AUTO_INCREMENT,
  `fac_id` int(10) NOT NULL,
  `subFac_nombre` varchar(60) NOT NULL,
  `subFac_descrip` varchar(255) NOT NULL,
  `subFac_estado` set('H','DH') NOT NULL DEFAULT 'H',
  PRIMARY KEY (`subFac_id`)
) ENGINE=MyISAM  DEFAULT CHARSET=latin1 AUTO_INCREMENT=23 ;

--
-- Volcado de datos para la tabla `subfactor`
--

INSERT INTO `subfactor` (`subFac_id`, `fac_id`, `subFac_nombre`, `subFac_descrip`, `subFac_estado`) VALUES
(1, 1, 'motricidad gruesa', '', 'H'),
(2, 1, 'motricidad fina', '', 'H'),
(3, 1, 'autonomía', '', 'H'),
(4, 2, 'memoria visual', '', 'H'),
(5, 2, 'memoria auditiva', '', 'H'),
(6, 2, 'memoria kinestesica', '', 'H'),
(7, 2, 'atención', '', 'H'),
(8, 2, 'lenguaje', '', 'H'),
(9, 2, 'nocion de tiempo', '', 'H'),
(10, 2, 'nocion de espacio', '', 'H'),
(11, 2, 'noción de cantidad', '', 'H'),
(12, 2, 'noción de igual o diferente', '', 'H'),
(13, 2, 'dibujo', '', 'H'),
(14, 2, 'escritura', '', 'H'),
(15, 2, 'matemáticas 10', '', 'H'),
(16, 2, 'matemáticas 20', '', 'H'),
(17, 2, 'vista', '', 'H'),
(18, 3, 'inteligencia emocional', '', 'H'),
(19, 3, 'socialización', '', 'H'),
(20, 3, 'autoestima', '', 'H'),
(21, 3, 'curiosidad', '', 'H'),
(22, 3, 'conducta', '', 'H');

-- --------------------------------------------------------

--
-- Estructura de tabla para la tabla `talumno`
--

CREATE TABLE IF NOT EXISTS `talumno` (
  `idalumno` int(11) NOT NULL AUTO_INCREMENT,
  `idpersona` int(11) NOT NULL,
  `idescuela` int(11) NOT NULL,
  `idescuelagrado` int(11) NOT NULL,
  `boalumestado` tinyint(1) NOT NULL,
  PRIMARY KEY (`idalumno`)
) ENGINE=InnoDB  DEFAULT CHARSET=utf8 AUTO_INCREMENT=24 ;

--
-- Volcado de datos para la tabla `talumno`
--

INSERT INTO `talumno` (`idalumno`, `idpersona`, `idescuela`, `idescuelagrado`, `boalumestado`) VALUES
(9, 25, 1, 6, 1),
(10, 27, 1, 5, 1),
(11, 28, 2, 8, 1),
(12, 30, 5, 2, 1),
(13, 32, 3, 2, 1),
(14, 34, 7, 2, 1),
(15, 36, 6, 2, 1),
(16, 38, 8, 1, 1),
(17, 40, 4, 1, 1),
(18, 41, 10, 3, 1),
(19, 42, 9, 4, 1),
(20, 43, 4, 8, 1),
(21, 44, 11, 3, 1),
(22, 46, 12, 3, 1),
(23, 47, 13, 8, 1);

-- --------------------------------------------------------

--
-- Estructura de tabla para la tabla `talumparent`
--

CREATE TABLE IF NOT EXISTS `talumparent` (
  `idalumparent` int(11) NOT NULL AUTO_INCREMENT,
  `idpersona1` int(11) NOT NULL,
  `idpersona2` int(11) NOT NULL,
  `idparentesco` int(11) NOT NULL,
  PRIMARY KEY (`idalumparent`)
) ENGINE=InnoDB DEFAULT CHARSET=utf8 AUTO_INCREMENT=1 ;

-- --------------------------------------------------------

--
-- Estructura de tabla para la tabla `tdocente`
--

CREATE TABLE IF NOT EXISTS `tdocente` (
  `iddocente` int(11) NOT NULL AUTO_INCREMENT,
  `idpersona` int(11) NOT NULL,
  `bodocestado` tinyint(1) NOT NULL,
  PRIMARY KEY (`iddocente`)
) ENGINE=InnoDB  DEFAULT CHARSET=utf8 AUTO_INCREMENT=2 ;

--
-- Volcado de datos para la tabla `tdocente`
--

INSERT INTO `tdocente` (`iddocente`, `idpersona`, `bodocestado`) VALUES
(1, 1, 1);

-- --------------------------------------------------------

--
-- Estructura de tabla para la tabla `tdocesc`
--

CREATE TABLE IF NOT EXISTS `tdocesc` (
  `iddocesc` int(11) NOT NULL AUTO_INCREMENT,
  `iddocente` int(11) NOT NULL,
  `idescuela` int(11) NOT NULL,
  PRIMARY KEY (`iddocesc`)
) ENGINE=InnoDB  DEFAULT CHARSET=utf8 AUTO_INCREMENT=35 ;

--
-- Volcado de datos para la tabla `tdocesc`
--

INSERT INTO `tdocesc` (`iddocesc`, `iddocente`, `idescuela`) VALUES
(29, 1, 2),
(34, 1, 3);

-- --------------------------------------------------------

--
-- Estructura de tabla para la tabla `tencuesta`
--

CREATE TABLE IF NOT EXISTS `tencuesta` (
  `idencuesta` int(11) NOT NULL AUTO_INCREMENT,
  `vcencnombre` varchar(250) NOT NULL,
  `vcencdescrip` varchar(500) DEFAULT NULL,
  `dtencfecha` date DEFAULT NULL,
  `vcencestado` tinyint(1) NOT NULL,
  PRIMARY KEY (`idencuesta`)
) ENGINE=InnoDB  DEFAULT CHARSET=utf8 AUTO_INCREMENT=2 ;

--
-- Volcado de datos para la tabla `tencuesta`
--

INSERT INTO `tencuesta` (`idencuesta`, `vcencnombre`, `vcencdescrip`, `dtencfecha`, `vcencestado`) VALUES
(1, 'PRIMERA ENCUESTA', 'Esta es la primera encuesta, parte de una prueba piloto.-', '2015-10-20', 1);

-- --------------------------------------------------------

--
-- Estructura de tabla para la tabla `tescenc`
--

CREATE TABLE IF NOT EXISTS `tescenc` (
  `idescenc` int(11) NOT NULL AUTO_INCREMENT,
  `inescenccupototal` int(11) DEFAULT NULL,
  `inescenccupousando` int(11) DEFAULT NULL,
  `inescenccupousado` int(11) DEFAULT NULL,
  `idencuesta` int(11) NOT NULL,
  `idescuela` int(11) NOT NULL,
  PRIMARY KEY (`idescenc`)
) ENGINE=InnoDB  DEFAULT CHARSET=utf8 AUTO_INCREMENT=4 ;

--
-- Volcado de datos para la tabla `tescenc`
--

INSERT INTO `tescenc` (`idescenc`, `inescenccupototal`, `inescenccupousando`, `inescenccupousado`, `idencuesta`, `idescuela`) VALUES
(1, 1000, 0, 0, 1, 1),
(2, 1000, 0, 0, 1, 2),
(3, 1000, 0, 0, 1, 3);

-- --------------------------------------------------------

--
-- Estructura de tabla para la tabla `tescuela`
--

CREATE TABLE IF NOT EXISTS `tescuela` (
  `idescuela` int(11) NOT NULL AUTO_INCREMENT,
  `vcescnombre` varchar(150) NOT NULL,
  `vcescnro` varchar(100) NOT NULL,
  `vcescdirec` varchar(150) DEFAULT NULL,
  `vcesctel` varchar(150) DEFAULT NULL,
  `vcesccel` varchar(100) DEFAULT NULL,
  `vcescemail` varchar(100) DEFAULT NULL,
  `boescestado` tinyint(1) NOT NULL,
  PRIMARY KEY (`idescuela`)
) ENGINE=InnoDB  DEFAULT CHARSET=utf8 AUTO_INCREMENT=14 ;

--
-- Volcado de datos para la tabla `tescuela`
--

INSERT INTO `tescuela` (`idescuela`, `vcescnombre`, `vcescnro`, `vcescdirec`, `vcesctel`, `vcesccel`, `vcescemail`, `boescestado`) VALUES
(1, 'Mariquita Sanchez de Thopsom', '5500', NULL, NULL, NULL, NULL, 1),
(2, 'Escuela de Comercio', '5024', NULL, NULL, NULL, NULL, 1),
(3, 'Sargento Cabral', '5024', NULL, NULL, NULL, NULL, 1),
(4, 'C.A.P.I. MENTES MEJORANDO (CENTRO AUTOSUSTENTABLE DE POTENCIAMIENTO INFANTIL)', '1 "GABRIELA AQUIM"', 'Pje. Jose Maria Tood 537', NULL, NULL, NULL, 1),
(5, 'Nicolaz Avellaneda', 'no sabe', 'B° Universitario', NULL, NULL, NULL, 1),
(6, 'SAN CARLOS BORROMEO', 'SIN NUMERO', NULL, NULL, NULL, NULL, 0),
(7, 'SAN CARLOS BORROMEO', 'SIN NUMERO', NULL, NULL, NULL, NULL, 1),
(8, 'MADRE TERESA DE CARCUTA', 'SIN NUMERO', NULL, NULL, NULL, NULL, 1),
(9, 'GENERAL MANUEL BELGRANO EX NORMAL', '4703', 'MITRE 767', '', '', '', 0),
(10, 'BETANIA DEL SAGRADO CORAZÓN', '-', 'Gral. Francisco Ortiz de Ocampo', '', '', '', 0),
(11, 'JUSTO JOSE DE URQUIZA', 'EX NRO 45', 'ZUVIRIA 290', '', '', '', 0),
(12, 'SAN CARLOS DE BORROMEO', '4732', 'MZA. 51 CALLE VIRACOCHA', '', '', '', 0),
(13, 'RIVADAVIA', 'pendiente', 'pendiente', '', '', '', 0);

-- --------------------------------------------------------

--
-- Estructura de tabla para la tabla `tescuelagrado`
--

CREATE TABLE IF NOT EXISTS `tescuelagrado` (
  `idescuelagrado` int(11) NOT NULL AUTO_INCREMENT,
  `vcescgradnombre` varchar(150) NOT NULL,
  `boescgradestado` tinyint(1) NOT NULL,
  PRIMARY KEY (`idescuelagrado`)
) ENGINE=InnoDB  DEFAULT CHARSET=utf8 AUTO_INCREMENT=9 ;

--
-- Volcado de datos para la tabla `tescuelagrado`
--

INSERT INTO `tescuelagrado` (`idescuelagrado`, `vcescgradnombre`, `boescgradestado`) VALUES
(1, 'Jardin', 1),
(2, 'Primero', 1),
(3, 'Segundo', 1),
(4, 'Tercero', 1),
(5, 'Cuarto', 1),
(6, 'Quinto', 1),
(7, 'Sexto', 1),
(8, 'Salita de 4', 1);

-- --------------------------------------------------------

--
-- Estructura de tabla para la tabla `tfactor`
--

CREATE TABLE IF NOT EXISTS `tfactor` (
  `idfactor` int(11) NOT NULL AUTO_INCREMENT,
  `vcfactnombre` varchar(200) NOT NULL,
  `vcfactdescrip` varchar(500) DEFAULT NULL,
  `vcfactestado` tinyint(1) NOT NULL,
  `idencuesta` int(11) NOT NULL,
  PRIMARY KEY (`idfactor`)
) ENGINE=InnoDB  DEFAULT CHARSET=utf8 AUTO_INCREMENT=4 ;

--
-- Volcado de datos para la tabla `tfactor`
--

INSERT INTO `tfactor` (`idfactor`, `vcfactnombre`, `vcfactdescrip`, `vcfactestado`, `idencuesta`) VALUES
(1, 'DESARROLLO PSICOMOTOR Y AUTONOMIA', NULL, 1, 1),
(2, 'DESARROLLO COGNITIVO', NULL, 1, 1),
(3, 'DESARROLLO SOCIO-EMOCIONAL', NULL, 1, 1);

-- --------------------------------------------------------

--
-- Estructura de tabla para la tabla `tinfest`
--

CREATE TABLE IF NOT EXISTS `tinfest` (
  `idinfest` int(11) NOT NULL AUTO_INCREMENT,
  `vcinfestnombre` varchar(150) NOT NULL,
  `boinfestestado` tinyint(1) NOT NULL,
  PRIMARY KEY (`idinfest`)
) ENGINE=InnoDB  DEFAULT CHARSET=utf8 AUTO_INCREMENT=3 ;

--
-- Volcado de datos para la tabla `tinfest`
--

INSERT INTO `tinfest` (`idinfest`, `vcinfestnombre`, `boinfestestado`) VALUES
(1, 'incompleto', 1),
(2, 'completo', 1);

-- --------------------------------------------------------

--
-- Estructura de tabla para la tabla `tinffacindice`
--

CREATE TABLE IF NOT EXISTS `tinffacindice` (
  `idinffacindice` int(11) NOT NULL AUTO_INCREMENT,
  `idinforme` int(11) NOT NULL,
  `idfactor` int(11) NOT NULL,
  `ininffacvalor` decimal(10,0) NOT NULL,
  `dtinffacindicefecha` date NOT NULL,
  PRIMARY KEY (`idinffacindice`)
) ENGINE=InnoDB  DEFAULT CHARSET=utf8 AUTO_INCREMENT=316 ;

--
-- Volcado de datos para la tabla `tinffacindice`
--

INSERT INTO `tinffacindice` (`idinffacindice`, `idinforme`, `idfactor`, `ininffacvalor`, `dtinffacindicefecha`) VALUES
(1, 119, 1, '30', '2015-06-01'),
(2, 119, 2, '45', '2015-06-01'),
(3, 119, 3, '55', '2015-06-01'),
(4, 120, 1, '10', '2015-07-01'),
(5, 120, 2, '20', '2015-07-01'),
(6, 120, 3, '30', '2015-07-01'),
(7, 121, 1, '67', '2015-08-01'),
(8, 121, 2, '77', '2015-08-01'),
(9, 121, 3, '87', '2015-08-01'),
(10, 122, 1, '33', '2015-09-01'),
(11, 122, 2, '43', '2015-09-01'),
(12, 122, 3, '53', '2015-09-01'),
(16, 123, 1, '17', '2015-10-01'),
(17, 123, 2, '0', '2015-10-01'),
(18, 123, 3, '0', '2015-10-01'),
(28, 124, 1, '89', '2015-12-14'),
(29, 124, 2, '100', '2015-12-14'),
(30, 124, 3, '100', '2015-12-14'),
(31, 126, 1, '33', '2016-01-14'),
(32, 126, 2, '0', '2016-01-14'),
(33, 126, 3, '0', '2016-01-14'),
(40, 127, 1, '11', '2016-01-14'),
(41, 127, 2, '0', '2016-01-14'),
(42, 127, 3, '0', '2016-01-14'),
(142, 128, 1, '33', '2016-01-14'),
(143, 128, 2, '0', '2016-01-14'),
(144, 128, 3, '0', '2016-01-14'),
(148, 129, 1, '11', '2016-01-15'),
(149, 129, 2, '0', '2016-01-15'),
(150, 129, 3, '0', '2016-01-15'),
(151, 130, 1, '11', '2016-01-15'),
(152, 130, 2, '0', '2016-01-15'),
(153, 130, 3, '0', '2016-01-15'),
(154, 131, 1, '11', '2016-01-15'),
(155, 131, 2, '0', '2016-01-15'),
(156, 131, 3, '0', '2016-01-15'),
(160, 132, 1, '11', '2016-01-15'),
(161, 132, 2, '0', '2016-01-15'),
(162, 132, 3, '0', '2016-01-15'),
(163, 133, 1, '11', '2016-01-15'),
(164, 133, 2, '0', '2016-01-15'),
(165, 133, 3, '0', '2016-01-15'),
(166, 134, 1, '11', '2016-01-15'),
(167, 134, 2, '0', '2016-01-15'),
(168, 134, 3, '0', '2016-01-15'),
(169, 135, 1, '11', '2016-01-15'),
(170, 135, 2, '0', '2016-01-15'),
(171, 135, 3, '0', '2016-01-15'),
(172, 136, 1, '11', '2016-01-15'),
(173, 136, 2, '0', '2016-01-15'),
(174, 136, 3, '0', '2016-01-15'),
(178, 137, 1, '11', '2016-01-15'),
(179, 137, 2, '0', '2016-01-15'),
(180, 137, 3, '0', '2016-01-15'),
(181, 0, 1, '11', '2016-01-15'),
(182, 0, 2, '0', '2016-01-15'),
(183, 0, 3, '0', '2016-01-15'),
(184, 138, 1, '11', '2016-01-15'),
(185, 138, 2, '0', '2016-01-15'),
(186, 138, 3, '0', '2016-01-15'),
(187, 139, 1, '11', '2016-01-15'),
(188, 139, 2, '0', '2016-01-15'),
(189, 139, 3, '0', '2016-01-15'),
(190, 140, 1, '11', '2016-01-15'),
(191, 140, 2, '0', '2016-01-15'),
(192, 140, 3, '0', '2016-01-15'),
(193, 141, 1, '11', '2016-01-15'),
(194, 141, 2, '0', '2016-01-15'),
(195, 141, 3, '0', '2016-01-15'),
(196, 142, 1, '11', '2016-01-15'),
(197, 142, 2, '0', '2016-01-15'),
(198, 142, 3, '0', '2016-01-15'),
(199, 143, 1, '11', '2016-01-15'),
(200, 143, 2, '0', '2016-01-15'),
(201, 143, 3, '0', '2016-01-15'),
(202, 144, 1, '11', '2016-01-15'),
(203, 144, 2, '0', '2016-01-15'),
(204, 144, 3, '0', '2016-01-15'),
(205, 145, 1, '33', '2016-01-17'),
(206, 145, 2, '0', '2016-01-17'),
(207, 145, 3, '0', '2016-01-17'),
(208, 146, 1, '22', '2016-01-17'),
(209, 146, 2, '0', '2016-01-17'),
(210, 146, 3, '0', '2016-01-17'),
(211, 147, 1, '33', '2016-01-17'),
(212, 147, 2, '0', '2016-01-17'),
(213, 147, 3, '0', '2016-01-17'),
(214, 148, 1, '33', '2016-01-17'),
(215, 148, 2, '0', '2016-01-17'),
(216, 148, 3, '0', '2016-01-17'),
(217, 149, 1, '56', '2016-01-17'),
(218, 149, 2, '71', '2016-01-17'),
(219, 149, 3, '69', '2016-01-17'),
(220, 150, 1, '56', '2016-03-16'),
(221, 150, 2, '64', '2016-03-16'),
(222, 150, 3, '77', '2016-03-16'),
(223, 151, 1, '39', '2016-03-16'),
(224, 151, 2, '0', '2016-03-16'),
(225, 151, 3, '0', '2016-03-16'),
(238, 153, 1, '44', '2016-03-26'),
(239, 153, 2, '0', '2016-03-26'),
(240, 153, 3, '0', '2016-03-26'),
(241, 154, 1, '44', '2016-03-26'),
(242, 154, 2, '54', '2016-03-26'),
(243, 154, 3, '54', '2016-03-26'),
(244, 155, 1, '44', '2016-03-26'),
(245, 155, 2, '46', '2016-03-26'),
(246, 155, 3, '42', '2016-03-26'),
(247, 156, 1, '61', '2016-03-26'),
(248, 156, 2, '75', '2016-03-26'),
(249, 156, 3, '58', '2016-03-26'),
(250, 157, 1, '72', '2016-03-26'),
(251, 157, 2, '77', '2016-03-26'),
(252, 157, 3, '81', '2016-03-26'),
(256, 159, 1, '50', '2016-03-27'),
(257, 159, 2, '55', '2016-03-27'),
(258, 159, 3, '73', '2016-03-27'),
(259, 160, 1, '39', '2016-03-27'),
(260, 160, 2, '41', '2016-03-27'),
(261, 160, 3, '65', '2016-03-27'),
(265, 161, 1, '78', '2016-04-08'),
(266, 161, 2, '70', '2016-04-08'),
(267, 161, 3, '27', '2016-04-08'),
(268, 163, 1, '72', '2016-04-08'),
(269, 163, 2, '14', '2016-04-08'),
(270, 163, 3, '0', '2016-04-08'),
(271, 164, 1, '17', '2016-04-08'),
(272, 164, 2, '4', '2016-04-08'),
(273, 164, 3, '0', '2016-04-08'),
(274, 165, 1, '17', '2016-04-08'),
(275, 165, 2, '5', '2016-04-08'),
(276, 165, 3, '0', '2016-04-08'),
(277, 166, 1, '44', '2016-04-08'),
(278, 166, 2, '48', '2016-04-08'),
(279, 166, 3, '31', '2016-04-08'),
(280, 167, 1, '56', '2016-04-08'),
(281, 167, 2, '11', '2016-04-08'),
(282, 167, 3, '0', '2016-04-08'),
(283, 168, 1, '72', '2016-04-08'),
(284, 168, 2, '82', '2016-04-08'),
(285, 168, 3, '88', '2016-04-08'),
(286, 169, 1, '67', '2016-04-14'),
(287, 169, 2, '71', '2016-04-14'),
(288, 169, 3, '73', '2016-04-14'),
(289, 170, 1, '72', '2016-04-14'),
(290, 170, 2, '89', '2016-04-14'),
(291, 170, 3, '69', '2016-04-14'),
(292, 171, 1, '83', '2016-04-22'),
(293, 171, 2, '80', '2016-04-22'),
(294, 171, 3, '62', '2016-04-22'),
(295, 172, 1, '61', '2016-04-23'),
(296, 172, 2, '11', '2016-04-23'),
(297, 172, 3, '0', '2016-04-23'),
(298, 173, 1, '83', '2016-04-25'),
(299, 173, 2, '89', '2016-04-25'),
(300, 173, 3, '69', '2016-04-25'),
(301, 158, 1, '61', '2016-05-05'),
(302, 158, 2, '57', '2016-05-05'),
(303, 158, 3, '50', '2016-05-05'),
(304, 174, 1, '28', '2016-05-12'),
(305, 174, 2, '16', '2016-05-12'),
(306, 174, 3, '46', '2016-05-12'),
(307, 175, 1, '83', '2016-06-09'),
(308, 175, 2, '91', '2016-06-09'),
(309, 175, 3, '92', '2016-06-09'),
(310, 176, 1, '56', '2016-06-17'),
(311, 176, 2, '54', '2016-06-17'),
(312, 176, 3, '50', '2016-06-17'),
(313, 177, 1, '67', '2016-06-23'),
(314, 177, 2, '63', '2016-06-23'),
(315, 177, 3, '73', '2016-06-23');

-- --------------------------------------------------------

--
-- Estructura de tabla para la tabla `tinforme`
--

CREATE TABLE IF NOT EXISTS `tinforme` (
  `idinforme` int(11) NOT NULL AUTO_INCREMENT,
  `dtinffecha` date NOT NULL,
  `boinfestado` tinyint(1) NOT NULL,
  `idinfest` int(11) DEFAULT NULL,
  `idencuesta` int(11) NOT NULL,
  `idalumno` int(11) NOT NULL,
  `idpersona` int(11) NOT NULL,
  PRIMARY KEY (`idinforme`)
) ENGINE=InnoDB  DEFAULT CHARSET=utf8 AUTO_INCREMENT=178 ;

--
-- Volcado de datos para la tabla `tinforme`
--

INSERT INTO `tinforme` (`idinforme`, `dtinffecha`, `boinfestado`, `idinfest`, `idencuesta`, `idalumno`, `idpersona`) VALUES
(148, '2016-01-17', 2, 1, 1, 9, 24),
(149, '2016-01-17', 2, 1, 1, 10, 26),
(150, '2016-03-16', 2, 1, 1, 11, 24),
(151, '2016-03-16', 2, 1, 1, 9, 26),
(152, '2016-03-16', 1, 1, 1, 11, 26),
(153, '2016-03-26', 2, 1, 1, 9, 24),
(154, '2016-03-26', 2, 1, 1, 9, 24),
(155, '2016-03-26', 2, 1, 1, 12, 29),
(156, '2016-03-26', 2, 1, 1, 13, 31),
(157, '2016-03-26', 2, 1, 1, 14, 33),
(158, '2016-03-27', 2, 1, 1, 15, 35),
(159, '2016-03-27', 2, 1, 1, 16, 37),
(160, '2016-03-27', 2, 1, 1, 17, 39),
(161, '2016-04-08', 2, 1, 1, 15, 26),
(162, '2016-04-08', 1, 1, 1, 15, 26),
(163, '2016-04-08', 2, 1, 1, 11, 26),
(164, '2016-04-08', 2, 1, 1, 15, 26),
(165, '2016-04-08', 2, 1, 1, 11, 26),
(166, '2016-04-08', 2, 1, 1, 11, 26),
(167, '2016-04-08', 2, 1, 1, 9, 24),
(168, '2016-04-08', 2, 1, 1, 9, 24),
(169, '2016-04-14', 2, 1, 1, 11, 26),
(170, '2016-04-14', 2, 1, 1, 18, 26),
(171, '2016-04-22', 2, 1, 1, 19, 26),
(172, '2016-04-23', 2, 1, 1, 11, 26),
(173, '2016-04-25', 2, 1, 1, 19, 26),
(174, '2016-05-12', 2, 1, 1, 20, 26),
(175, '2016-06-09', 2, 1, 1, 21, 26),
(176, '2016-06-17', 2, 1, 1, 22, 26),
(177, '2016-06-23', 2, 1, 1, 23, 49);

-- --------------------------------------------------------

--
-- Estructura de tabla para la tabla `tinfresp`
--

CREATE TABLE IF NOT EXISTS `tinfresp` (
  `idinfresp` int(11) NOT NULL AUTO_INCREMENT,
  `idinforme` int(11) NOT NULL,
  `idpregunta` int(11) NOT NULL,
  `idrespuesta` int(11) NOT NULL,
  PRIMARY KEY (`idinfresp`)
) ENGINE=InnoDB  DEFAULT CHARSET=utf8 AUTO_INCREMENT=2169 ;

--
-- Volcado de datos para la tabla `tinfresp`
--

INSERT INTO `tinfresp` (`idinfresp`, `idinforme`, `idpregunta`, `idrespuesta`) VALUES
(998, 148, 2, 3),
(999, 148, 3, 3),
(1000, 148, 4, 3),
(1001, 149, 2, 2),
(1002, 149, 3, 3),
(1003, 149, 4, 3),
(1004, 149, 5, 3),
(1005, 149, 6, 2),
(1006, 149, 7, 2),
(1007, 149, 8, 2),
(1008, 149, 9, 1),
(1009, 149, 10, 2),
(1011, 149, 11, 2),
(1012, 149, 12, 3),
(1013, 149, 13, 2),
(1014, 149, 14, 3),
(1015, 149, 15, 2),
(1016, 149, 16, 3),
(1017, 149, 17, 2),
(1018, 149, 18, 3),
(1019, 149, 19, 2),
(1020, 149, 20, 3),
(1021, 149, 21, 2),
(1022, 149, 22, 3),
(1023, 149, 23, 2),
(1024, 149, 24, 3),
(1025, 149, 25, 2),
(1026, 149, 26, 3),
(1027, 149, 27, 2),
(1028, 149, 28, 3),
(1029, 149, 29, 2),
(1030, 149, 30, 2),
(1031, 149, 31, 2),
(1032, 149, 32, 3),
(1033, 149, 33, 2),
(1034, 149, 34, 3),
(1035, 149, 35, 2),
(1036, 149, 36, 3),
(1037, 149, 37, 2),
(1038, 149, 38, 3),
(1039, 149, 39, 2),
(1040, 149, 40, 3),
(1041, 149, 41, 2),
(1042, 149, 42, 3),
(1043, 149, 43, 2),
(1044, 149, 44, 3),
(1045, 149, 45, 2),
(1046, 149, 46, 2),
(1047, 149, 47, 2),
(1048, 149, 48, 2),
(1049, 149, 49, 2),
(1050, 149, 50, 3),
(1051, 150, 2, 1),
(1052, 150, 3, 2),
(1053, 150, 4, 2),
(1054, 150, 5, 2),
(1055, 150, 6, 3),
(1056, 150, 7, 2),
(1057, 150, 8, 3),
(1058, 150, 9, 3),
(1059, 150, 10, 2),
(1061, 150, 11, 2),
(1062, 150, 12, 2),
(1063, 150, 13, 3),
(1064, 150, 14, 1),
(1065, 150, 15, 3),
(1066, 150, 16, 2),
(1067, 150, 17, 3),
(1068, 150, 18, 2),
(1069, 150, 19, 3),
(1070, 150, 20, 2),
(1071, 150, 21, 2),
(1072, 150, 22, 1),
(1073, 150, 23, 2),
(1074, 150, 24, 3),
(1075, 150, 25, 2),
(1076, 150, 26, 2),
(1077, 150, 27, 1),
(1078, 150, 28, 1),
(1079, 150, 29, 3),
(1080, 150, 30, 3),
(1081, 150, 31, 3),
(1082, 150, 32, 3),
(1083, 150, 33, 2),
(1084, 150, 34, 2),
(1085, 150, 35, 3),
(1086, 150, 36, 3),
(1087, 150, 37, 3),
(1088, 150, 38, 3),
(1089, 150, 39, 2),
(1090, 150, 40, 3),
(1091, 150, 41, 2),
(1092, 150, 42, 3),
(1093, 150, 43, 3),
(1094, 150, 44, 2),
(1095, 150, 45, 3),
(1096, 150, 46, 2),
(1097, 150, 47, 2),
(1098, 150, 48, 2),
(1099, 150, 49, 3),
(1100, 150, 50, 3),
(1101, 151, 2, 3),
(1102, 151, 3, 3),
(1103, 151, 4, 3),
(1104, 151, 5, 2),
(1115, 153, 2, 3),
(1116, 153, 3, 3),
(1117, 153, 4, 3),
(1118, 153, 5, 3),
(1119, 154, 2, 2),
(1120, 154, 3, 2),
(1121, 154, 4, 1),
(1122, 154, 5, 3),
(1123, 154, 6, 2),
(1124, 154, 7, 3),
(1125, 154, 8, 1),
(1126, 154, 9, 2),
(1127, 154, 10, 2),
(1129, 154, 11, 2),
(1130, 154, 12, 3),
(1131, 154, 13, 1),
(1132, 154, 14, 2),
(1133, 154, 15, 3),
(1134, 154, 16, 3),
(1135, 154, 17, 1),
(1136, 154, 18, 1),
(1137, 154, 19, 2),
(1138, 154, 20, 3),
(1139, 154, 21, 2),
(1140, 154, 22, 1),
(1141, 154, 23, 3),
(1142, 154, 24, 2),
(1143, 154, 25, 3),
(1144, 154, 26, 2),
(1145, 154, 27, 2),
(1146, 154, 28, 3),
(1147, 154, 29, 3),
(1148, 154, 30, 2),
(1149, 154, 31, 3),
(1150, 154, 32, 2),
(1151, 154, 33, 2),
(1152, 154, 34, 1),
(1153, 154, 35, 1),
(1154, 154, 36, 1),
(1155, 154, 37, 2),
(1156, 154, 38, 2),
(1157, 154, 39, 2),
(1158, 154, 40, 1),
(1159, 154, 41, 3),
(1160, 154, 42, 3),
(1161, 154, 43, 2),
(1162, 154, 44, 2),
(1163, 154, 45, 2),
(1164, 154, 46, 2),
(1165, 154, 47, 2),
(1166, 154, 48, 1),
(1167, 154, 49, 3),
(1168, 154, 50, 2),
(1169, 155, 2, 3),
(1170, 155, 3, 2),
(1171, 155, 4, 3),
(1172, 155, 6, 2),
(1173, 155, 7, 3),
(1174, 155, 8, 1),
(1175, 155, 9, 1),
(1176, 155, 10, 2),
(1178, 155, 11, 1),
(1179, 155, 13, 1),
(1180, 155, 14, 2),
(1181, 155, 15, 1),
(1182, 155, 16, 1),
(1183, 155, 17, 3),
(1184, 155, 18, 3),
(1185, 155, 19, 2),
(1186, 155, 20, 1),
(1187, 155, 21, 1),
(1188, 155, 22, 3),
(1189, 155, 23, 2),
(1190, 155, 24, 3),
(1191, 155, 25, 2),
(1192, 155, 26, 1),
(1193, 155, 27, 3),
(1194, 155, 28, 2),
(1195, 155, 29, 3),
(1196, 155, 30, 3),
(1197, 155, 31, 1),
(1198, 155, 32, 3),
(1199, 155, 33, 3),
(1200, 155, 34, 1),
(1201, 155, 35, 2),
(1202, 155, 36, 1),
(1203, 155, 37, 2),
(1204, 155, 38, 1),
(1205, 155, 39, 1),
(1206, 155, 40, 1),
(1207, 155, 41, 3),
(1208, 155, 42, 1),
(1209, 155, 43, 2),
(1210, 155, 44, 3),
(1211, 155, 45, 1),
(1212, 155, 46, 3),
(1213, 155, 47, 3),
(1214, 155, 48, 1),
(1215, 155, 49, 2),
(1216, 155, 50, 2),
(1217, 156, 2, 3),
(1218, 156, 3, 1),
(1219, 156, 4, 3),
(1220, 156, 5, 3),
(1221, 156, 6, 3),
(1222, 156, 7, 3),
(1223, 156, 8, 1),
(1224, 156, 9, 2),
(1225, 156, 10, 3),
(1227, 156, 11, 2),
(1228, 156, 12, 2),
(1229, 156, 13, 3),
(1230, 156, 14, 1),
(1231, 156, 15, 3),
(1232, 156, 16, 1),
(1233, 156, 17, 3),
(1234, 156, 18, 3),
(1235, 156, 19, 3),
(1236, 156, 20, 2),
(1237, 156, 21, 2),
(1238, 156, 22, 3),
(1239, 156, 23, 3),
(1240, 156, 24, 3),
(1241, 156, 25, 3),
(1242, 156, 26, 1),
(1243, 156, 27, 3),
(1244, 156, 28, 3),
(1245, 156, 29, 3),
(1246, 156, 30, 3),
(1247, 156, 31, 3),
(1248, 156, 32, 3),
(1249, 156, 33, 3),
(1250, 156, 34, 3),
(1251, 156, 35, 1),
(1252, 156, 36, 1),
(1253, 156, 37, 3),
(1254, 156, 38, 3),
(1255, 156, 39, 1),
(1256, 156, 40, 3),
(1257, 156, 41, 3),
(1258, 156, 42, 2),
(1259, 156, 43, 2),
(1260, 156, 44, 2),
(1261, 156, 45, 1),
(1262, 156, 46, 2),
(1263, 156, 47, 3),
(1264, 156, 48, 2),
(1265, 156, 49, 1),
(1266, 156, 50, 3),
(1267, 157, 2, 3),
(1268, 157, 3, 3),
(1269, 157, 4, 3),
(1270, 157, 5, 3),
(1271, 157, 6, 2),
(1272, 157, 7, 2),
(1273, 157, 8, 3),
(1274, 157, 9, 2),
(1275, 157, 10, 2),
(1277, 157, 11, 1),
(1278, 157, 12, 2),
(1279, 157, 13, 3),
(1280, 157, 14, 3),
(1281, 157, 15, 3),
(1282, 157, 16, 1),
(1283, 157, 17, 3),
(1284, 157, 18, 3),
(1285, 157, 19, 3),
(1286, 157, 20, 3),
(1287, 157, 21, 1),
(1288, 157, 22, 3),
(1289, 157, 23, 3),
(1290, 157, 24, 3),
(1291, 157, 25, 3),
(1292, 157, 26, 3),
(1293, 157, 27, 3),
(1294, 157, 28, 1),
(1295, 157, 29, 3),
(1296, 157, 30, 3),
(1297, 157, 31, 1),
(1298, 157, 32, 3),
(1299, 157, 33, 3),
(1300, 157, 34, 3),
(1301, 157, 35, 2),
(1302, 157, 36, 3),
(1303, 157, 37, 3),
(1304, 157, 38, 3),
(1305, 157, 39, 1),
(1306, 157, 40, 3),
(1307, 157, 41, 3),
(1308, 157, 42, 3),
(1309, 157, 43, 3),
(1310, 157, 44, 3),
(1311, 157, 45, 1),
(1312, 157, 46, 3),
(1313, 157, 47, 3),
(1314, 157, 48, 2),
(1315, 157, 49, 3),
(1316, 157, 50, 3),
(1364, 159, 2, 1),
(1365, 159, 3, 2),
(1366, 159, 4, 3),
(1367, 159, 5, 1),
(1368, 159, 6, 2),
(1369, 159, 7, 3),
(1370, 159, 8, 2),
(1371, 159, 9, 3),
(1372, 159, 10, 3),
(1374, 159, 11, 2),
(1375, 159, 12, 2),
(1376, 159, 13, 2),
(1377, 159, 14, 2),
(1378, 159, 15, 3),
(1379, 159, 16, 2),
(1380, 159, 17, 1),
(1381, 159, 18, 2),
(1382, 159, 19, 2),
(1383, 159, 20, 3),
(1384, 159, 21, 1),
(1385, 159, 22, 3),
(1386, 159, 23, 3),
(1387, 159, 24, 3),
(1388, 159, 25, 3),
(1389, 159, 26, 3),
(1390, 159, 27, 3),
(1391, 159, 28, 2),
(1392, 159, 30, 1),
(1393, 159, 31, 1),
(1394, 159, 32, 1),
(1395, 159, 33, 3),
(1396, 159, 35, 1),
(1397, 159, 36, 3),
(1398, 159, 37, 2),
(1399, 159, 38, 2),
(1400, 159, 39, 2),
(1401, 159, 40, 3),
(1402, 159, 41, 3),
(1403, 159, 42, 2),
(1404, 159, 43, 1),
(1405, 159, 44, 3),
(1406, 159, 45, 3),
(1407, 159, 46, 2),
(1408, 159, 47, 3),
(1409, 159, 48, 3),
(1410, 159, 49, 2),
(1411, 159, 50, 3),
(1412, 160, 2, 2),
(1413, 160, 3, 1),
(1414, 160, 4, 3),
(1415, 160, 5, 2),
(1416, 160, 6, 2),
(1417, 160, 7, 2),
(1418, 160, 8, 2),
(1419, 160, 9, 1),
(1420, 160, 10, 3),
(1422, 160, 11, 2),
(1423, 160, 12, 3),
(1424, 160, 13, 3),
(1425, 160, 14, 2),
(1426, 160, 15, 1),
(1427, 160, 16, 1),
(1428, 160, 17, 1),
(1429, 160, 18, 3),
(1430, 160, 19, 3),
(1431, 160, 20, 1),
(1432, 160, 21, 2),
(1433, 160, 23, 3),
(1434, 160, 24, 3),
(1435, 160, 25, 3),
(1436, 160, 26, 1),
(1437, 160, 27, 3),
(1438, 160, 28, 1),
(1439, 160, 29, 1),
(1440, 160, 30, 3),
(1441, 160, 32, 1),
(1442, 160, 33, 1),
(1443, 160, 34, 1),
(1444, 160, 35, 1),
(1445, 160, 36, 1),
(1446, 160, 37, 1),
(1447, 160, 38, 3),
(1448, 160, 39, 1),
(1449, 160, 40, 3),
(1450, 160, 41, 3),
(1451, 160, 42, 1),
(1452, 160, 43, 2),
(1453, 160, 44, 1),
(1454, 160, 45, 3),
(1455, 160, 46, 3),
(1456, 160, 47, 3),
(1457, 160, 48, 2),
(1458, 160, 49, 2),
(1459, 160, 50, 3),
(1480, 161, 2, 2),
(1481, 161, 3, 2),
(1482, 161, 4, 3),
(1483, 161, 5, 3),
(1484, 161, 6, 3),
(1485, 161, 7, 3),
(1486, 161, 8, 3),
(1487, 161, 9, 3),
(1488, 161, 10, 3),
(1490, 161, 11, 2),
(1491, 161, 12, 2),
(1492, 161, 13, 3),
(1493, 161, 14, 3),
(1494, 161, 15, 3),
(1495, 161, 16, 2),
(1496, 161, 17, 2),
(1497, 161, 18, 2),
(1498, 161, 19, 2),
(1499, 161, 20, 3),
(1500, 161, 21, 2),
(1501, 161, 22, 2),
(1502, 161, 23, 2),
(1503, 161, 24, 3),
(1504, 161, 25, 2),
(1505, 161, 26, 2),
(1506, 161, 27, 2),
(1507, 161, 28, 3),
(1508, 161, 29, 3),
(1509, 161, 30, 3),
(1510, 161, 31, 2),
(1511, 161, 32, 2),
(1512, 161, 33, 2),
(1513, 161, 34, 3),
(1514, 161, 35, 2),
(1515, 161, 36, 2),
(1516, 161, 37, 3),
(1517, 161, 38, 2),
(1518, 161, 39, 3),
(1519, 161, 40, 1),
(1520, 161, 41, 2),
(1521, 161, 42, 2),
(1522, 161, 43, 1),
(1523, 161, 44, 1),
(1524, 161, 45, 1),
(1525, 161, 46, 1),
(1526, 161, 47, 2),
(1527, 161, 48, 2),
(1528, 161, 49, 1),
(1529, 161, 50, 1),
(1530, 163, 2, 2),
(1531, 163, 3, 3),
(1532, 163, 4, 3),
(1533, 163, 5, 3),
(1534, 163, 6, 3),
(1535, 163, 7, 3),
(1536, 163, 8, 2),
(1537, 163, 9, 2),
(1538, 163, 10, 2),
(1540, 163, 11, 2),
(1541, 163, 12, 2),
(1542, 163, 13, 3),
(1543, 163, 14, 2),
(1544, 163, 17, 2),
(1545, 163, 18, 2),
(1546, 164, 2, 2),
(1547, 164, 3, 2),
(1548, 164, 4, 2),
(1549, 164, 10, 2),
(1550, 164, 11, 2),
(1551, 165, 2, 2),
(1552, 165, 3, 2),
(1553, 165, 4, 2),
(1554, 165, 12, 2),
(1555, 165, 13, 2),
(1556, 165, 14, 2),
(1557, 166, 2, 2),
(1558, 166, 3, 2),
(1559, 166, 4, 2),
(1560, 166, 5, 2),
(1561, 166, 6, 2),
(1562, 166, 7, 2),
(1563, 166, 8, 2),
(1564, 166, 9, 2),
(1565, 166, 10, 2),
(1567, 166, 11, 2),
(1568, 166, 12, 3),
(1569, 166, 13, 2),
(1570, 166, 16, 2),
(1571, 166, 17, 2),
(1572, 166, 18, 2),
(1573, 166, 21, 2),
(1574, 166, 22, 2),
(1575, 166, 23, 2),
(1576, 166, 24, 3),
(1577, 166, 26, 2),
(1578, 166, 27, 2),
(1579, 166, 29, 2),
(1580, 166, 30, 2),
(1581, 166, 31, 2),
(1582, 166, 32, 2),
(1583, 166, 33, 3),
(1584, 166, 34, 3),
(1585, 166, 36, 3),
(1586, 166, 37, 3),
(1587, 166, 38, 3),
(1588, 166, 42, 2),
(1589, 166, 43, 2),
(1590, 166, 44, 3),
(1591, 166, 48, 2),
(1592, 166, 49, 2),
(1593, 167, 2, 2),
(1594, 167, 3, 2),
(1595, 167, 4, 2),
(1596, 167, 5, 2),
(1597, 167, 6, 2),
(1598, 167, 7, 2),
(1599, 167, 8, 3),
(1600, 167, 9, 3),
(1601, 167, 10, 3),
(1602, 167, 11, 3),
(1603, 167, 12, 2),
(1604, 167, 13, 2),
(1605, 168, 2, 2),
(1606, 168, 3, 2),
(1607, 168, 4, 3),
(1608, 168, 5, 2),
(1609, 168, 6, 3),
(1610, 168, 7, 3),
(1611, 168, 8, 3),
(1612, 168, 9, 3),
(1613, 168, 10, 3),
(1614, 168, 11, 3),
(1615, 168, 12, 3),
(1616, 168, 13, 3),
(1617, 168, 14, 3),
(1618, 168, 15, 3),
(1619, 168, 16, 2),
(1620, 168, 17, 3),
(1621, 168, 18, 3),
(1622, 168, 19, 3),
(1623, 168, 20, 2),
(1624, 168, 21, 2),
(1625, 168, 22, 3),
(1626, 168, 23, 3),
(1627, 168, 24, 3),
(1628, 168, 25, 3),
(1629, 168, 26, 3),
(1630, 168, 27, 3),
(1631, 168, 28, 3),
(1632, 168, 29, 3),
(1633, 168, 30, 2),
(1634, 168, 31, 1),
(1635, 168, 32, 1),
(1636, 168, 33, 1),
(1637, 168, 34, 3),
(1638, 168, 35, 3),
(1639, 168, 36, 3),
(1640, 168, 37, 3),
(1641, 168, 38, 3),
(1642, 168, 39, 2),
(1643, 168, 40, 3),
(1644, 168, 41, 3),
(1645, 168, 42, 2),
(1646, 168, 43, 3),
(1647, 168, 44, 3),
(1648, 168, 45, 3),
(1649, 168, 46, 3),
(1650, 168, 47, 3),
(1651, 168, 48, 3),
(1652, 168, 49, 2),
(1653, 168, 50, 3),
(1654, 169, 2, 3),
(1655, 169, 3, 2),
(1656, 169, 4, 3),
(1657, 169, 5, 2),
(1658, 169, 6, 3),
(1659, 169, 7, 2),
(1660, 169, 8, 2),
(1661, 169, 9, 3),
(1662, 169, 10, 2),
(1664, 169, 11, 2),
(1665, 169, 12, 2),
(1666, 169, 13, 3),
(1667, 169, 14, 2),
(1668, 169, 15, 3),
(1669, 169, 16, 2),
(1670, 169, 17, 3),
(1671, 169, 18, 2),
(1672, 169, 19, 3),
(1673, 169, 20, 2),
(1674, 169, 21, 2),
(1675, 169, 22, 3),
(1676, 169, 23, 2),
(1677, 169, 24, 3),
(1678, 169, 25, 2),
(1679, 169, 26, 3),
(1680, 169, 27, 2),
(1681, 169, 28, 3),
(1682, 169, 29, 2),
(1683, 169, 30, 3),
(1684, 169, 31, 3),
(1685, 169, 32, 2),
(1686, 169, 33, 2),
(1687, 169, 34, 3),
(1688, 169, 35, 2),
(1689, 169, 36, 3),
(1690, 169, 37, 2),
(1691, 169, 38, 3),
(1692, 169, 39, 2),
(1693, 169, 40, 3),
(1694, 169, 41, 2),
(1695, 169, 42, 3),
(1696, 169, 43, 2),
(1697, 169, 44, 2),
(1698, 169, 45, 3),
(1699, 169, 46, 2),
(1700, 169, 47, 3),
(1701, 169, 48, 2),
(1702, 169, 49, 3),
(1703, 169, 50, 2),
(1754, 171, 1, 3),
(1755, 171, 2, 3),
(1756, 171, 3, 2),
(1757, 171, 4, 3),
(1758, 171, 5, 3),
(1759, 171, 6, 2),
(1760, 171, 7, 3),
(1761, 171, 8, 3),
(1762, 171, 9, 2),
(1763, 171, 10, 3),
(1764, 171, 11, 3),
(1765, 171, 12, 3),
(1766, 171, 13, 3),
(1767, 171, 14, 2),
(1768, 171, 15, 2),
(1769, 171, 16, 2),
(1770, 171, 17, 3),
(1771, 171, 18, 2),
(1772, 171, 19, 3),
(1773, 171, 20, 2),
(1774, 171, 21, 2),
(1775, 171, 22, 3),
(1776, 171, 23, 2),
(1777, 171, 24, 3),
(1778, 171, 25, 3),
(1779, 171, 26, 3),
(1780, 171, 27, 3),
(1781, 171, 28, 2),
(1782, 171, 29, 3),
(1783, 171, 30, 3),
(1784, 171, 31, 3),
(1785, 171, 32, 3),
(1786, 171, 33, 2),
(1787, 171, 34, 3),
(1788, 171, 35, 3),
(1789, 171, 36, 2),
(1790, 171, 37, 2),
(1791, 171, 38, 1),
(1792, 171, 39, 2),
(1793, 171, 40, 3),
(1794, 171, 41, 2),
(1795, 171, 42, 2),
(1796, 171, 43, 2),
(1797, 171, 44, 3),
(1798, 171, 45, 3),
(1799, 171, 46, 2),
(1800, 171, 47, 3),
(1801, 171, 48, 1),
(1802, 171, 49, 3),
(1803, 171, 50, 2),
(1804, 172, 1, 2),
(1805, 172, 2, 3),
(1806, 172, 3, 3),
(1807, 172, 4, 2),
(1808, 172, 7, 3),
(1809, 172, 8, 3),
(1810, 172, 9, 2),
(1811, 172, 10, 2),
(1812, 172, 11, 3),
(1813, 172, 13, 3),
(1814, 172, 14, 2),
(1815, 170, 2, 2),
(1816, 170, 3, 2),
(1817, 170, 4, 3),
(1818, 170, 5, 2),
(1819, 170, 6, 3),
(1820, 170, 7, 3),
(1821, 170, 8, 3),
(1822, 170, 9, 3),
(1823, 170, 10, 3),
(1824, 170, 11, 3),
(1825, 170, 12, 3),
(1826, 170, 13, 3),
(1827, 170, 14, 3),
(1828, 170, 15, 2),
(1829, 170, 16, 2),
(1830, 170, 17, 3),
(1831, 170, 18, 3),
(1832, 170, 19, 3),
(1833, 170, 20, 3),
(1834, 170, 21, 3),
(1835, 170, 22, 3),
(1836, 170, 23, 3),
(1837, 170, 24, 3),
(1838, 170, 25, 2),
(1839, 170, 26, 2),
(1840, 170, 27, 3),
(1841, 170, 28, 3),
(1842, 170, 29, 3),
(1843, 170, 30, 3),
(1844, 170, 31, 3),
(1845, 170, 32, 3),
(1846, 170, 33, 3),
(1847, 170, 34, 3),
(1848, 170, 35, 3),
(1849, 170, 36, 1),
(1850, 170, 37, 3),
(1851, 170, 38, 1),
(1852, 170, 39, 1),
(1853, 170, 40, 3),
(1854, 170, 41, 3),
(1855, 170, 42, 2),
(1856, 170, 43, 2),
(1857, 170, 44, 3),
(1858, 170, 45, 3),
(1859, 170, 46, 3),
(1860, 170, 47, 3),
(1861, 170, 48, 2),
(1862, 170, 49, 3),
(1863, 170, 50, 2),
(1864, 173, 1, 3),
(1865, 173, 2, 2),
(1866, 173, 3, 2),
(1867, 173, 4, 3),
(1868, 173, 5, 2),
(1869, 173, 6, 3),
(1870, 173, 7, 3),
(1871, 173, 8, 3),
(1872, 173, 9, 3),
(1873, 173, 10, 3),
(1874, 173, 11, 3),
(1875, 173, 12, 3),
(1876, 173, 13, 3),
(1877, 173, 14, 2),
(1878, 173, 15, 2),
(1879, 173, 16, 3),
(1880, 173, 17, 3),
(1881, 173, 18, 3),
(1882, 173, 19, 3),
(1883, 173, 20, 3),
(1884, 173, 21, 3),
(1885, 173, 22, 3),
(1886, 173, 23, 3),
(1887, 173, 24, 3),
(1888, 173, 25, 2),
(1889, 173, 26, 2),
(1890, 173, 27, 3),
(1891, 173, 28, 3),
(1892, 173, 29, 3),
(1893, 173, 30, 3),
(1894, 173, 31, 3),
(1895, 173, 32, 3),
(1896, 173, 33, 3),
(1897, 173, 34, 3),
(1898, 173, 35, 3),
(1899, 173, 36, 1),
(1900, 173, 37, 3),
(1901, 173, 38, 1),
(1902, 173, 39, 1),
(1903, 173, 40, 3),
(1904, 173, 41, 3),
(1905, 173, 42, 2),
(1906, 173, 43, 2),
(1907, 173, 44, 3),
(1908, 173, 45, 3),
(1909, 173, 46, 3),
(1910, 173, 47, 3),
(1911, 173, 48, 2),
(1912, 173, 49, 3),
(1913, 173, 50, 2),
(1914, 158, 2, 2),
(1915, 158, 3, 2),
(1916, 158, 4, 2),
(1917, 158, 5, 3),
(1918, 158, 6, 3),
(1919, 158, 7, 3),
(1920, 158, 8, 2),
(1921, 158, 9, 2),
(1922, 158, 10, 3),
(1923, 158, 11, 3),
(1924, 158, 12, 2),
(1925, 158, 14, 2),
(1926, 158, 15, 3),
(1927, 158, 16, 1),
(1928, 158, 17, 2),
(1929, 158, 18, 3),
(1930, 158, 19, 2),
(1931, 158, 20, 2),
(1932, 158, 21, 2),
(1933, 158, 22, 3),
(1934, 158, 23, 3),
(1935, 158, 24, 3),
(1936, 158, 25, 3),
(1937, 158, 26, 2),
(1938, 158, 27, 3),
(1939, 158, 28, 3),
(1940, 158, 30, 1),
(1941, 158, 31, 1),
(1942, 158, 32, 1),
(1943, 158, 33, 3),
(1944, 158, 34, 1),
(1945, 158, 35, 1),
(1946, 158, 36, 2),
(1947, 158, 37, 3),
(1948, 158, 38, 1),
(1949, 158, 39, 2),
(1950, 158, 40, 2),
(1951, 158, 41, 3),
(1952, 158, 42, 2),
(1953, 158, 44, 3),
(1954, 158, 45, 2),
(1955, 158, 46, 2),
(1956, 158, 47, 3),
(1957, 158, 48, 2),
(1958, 158, 49, 1),
(1959, 158, 50, 2),
(1960, 174, 1, 2),
(1961, 174, 2, 1),
(1962, 174, 3, 1),
(1963, 174, 4, 2),
(1964, 174, 5, 1),
(1965, 174, 6, 1),
(1966, 174, 7, 2),
(1967, 174, 8, 2),
(1968, 174, 9, 2),
(1969, 174, 10, 2),
(1970, 174, 11, 3),
(1971, 174, 12, 2),
(1972, 174, 13, 2),
(1973, 174, 14, 2),
(1974, 174, 15, 2),
(1975, 174, 16, 1),
(1976, 174, 17, 1),
(1977, 174, 18, 1),
(1978, 174, 19, 1),
(1979, 174, 20, 1),
(1980, 174, 21, 1),
(1981, 174, 22, 1),
(1982, 174, 23, 1),
(1983, 174, 24, 1),
(1984, 174, 25, 1),
(1985, 174, 26, 1),
(1986, 174, 27, 2),
(1987, 174, 28, 1),
(1988, 174, 29, 1),
(1989, 174, 30, 1),
(1990, 174, 31, 1),
(1991, 174, 32, 1),
(1992, 174, 33, 1),
(1993, 174, 34, 1),
(1994, 174, 35, 1),
(1995, 174, 36, 1),
(1996, 174, 37, 2),
(1997, 174, 38, 1),
(1998, 174, 39, 1),
(1999, 174, 40, 2),
(2000, 174, 41, 2),
(2001, 174, 42, 2),
(2002, 174, 43, 2),
(2003, 174, 44, 3),
(2004, 174, 45, 2),
(2005, 174, 46, 2),
(2006, 174, 47, 3),
(2007, 174, 48, 2),
(2008, 174, 49, 1),
(2009, 174, 50, 2),
(2010, 175, 1, 3),
(2011, 175, 2, 3),
(2012, 175, 3, 3),
(2013, 175, 4, 3),
(2014, 175, 5, 3),
(2015, 175, 6, 3),
(2016, 175, 7, 3),
(2017, 175, 8, 1),
(2018, 175, 9, 2),
(2019, 175, 10, 3),
(2020, 175, 11, 3),
(2021, 175, 12, 2),
(2022, 175, 13, 3),
(2023, 175, 14, 3),
(2024, 175, 15, 3),
(2025, 175, 16, 2),
(2026, 175, 17, 3),
(2027, 175, 18, 3),
(2028, 175, 19, 3),
(2029, 175, 20, 3),
(2030, 175, 21, 2),
(2031, 175, 22, 3),
(2032, 175, 23, 3),
(2033, 175, 24, 3),
(2034, 175, 25, 2),
(2035, 175, 26, 3),
(2036, 175, 27, 3),
(2037, 175, 28, 3),
(2038, 175, 29, 3),
(2039, 175, 30, 3),
(2040, 175, 31, 3),
(2041, 175, 32, 3),
(2042, 175, 33, 3),
(2043, 175, 34, 3),
(2044, 175, 35, 3),
(2045, 175, 36, 2),
(2046, 175, 37, 3),
(2047, 175, 38, 3),
(2048, 175, 39, 3),
(2049, 175, 40, 3),
(2050, 175, 41, 3),
(2051, 175, 42, 3),
(2052, 175, 43, 3),
(2053, 175, 44, 3),
(2054, 175, 45, 3),
(2055, 175, 46, 3),
(2056, 175, 47, 2),
(2057, 175, 48, 2),
(2058, 175, 49, 3),
(2059, 175, 50, 3),
(2060, 176, 1, 2),
(2061, 176, 2, 1),
(2062, 176, 3, 2),
(2063, 176, 4, 3),
(2064, 176, 5, 1),
(2065, 176, 6, 3),
(2066, 176, 7, 3),
(2067, 176, 8, 3),
(2068, 176, 9, 1),
(2069, 176, 10, 3),
(2070, 176, 11, 3),
(2071, 176, 12, 1),
(2072, 176, 13, 1),
(2073, 176, 14, 1),
(2074, 176, 15, 3),
(2075, 176, 16, 1),
(2076, 176, 17, 1),
(2077, 176, 18, 3),
(2078, 176, 19, 1),
(2079, 176, 20, 2),
(2090, 176, 21, 2),
(2091, 176, 22, 3),
(2092, 176, 23, 2),
(2093, 176, 24, 2),
(2094, 176, 25, 2),
(2095, 176, 26, 1),
(2096, 176, 27, 3),
(2097, 176, 28, 2),
(2098, 176, 29, 3),
(2099, 176, 30, 1),
(2100, 176, 31, 3),
(2101, 176, 32, 3),
(2102, 176, 33, 1),
(2103, 176, 34, 1),
(2104, 176, 35, 3),
(2105, 176, 36, 3),
(2106, 176, 37, 3),
(2107, 176, 38, 2),
(2108, 176, 39, 1),
(2109, 176, 40, 3),
(2110, 176, 41, 2),
(2111, 176, 42, 1),
(2112, 176, 43, 1),
(2113, 176, 44, 2),
(2114, 176, 45, 3),
(2115, 176, 46, 2),
(2116, 176, 47, 3),
(2117, 176, 48, 2),
(2118, 176, 49, 2),
(2119, 176, 50, 2),
(2120, 177, 1, 3),
(2121, 177, 2, 1),
(2122, 177, 3, 3),
(2123, 177, 4, 3),
(2124, 177, 5, 3),
(2125, 177, 6, 3),
(2126, 177, 7, 3),
(2127, 177, 9, 1),
(2128, 177, 10, 3),
(2129, 177, 11, 3),
(2130, 177, 12, 2),
(2131, 177, 13, 2),
(2132, 177, 14, 3),
(2133, 177, 15, 3),
(2134, 177, 16, 1),
(2135, 177, 17, 1),
(2136, 177, 18, 3),
(2137, 177, 19, 2),
(2138, 177, 20, 3),
(2139, 177, 21, 2),
(2140, 177, 22, 3),
(2141, 177, 23, 3),
(2142, 177, 24, 3),
(2143, 177, 25, 3),
(2144, 177, 26, 1),
(2145, 177, 27, 3),
(2146, 177, 28, 3),
(2147, 177, 29, 3),
(2148, 177, 30, 3),
(2149, 177, 31, 1),
(2150, 177, 32, 2),
(2151, 177, 33, 2),
(2152, 177, 34, 1),
(2153, 177, 35, 1),
(2154, 177, 36, 2),
(2155, 177, 37, 1),
(2156, 177, 38, 2),
(2157, 177, 39, 1),
(2158, 177, 40, 3),
(2159, 177, 41, 3),
(2160, 177, 42, 3),
(2161, 177, 43, 3),
(2162, 177, 44, 3),
(2163, 177, 45, 2),
(2164, 177, 46, 3),
(2165, 177, 47, 3),
(2166, 177, 48, 2),
(2167, 177, 49, 2),
(2168, 177, 50, 2);

-- --------------------------------------------------------

--
-- Estructura de tabla para la tabla `tparentesco`
--

CREATE TABLE IF NOT EXISTS `tparentesco` (
  `idparentesco` int(11) NOT NULL AUTO_INCREMENT,
  `vcparentnombre` varchar(100) NOT NULL,
  `vcparentnombrever` varchar(150) NOT NULL,
  `boparentmayoredad` tinyint(1) NOT NULL,
  `boparenestado` tinyint(1) NOT NULL,
  PRIMARY KEY (`idparentesco`)
) ENGINE=InnoDB  DEFAULT CHARSET=utf8 AUTO_INCREMENT=5 ;

--
-- Volcado de datos para la tabla `tparentesco`
--

INSERT INTO `tparentesco` (`idparentesco`, `vcparentnombre`, `vcparentnombrever`, `boparentmayoredad`, `boparenestado`) VALUES
(1, 'Padre/Madre', 'Hijo/a', 1, 1),
(3, 'Docente', 'Alumno/a', 1, 1),
(4, 'Tutor', 'Dependiente', 1, 1);

-- --------------------------------------------------------

--
-- Estructura de tabla para la tabla `tpersona`
--

CREATE TABLE IF NOT EXISTS `tpersona` (
  `idpersona` int(11) NOT NULL AUTO_INCREMENT,
  `vcpernombre` varchar(150) NOT NULL,
  `inperdni` int(11) NOT NULL,
  `dtperfechnac` date NOT NULL,
  `vcperdom` varchar(200) DEFAULT NULL,
  `vcpertelcodarea` varchar(50) DEFAULT NULL,
  `vcpertel` varchar(100) DEFAULT NULL,
  `vcpercelcodarea` varchar(50) DEFAULT NULL,
  `vcpercel` varchar(100) DEFAULT NULL,
  `idrol` int(11) NOT NULL,
  `boperestado` int(11) NOT NULL,
  PRIMARY KEY (`idpersona`)
) ENGINE=InnoDB  DEFAULT CHARSET=utf8 AUTO_INCREMENT=51 ;

--
-- Volcado de datos para la tabla `tpersona`
--

INSERT INTO `tpersona` (`idpersona`, `vcpernombre`, `inperdni`, `dtperfechnac`, `vcperdom`, `vcpertelcodarea`, `vcpertel`, `vcpercelcodarea`, `vcpercel`, `idrol`, `boperestado`) VALUES
(24, 'DURAN JAVIER', 31436649, '0000-00-00', 'Diario de San Luis 2582', '387', '4242637', '387', '4025279', 4, 1),
(25, 'DURAN LORENA', 31436648, '0000-00-00', 'Diario de San Luis 2582', '387', '4242637', '387', '4025279', 1, 1),
(26, 'PASCUALA FERRIL', 25063953, '0000-00-00', 'Diario de San Luis 2582', '387', '4242637', '387', '4025279', 3, 1),
(27, 'ZACARIAS, CONSTANTINO DIEGO', 47167079, '2006-02-23', 'Santiago del Estero 1216', '387', '4242637', '387', '4025279', 1, 1),
(28, 'FARUK ZACARIAS', 25063953, '0000-00-00', 'Santiago del Estero 1216', '', '', '', '5000872', 1, 1),
(29, 'RODRIGUEZ RITA MABEL', 34868887, '0000-00-00', 'b° 17 de octubre', '', '', '', '', 3, 1),
(30, 'CEBALLOS RODRIGUEZ LUCAS IGNACIO', 50282156, '0000-00-00', 'MANZ. 421 B LOTE 1 B° 17 DE OCTUBRE', '', '', '', '', 1, 1),
(31, 'CHARRAS TOCONAS GEORGINA MARIBEL', 34225719, '0000-00-00', 'santa lucia calle 12 medidor 61', '', '', '387', '4588981', 3, 1),
(32, 'CHARRAS TOCONAS SANTIAGO JESUS', 49385177, '0000-00-00', 'SANTA LUCIA CALLE 12 MEDIDOR 61', '', '', '', '', 1, 1),
(33, 'SLY BARBARA ROMINA', 31547903, '0000-00-00', 'b° san carlos manzana 66 casa 1', '', '', '387', '5149869', 3, 1),
(34, 'EDUARDO ANDRE PERES SLY', 49385795, '0000-00-00', 'SAN CARLOS MANZANA 66 CASA 1', '', '', '', '', 1, 1),
(35, 'ALEJANDRA QUIROGA', 27047397, '0000-00-00', 'B° SAN CARLOS MANZANA 22 CASA 02', '', '', '387', '4169441', 3, 1),
(36, 'CAMACHO BENJAMIN', 50195226, '2010-04-25', 'B° SAN CARLOS MANZANA 22 CASA 02', '', '', '', '', 1, 1),
(37, 'GONZALES MARIA DEL MILAGRO', 25352296, '1976-07-05', 'B° HERNANDO DE LERMA, JUAQUIN CASTELLANOS 192', '', '', '387', '6138251', 3, 1),
(38, 'GONZALES REINAGA JULIETA', 50754923, '2010-12-20', 'B° HERNANDO DE LERMA, JUAQUIN CASTELLANOS 192', '', '', '387', '6138251', 1, 1),
(39, 'REINAGA VERONICA', 25633978, '1976-12-10', 'JUAQUIN CASTELLANOS 192', '', '', '387', '4550261', 3, 1),
(40, 'SALVA MARTINA ANTONELLA', 52967273, '2012-12-17', 'JUAQUIN CASTELLANOS 192', '', '', '387', '4550261', 1, 1),
(41, 'LOPEZ FUENZALIDA TIZIANO JOAQUIN', 49469107, '2009-03-22', 'ROBERTO LEVELLIER', '', '', '387', '5296276', 1, 1),
(42, 'CARRIQUE RODRIGO DANIEL', 48970909, '2008-06-11', 'ABEL CORNEJO 1472', '', '5562548', '387', '4659583', 1, 1),
(43, 'FLORES JOAQUIN EUGENIO', 52342231, '2012-06-08', 'BARRIO SANIDAD MANZANA 15 LOTE 17', '387', '4236711', '387', '5783732', 1, 1),
(44, 'LARA FERRIL JUAN PABLO', 49387708, '2009-02-27', 'AVDA BELGRANO 2306', '', '', '387', '4678953', 1, 1),
(45, 'PASCUALA FERRIL', 29345234, '1985-01-14', NULL, NULL, NULL, NULL, NULL, 3, 1),
(46, 'COPA THIAGO NAHUEL', 49035331, '2008-09-07', 'BARRIO LIMACHE ETAPA 5 MZA 6 CASA 7', '', '', '387', '5368240', 1, 1),
(47, 'MANSILLA CARDENES FACUNDO EMANUEL', 51291160, '2011-07-13', 'AVDA. BELGRANO 971', '387', '4314213', '387', '4548814', 1, 1),
(48, 'GABRIELA GUANUCO', 25063953, '1976-01-31', 'SANTIAGO DEL ESTERO 1216', '', '', '', '', 0, 1),
(49, 'GUANUCO GABRIELA', 25063953, '0000-00-00', 'SANTIAGO DEL ESTERO 1216', '', '', '', '', 2, 1),
(50, 'GUANUCO GABRIELA', 25063953, '0000-00-00', 'SANTIAGO DEL ESTERO 1216', '', '', '', '', 2, 1);

-- --------------------------------------------------------

--
-- Estructura de tabla para la tabla `tpregresp`
--

CREATE TABLE IF NOT EXISTS `tpregresp` (
  `idpregresp` int(11) NOT NULL AUTO_INCREMENT,
  `idpregunta` int(11) NOT NULL,
  `idrespuesta` int(11) NOT NULL,
  PRIMARY KEY (`idpregresp`)
) ENGINE=InnoDB  DEFAULT CHARSET=utf8 AUTO_INCREMENT=151 ;

--
-- Volcado de datos para la tabla `tpregresp`
--

INSERT INTO `tpregresp` (`idpregresp`, `idpregunta`, `idrespuesta`) VALUES
(1, 1, 1),
(2, 1, 2),
(3, 1, 3),
(4, 2, 1),
(5, 2, 2),
(6, 2, 3),
(7, 3, 1),
(8, 3, 2),
(9, 3, 3),
(10, 4, 1),
(11, 4, 2),
(12, 4, 3),
(13, 5, 1),
(14, 5, 2),
(15, 5, 3),
(16, 6, 1),
(17, 6, 2),
(18, 6, 3),
(19, 7, 1),
(20, 7, 2),
(21, 7, 3),
(22, 8, 1),
(23, 8, 2),
(24, 8, 3),
(25, 9, 1),
(26, 9, 2),
(27, 9, 3),
(28, 10, 1),
(29, 10, 2),
(30, 10, 3),
(31, 11, 1),
(32, 11, 2),
(33, 11, 3),
(34, 12, 1),
(35, 12, 2),
(36, 12, 3),
(37, 13, 1),
(38, 13, 2),
(39, 13, 3),
(40, 14, 1),
(41, 14, 2),
(42, 14, 3),
(43, 15, 1),
(44, 15, 2),
(45, 15, 3),
(46, 16, 1),
(47, 16, 2),
(48, 16, 3),
(49, 17, 1),
(50, 17, 2),
(51, 17, 3),
(52, 18, 1),
(53, 18, 2),
(54, 18, 3),
(55, 19, 1),
(56, 19, 2),
(57, 19, 3),
(58, 20, 1),
(59, 20, 2),
(60, 20, 3),
(61, 21, 1),
(62, 21, 2),
(63, 21, 3),
(64, 22, 1),
(65, 22, 2),
(66, 22, 3),
(67, 23, 1),
(68, 23, 2),
(69, 23, 3),
(70, 24, 1),
(71, 24, 2),
(72, 24, 3),
(73, 25, 1),
(74, 25, 2),
(75, 25, 3),
(76, 26, 1),
(77, 26, 2),
(78, 26, 3),
(79, 27, 1),
(80, 27, 2),
(81, 27, 3),
(82, 28, 1),
(83, 28, 2),
(84, 28, 3),
(85, 29, 1),
(86, 29, 2),
(87, 29, 3),
(88, 30, 1),
(89, 30, 2),
(90, 30, 3),
(91, 31, 1),
(92, 31, 2),
(93, 31, 3),
(94, 32, 1),
(95, 32, 2),
(96, 32, 3),
(97, 33, 1),
(98, 33, 2),
(99, 33, 3),
(100, 34, 1),
(101, 34, 2),
(102, 34, 3),
(103, 35, 1),
(104, 35, 2),
(105, 35, 3),
(106, 36, 1),
(107, 36, 2),
(108, 36, 3),
(109, 37, 1),
(110, 37, 2),
(111, 37, 3),
(112, 38, 1),
(113, 38, 2),
(114, 38, 3),
(115, 39, 1),
(116, 39, 2),
(117, 39, 3),
(118, 40, 1),
(119, 40, 2),
(120, 40, 3),
(121, 41, 1),
(122, 41, 2),
(123, 41, 3),
(124, 42, 1),
(125, 42, 2),
(126, 42, 3),
(127, 43, 1),
(128, 43, 2),
(129, 43, 3),
(130, 44, 1),
(131, 44, 2),
(132, 44, 3),
(133, 45, 1),
(134, 45, 2),
(135, 45, 3),
(136, 46, 1),
(137, 46, 2),
(138, 46, 3),
(139, 47, 1),
(140, 47, 2),
(141, 47, 3),
(142, 48, 1),
(143, 48, 2),
(144, 48, 3),
(145, 49, 1),
(146, 49, 2),
(147, 49, 3),
(148, 50, 1),
(149, 50, 2),
(150, 50, 3);

-- --------------------------------------------------------

--
-- Estructura de tabla para la tabla `tpregunta`
--

CREATE TABLE IF NOT EXISTS `tpregunta` (
  `idpregunta` int(11) NOT NULL AUTO_INCREMENT,
  `vcpregnombre` varchar(250) NOT NULL,
  `bopregestado` tinyint(1) NOT NULL,
  `idsubfactor` int(11) NOT NULL,
  PRIMARY KEY (`idpregunta`)
) ENGINE=InnoDB  DEFAULT CHARSET=utf8 AUTO_INCREMENT=51 ;

--
-- Volcado de datos para la tabla `tpregunta`
--

INSERT INTO `tpregunta` (`idpregunta`, `vcpregnombre`, `bopregestado`, `idsubfactor`) VALUES
(1, 'puede caminar sobre una línea recta', 1, 1),
(2, 'puede lanzar una pelota hacia arriba y agarrarla nuevamente', 1, 1),
(3, 'puede ponerse la campera o delantal sin ayuda', 1, 1),
(4, 'puede recortar figuras con tijera para niños', 1, 2),
(5, 'puede abrochar un botón', 1, 2),
(6, 'puede dibujar letras o números', 1, 2),
(7, 'puede lavarse las manos sin ayuda', 1, 3),
(8, 'puede guardar solo sus cosas en su mochila', 1, 3),
(9, 'puede preparar solo sus elementos de trabajo o merienda', 1, 3),
(10, 'puede recordar mejor cuando ve láminas, dibujos o videos', 1, 8),
(11, 'puede concentrarse más cuando mira imágenes o películas', 1, 8),
(12, 'puede recordar lo que le dicen', 1, 5),
(13, 'puede recordar y cantar  canciones', 1, 5),
(14, 'puede recordar esquemas de gimnasia o coreografías de baile', 1, 6),
(15, 'puede recordar más lo que hace que lo que escucha', 1, 6),
(16, 'Si le pedís que haga algo, termina las cosas que empieza en el tiempo propuesto', 1, 7),
(17, 'puede pronunciar claramente todas las letras', 1, 4),
(18, 'Puede decir su nombre y apellido correctamente, respetando el orden; por ej. Juan Perez', 1, 4),
(19, 'Puede decir claramente lo que piensa y se entiende lo que dice', 1, 4),
(20, 'puede expresarse en tiempo presente y pasado. Ej.: “hoy comí banana", "ayer jugué con mamá"', 1, 9),
(21, 'puede utilizar correctamente las palabras, como "antes”, después", "ayer", "hoy" y "mañana"', 1, 9),
(22, 'puede diferenciar "arriba" de "abajo"', 1, 10),
(23, 'puede diferenciar "adentro" de "afuera"', 1, 10),
(24, 'puede diferenciar "adelante" de "atrás"', 1, 10),
(25, 'puede comprender lo que significa "mucho", "poco", o "más o menos"', 1, 11),
(26, 'puede comprender lo que es  "agregar" y "quitar"', 1, 11),
(27, 'puede distinguir si un objeto es igual o diferente a otro, por su forma, tamaño o color', 1, 12),
(28, 'Si le pedís que dibuje círculos, personas y animales, puede dibujar las 3 cosas sin dificultad', 1, 13),
(29, 'Cuando dibuja una persona, dibuja por lo menos 3 partes del cuerpo humano; por ejemplo, cabeza, brazos y piernas', 1, 13),
(30, 'Puede trazar una línea horizontal sin regla', 1, 13),
(31, 'Puede escribir algunas palabras simples, sin ayuda', 1, 14),
(32, 'Puede escribir su nombre, sin ayuda', 1, 14),
(33, 'Puede reconocer todas las vocales, sin ayuda', 1, 15),
(34, 'puede reconocer y escribir los números del  1 al 10', 1, 16),
(35, 'puede  contar hasta 20 objetos o más', 1, 17),
(36, 'Puede ver y copiar todo lo que escribe su maestra en el pizarrón', 1, 18),
(37, 'Si le mostrás algo escrito por vos, lo puede copiar de manera parecida', 1, 18),
(38, 'puede reconocer y expresar sanamente emociones como: alegría, miedo, enojo, desagrado y tristeza', 1, 21),
(39, 'puede controlar sus impulsos y expresar sentimientos sin dañar a otras personas', 1, 21),
(40, 'puede reconocer los sentimientos de los demás y realizar acciones para ponerlos contentos', 1, 21),
(41, 'puede demostrar cariño a las personas a través de gestos o palabras', 1, 22),
(42, 'puede compartir cosas, juguetes o comida con otros niños o niñas', 1, 22),
(43, 'puede establecer vínculos de amistad con otros niños o niñas y comparte momentos de juego', 1, 22),
(44, 'puede reconocer sus preferencias', 1, 23),
(45, 'puede confiar en sus capacidades y se alegra por sus logros', 1, 23),
(46, 'puede opinar y puede elegir qué quiere hacer cuando le preguntan', 1, 23),
(47, 'puede preguntar lo que le interesa saber', 1, 24),
(48, 'puede respetar y obedecer las reglas de convivencia en la escuela', 1, 25),
(49, 'puede saludar, se despide y usa el "por favor" y "gracias"', 1, 25),
(50, 'puede obedecer órdenes simples. Ejemplo: “saquen el cuaderno”', 1, 25);

-- --------------------------------------------------------

--
-- Estructura de tabla para la tabla `treporte`
--

CREATE TABLE IF NOT EXISTS `treporte` (
  `idreporte` int(11) NOT NULL AUTO_INCREMENT,
  `vcreportnombre` varchar(250) NOT NULL,
  `dtreportfecha` date NOT NULL,
  `idinforme` int(11) NOT NULL,
  PRIMARY KEY (`idreporte`)
) ENGINE=InnoDB  DEFAULT CHARSET=utf8 AUTO_INCREMENT=81 ;

--
-- Volcado de datos para la tabla `treporte`
--

INSERT INTO `treporte` (`idreporte`, `vcreportnombre`, `dtreportfecha`, `idinforme`) VALUES
(29, 'Mentes_Mejorando_DURAN_LORENA_26032016_025314.pdf', '2016-03-26', 153),
(30, 'Mentes_Mejorando_DURAN_LORENA_26032016_030400.pdf', '2016-03-26', 154),
(31, 'Mentes_Mejorando_CEBALLOS_RODRIGUEZ_LUCAS_IGNACIO_26032016_221134.pdf', '2016-03-26', 155),
(32, 'Mentes_Mejorando_CHARRAS_TOCONAS_SANTIAGO_JESUS_26032016_230810.pdf', '2016-03-26', 156),
(33, 'Mentes_Mejorando_EDUARDO_ANDRE_PERES_SLY_26032016_232917.pdf', '2016-03-26', 157),
(34, 'Mentes_Mejorando_CAMACHO_BENJAMIN_27032016_000920.pdf', '2016-03-27', 158),
(35, 'Mentes_Mejorando_GONZALES_REINAGA_JULIETA_27032016_004047.pdf', '2016-03-27', 159),
(36, 'Mentes_Mejorando_SALVA_MARTINA_ANTONELLA_27032016_010151.pdf', '2016-03-27', 160),
(37, 'Mentes_Mejorando_FARUK_ZACARIAS_08042016_150420.pdf', '2016-04-08', 163),
(38, 'Mentes_Mejorando_CAMACHO_BENJAMIN_08042016_150735.pdf', '2016-04-08', 164),
(39, 'Mentes_Mejorando_CAMACHO_BENJAMIN_08042016_150820.pdf', '2016-04-08', 0),
(40, 'Mentes_Mejorando_CAMACHO_BENJAMIN_08042016_150902.pdf', '2016-04-08', 0),
(41, 'Mentes_Mejorando_FARUK_ZACARIAS_08042016_151024.pdf', '2016-04-08', 165),
(42, 'Mentes_Mejorando_FARUK_ZACARIAS_08042016_151245.pdf', '2016-04-08', 166),
(43, 'Mentes_Mejorando_DURAN_LORENA_08042016_151822.pdf', '2016-04-08', 167),
(44, 'Mentes_Mejorando_DURAN_LORENA_08042016_173432.pdf', '2016-04-08', 168),
(45, 'Mentes_Mejorando_DURAN_LORENA_08042016_173520.pdf', '2016-04-08', 0),
(46, 'Mentes_Mejorando_FARUK_ZACARIAS_14042016_163737.pdf', '2016-04-14', 169),
(47, 'Mentes_Mejorando_FARUK_ZACARIAS_14042016_163806.pdf', '2016-04-14', 0),
(48, 'Mentes_Mejorando_FARUK_ZACARIAS_14042016_163837.pdf', '2016-04-14', 0),
(49, 'Mentes_Mejorando_LOPEZ_FUENZALIDA_TIZIANO_JOAQUIN_14042016_233929.pdf', '2016-04-14', 170),
(50, 'Mentes_Mejorando_CARRIQUE_RODRIGO_DANIEL_22042016_011838.pdf', '2016-04-22', 171),
(51, 'Mentes_Mejorando_CARRIQUE_RODRIGO_DANIEL_22042016_011918.pdf', '2016-04-22', 0),
(52, 'Mentes_Mejorando_FARUK_ZACARIAS_23042016_003433.pdf', '2016-04-23', 172),
(53, 'Mentes_Mejorando_FARUK_ZACARIAS_23042016_003504.pdf', '2016-04-23', 0),
(54, 'Mentes_Mejorando_LOPEZ_FUENZALIDA_TIZIANO_JOAQUIN_25042016_023415.pdf', '2016-04-25', 173),
(55, 'Mentes_Mejorando_LOPEZ_FUENZALIDA_TIZIANO_JOAQUIN_25042016_023450.pdf', '2016-04-25', 0),
(56, 'Mentes_Mejorando_CAMACHO_BENJAMIN_05052016_041253.pdf', '2016-05-05', 158),
(57, 'Mentes_Mejorando_FLORES_JOAQUIN_EUGENIO_12052016_232637.pdf', '2016-05-12', 174),
(58, 'Mentes_Mejorando_LARA_FERRIL_JUAN_PABLO_09062016_012849.pdf', '2016-06-09', 175),
(59, 'Mentes_Mejorando_LARA_FERRIL_JUAN_PABLO_09062016_012954.pdf', '2016-06-09', 0),
(60, 'Mentes_Mejorando_LARA_FERRIL_JUAN_PABLO_10062016_011202.pdf', '2016-06-10', 175),
(61, 'Mentes_Mejorando_LARA_FERRIL_JUAN_PABLO_10062016_011402.pdf', '2016-06-10', 175),
(62, 'Mentes_Mejorando_LARA_FERRIL_JUAN_PABLO_10062016_011508.pdf', '2016-06-10', 175),
(63, 'Mentes_Mejorando_LARA_FERRIL_JUAN_PABLO_10062016_011607.pdf', '2016-06-10', 175),
(64, 'Mentes_Mejorando_LARA_FERRIL_JUAN_PABLO_10062016_011710.pdf', '2016-06-10', 175),
(65, 'Mentes_Mejorando_LARA_FERRIL_JUAN_PABLO_10062016_024152.pdf', '2016-06-10', 175),
(66, 'Mentes_Mejorando_LARA_FERRIL_JUAN_PABLO_10062016_024256.pdf', '2016-06-10', 175),
(67, 'Mentes_Mejorando_LARA_FERRIL_JUAN_PABLO_10062016_024929.pdf', '2016-06-10', 175),
(68, 'Mentes_Mejorando_LARA_FERRIL_JUAN_PABLO_10062016_025030.pdf', '2016-06-10', 175),
(69, 'Mentes_Mejorando_LARA_FERRIL_JUAN_PABLO_10062016_025129.pdf', '2016-06-10', 175),
(70, 'Mentes_Mejorando_LARA_FERRIL_JUAN_PABLO_10062016_025243.pdf', '2016-06-10', 175),
(71, 'Mentes_Mejorando_LARA_FERRIL_JUAN_PABLO_10062016_025435.pdf', '2016-06-10', 175),
(72, 'Mentes_Mejorando_LARA_FERRIL_JUAN_PABLO_10062016_025541.pdf', '2016-06-10', 175),
(73, 'Mentes_Mejorando_LARA_FERRIL_JUAN_PABLO_10062016_025642.pdf', '2016-06-10', 175),
(74, 'Mentes_Mejorando_LARA_FERRIL_JUAN_PABLO_10062016_033041.pdf', '2016-06-10', 175),
(75, 'Mentes_Mejorando_LARA_FERRIL_JUAN_PABLO_10062016_033149.pdf', '2016-06-10', 175),
(76, 'Mentes_Mejorando_LARA_FERRIL_JUAN_PABLO_10062016_033248.pdf', '2016-06-10', 175),
(77, 'Mentes_Mejorando_COPA_THIAGO_NAHUEL_17062016_011606.pdf', '2016-06-17', 176),
(78, 'Mentes_Mejorando_COPA_THIAGO_NAHUEL_17062016_011649.pdf', '2016-06-17', 0),
(79, 'Mentes_Mejorando_MANSILLA_CARDENES_FACUNDO_EMANUEL_23062016_051701.pdf', '2016-06-23', 177),
(80, 'Mentes_Mejorando_MANSILLA_CARDENES_FACUNDO_EMANUEL_23062016_051806.pdf', '2016-06-23', 0);

-- --------------------------------------------------------

--
-- Estructura de tabla para la tabla `treportegrafico`
--

CREATE TABLE IF NOT EXISTS `treportegrafico` (
  `idreportegrafico` int(11) NOT NULL AUTO_INCREMENT,
  `vcrgtitulo` varchar(250) NOT NULL,
  `vcrgnombre` varchar(250) NOT NULL,
  `vcrgpath` varchar(250) NOT NULL,
  `idinforme` int(11) NOT NULL,
  PRIMARY KEY (`idreportegrafico`)
) ENGINE=InnoDB  DEFAULT CHARSET=utf8 AUTO_INCREMENT=313 ;

--
-- Volcado de datos para la tabla `treportegrafico`
--

INSERT INTO `treportegrafico` (`idreportegrafico`, `vcrgtitulo`, `vcrgnombre`, `vcrgpath`, `idinforme`) VALUES
(1, 'ESTADO ACTUAL', 'estadoactual24032016_030226.png', './assets/img/', 155),
(2, 'HABILIDADES PSICOMOTORAS', 'habilidadespsicomotoras24032016_030226.png', './assets/img/', 155),
(3, 'HABILIDADES COGNITIVAS', 'habilidadescongnitivas24032016_030227.png', './assets/img/', 155),
(4, 'HABILIDADES SOCIO-EMOCIONALES', 'habilidadessocioemocionales24032016_030227.png', './assets/img/', 155),
(5, 'ESTADO ACTUAL', 'estadoactual25032016_122534.png', './assets/img/', 156),
(6, 'HABILIDADES PSICOMOTORAS', 'habilidadespsicomotoras25032016_122534.png', './assets/img/', 156),
(7, 'HABILIDADES COGNITIVAS', 'habilidadescongnitivas25032016_122535.png', './assets/img/', 156),
(8, 'HABILIDADES SOCIO-EMOCIONALES', 'habilidadessocioemocionales25032016_122535.png', './assets/img/', 156),
(9, 'ESTADO ACTUAL', 'estadoactual25032016_122700.png', './assets/img/', 157),
(10, 'HABILIDADES PSICOMOTORAS', 'habilidadespsicomotoras25032016_122701.png', './assets/img/', 157),
(11, 'HABILIDADES COGNITIVAS', 'habilidadescongnitivas25032016_122701.png', './assets/img/', 157),
(12, 'HABILIDADES SOCIO-EMOCIONALES', 'habilidadessocioemocionales25032016_122701.png', './assets/img/', 157),
(17, 'ESTADO ACTUAL', 'estadoactual25032016_124402.png', './assets/img/', 159),
(18, 'HABILIDADES PSICOMOTORAS', 'habilidadespsicomotoras25032016_124402.png', './assets/img/', 159),
(19, 'HABILIDADES COGNITIVAS', 'habilidadescongnitivas25032016_124402.png', './assets/img/', 159),
(20, 'HABILIDADES SOCIO-EMOCIONALES', 'habilidadessocioemocionales25032016_124402.png', './assets/img/', 159),
(21, 'ESTADO ACTUAL', 'estadoactual25032016_124823.png', './assets/img/', 160),
(22, 'HABILIDADES PSICOMOTORAS', 'habilidadespsicomotoras25032016_124823.png', './assets/img/', 160),
(23, 'HABILIDADES COGNITIVAS', 'habilidadescongnitivas25032016_124823.png', './assets/img/', 160),
(24, 'HABILIDADES SOCIO-EMOCIONALES', 'habilidadessocioemocionales25032016_124823.png', './assets/img/', 160),
(25, 'ESTADO ACTUAL', 'estadoactual25032016_125103.png', './assets/img/', 161),
(26, 'HABILIDADES PSICOMOTORAS', 'habilidadespsicomotoras25032016_125104.png', './assets/img/', 161),
(27, 'HABILIDADES COGNITIVAS', 'habilidadescongnitivas25032016_125104.png', './assets/img/', 161),
(28, 'HABILIDADES SOCIO-EMOCIONALES', 'habilidadessocioemocionales25032016_125104.png', './assets/img/', 161),
(29, 'ESTADO ACTUAL', 'estadoactual25032016_125639.png', './assets/img/', 162),
(30, 'HABILIDADES PSICOMOTORAS', 'habilidadespsicomotoras25032016_125640.png', './assets/img/', 162),
(31, 'HABILIDADES COGNITIVAS', 'habilidadescongnitivas25032016_125640.png', './assets/img/', 162),
(32, 'HABILIDADES SOCIO-EMOCIONALES', 'habilidadessocioemocionales25032016_125640.png', './assets/img/', 162),
(33, 'ESTADO ACTUAL', 'estadoactual25032016_130234.png', './assets/img/', 162),
(34, 'HABILIDADES PSICOMOTORAS', 'habilidadespsicomotoras25032016_130234.png', './assets/img/', 162),
(35, 'HABILIDADES COGNITIVAS', 'habilidadescongnitivas25032016_130235.png', './assets/img/', 162),
(36, 'HABILIDADES SOCIO-EMOCIONALES', 'habilidadessocioemocionales25032016_130235.png', './assets/img/', 162),
(37, 'ESTADO ACTUAL', 'estadoactual25032016_130622.png', './assets/img/', 163),
(38, 'HABILIDADES PSICOMOTORAS', 'habilidadespsicomotoras25032016_130622.png', './assets/img/', 163),
(39, 'HABILIDADES COGNITIVAS', 'habilidadescongnitivas25032016_130622.png', './assets/img/', 163),
(40, 'HABILIDADES SOCIO-EMOCIONALES', 'habilidadessocioemocionales25032016_130622.png', './assets/img/', 163),
(41, 'ESTADO ACTUAL', 'estadoactual25032016_135756.png', './assets/img/', 164),
(42, 'HABILIDADES PSICOMOTORAS', 'habilidadespsicomotoras25032016_135757.png', './assets/img/', 164),
(43, 'HABILIDADES COGNITIVAS', 'habilidadescongnitivas25032016_135757.png', './assets/img/', 164),
(44, 'HABILIDADES SOCIO-EMOCIONALES', 'habilidadessocioemocionales25032016_135757.png', './assets/img/', 164),
(45, 'ESTADO ACTUAL', 'estadoactual25032016_140044.png', './assets/img/', 165),
(46, 'HABILIDADES PSICOMOTORAS', 'habilidadespsicomotoras25032016_140044.png', './assets/img/', 165),
(47, 'HABILIDADES COGNITIVAS', 'habilidadescongnitivas25032016_140045.png', './assets/img/', 165),
(48, 'HABILIDADES SOCIO-EMOCIONALES', 'habilidadessocioemocionales25032016_140045.png', './assets/img/', 165),
(49, 'ESTADO ACTUAL', 'estadoactual25032016_140645.png', './assets/img/', 166),
(50, 'HABILIDADES PSICOMOTORAS', 'habilidadespsicomotoras25032016_140646.png', './assets/img/', 166),
(51, 'HABILIDADES COGNITIVAS', 'habilidadescongnitivas25032016_140646.png', './assets/img/', 166),
(52, 'HABILIDADES SOCIO-EMOCIONALES', 'habilidadessocioemocionales25032016_140646.png', './assets/img/', 166),
(53, 'ESTADO ACTUAL', 'estadoactual25032016_141152.png', './assets/img/', 167),
(54, 'HABILIDADES PSICOMOTORAS', 'habilidadespsicomotoras25032016_141153.png', './assets/img/', 167),
(55, 'HABILIDADES COGNITIVAS', 'habilidadescongnitivas25032016_141153.png', './assets/img/', 167),
(56, 'HABILIDADES SOCIO-EMOCIONALES', 'habilidadessocioemocionales25032016_141153.png', './assets/img/', 167),
(57, 'ESTADO ACTUAL', 'estadoactual25032016_160604.png', './assets/img/', 168),
(58, 'HABILIDADES PSICOMOTORAS', 'habilidadespsicomotoras25032016_160604.png', './assets/img/', 168),
(59, 'HABILIDADES COGNITIVAS', 'habilidadescongnitivas25032016_160604.png', './assets/img/', 168),
(60, 'HABILIDADES SOCIO-EMOCIONALES', 'habilidadessocioemocionales25032016_160605.png', './assets/img/', 168),
(61, 'ESTADO ACTUAL', 'estadoactual25032016_160753.png', './assets/img/', 169),
(62, 'HABILIDADES PSICOMOTORAS', 'habilidadespsicomotoras25032016_160753.png', './assets/img/', 169),
(63, 'HABILIDADES COGNITIVAS', 'habilidadescongnitivas25032016_160753.png', './assets/img/', 169),
(64, 'HABILIDADES SOCIO-EMOCIONALES', 'habilidadessocioemocionales25032016_160754.png', './assets/img/', 169),
(65, 'ESTADO ACTUAL', 'estadoactual25032016_164753.png', './assets/img/', 170),
(66, 'HABILIDADES PSICOMOTORAS', 'habilidadespsicomotoras25032016_164753.png', './assets/img/', 170),
(67, 'HABILIDADES COGNITIVAS', 'habilidadescongnitivas25032016_164753.png', './assets/img/', 170),
(68, 'HABILIDADES SOCIO-EMOCIONALES', 'habilidadessocioemocionales25032016_164754.png', './assets/img/', 170),
(101, 'ESTADO ACTUAL', 'estadoactual25032016_205925.png', './assets/img/estadisticos/', 178),
(102, 'HABILIDADES PSICOMOTORAS', 'habilidadespsicomotoras25032016_205925.png', './assets/img/estadisticos/', 178),
(103, 'HABILIDADES COGNITIVAS', 'habilidadescongnitivas25032016_205926.png', './assets/img/estadisticos/', 178),
(104, 'HABILIDADES SOCIO-EMOCIONALES', 'habilidadessocioemocionales25032016_205926.png', './assets/img/estadisticos/', 178),
(105, 'ESTADO ACTUAL', 'estadoactual26032016_015037.png', './assets/img/estadisticos/', 179),
(106, 'HABILIDADES PSICOMOTORAS', 'habilidadespsicomotoras26032016_015037.png', './assets/img/estadisticos/', 179),
(107, 'HABILIDADES COGNITIVAS', 'habilidadescongnitivas26032016_015038.png', './assets/img/estadisticos/', 179),
(108, 'HABILIDADES SOCIO-EMOCIONALES', 'habilidadessocioemocionales26032016_015038.png', './assets/img/estadisticos/', 179),
(109, 'ESTADO ACTUAL', 'estadoactual26032016_015105.png', './assets/img/estadisticos/', 179),
(110, 'HABILIDADES PSICOMOTORAS', 'habilidadespsicomotoras26032016_015105.png', './assets/img/estadisticos/', 179),
(111, 'HABILIDADES COGNITIVAS', 'habilidadescongnitivas26032016_015105.png', './assets/img/estadisticos/', 179),
(112, 'HABILIDADES SOCIO-EMOCIONALES', 'habilidadessocioemocionales26032016_015106.png', './assets/img/estadisticos/', 179),
(113, 'ESTADO ACTUAL', 'estadoactual26032016_015416.png', './assets/img/estadisticos/', 179),
(114, 'HABILIDADES PSICOMOTORAS', 'habilidadespsicomotoras26032016_015417.png', './assets/img/estadisticos/', 179),
(115, 'HABILIDADES COGNITIVAS', 'habilidadescongnitivas26032016_015417.png', './assets/img/estadisticos/', 179),
(116, 'HABILIDADES SOCIO-EMOCIONALES', 'habilidadessocioemocionales26032016_015417.png', './assets/img/estadisticos/', 179),
(117, 'ESTADO ACTUAL', 'estadoactual26032016_015605.png', './assets/img/estadisticos/', 179),
(118, 'HABILIDADES PSICOMOTORAS', 'habilidadespsicomotoras26032016_015606.png', './assets/img/estadisticos/', 179),
(119, 'HABILIDADES COGNITIVAS', 'habilidadescongnitivas26032016_015606.png', './assets/img/estadisticos/', 179),
(120, 'HABILIDADES SOCIO-EMOCIONALES', 'habilidadessocioemocionales26032016_015606.png', './assets/img/estadisticos/', 179),
(121, 'ESTADO ACTUAL', 'estadoactual26032016_015712.png', './assets/img/estadisticos/', 180),
(122, 'HABILIDADES PSICOMOTORAS', 'habilidadespsicomotoras26032016_015712.png', './assets/img/estadisticos/', 180),
(123, 'HABILIDADES COGNITIVAS', 'habilidadescongnitivas26032016_015712.png', './assets/img/estadisticos/', 180),
(124, 'HABILIDADES SOCIO-EMOCIONALES', 'habilidadessocioemocionales26032016_015713.png', './assets/img/estadisticos/', 180),
(125, 'ESTADO ACTUAL', 'estadoactual26032016_020223.png', './assets/img/estadisticos/', 182),
(126, 'HABILIDADES PSICOMOTORAS', 'habilidadespsicomotoras26032016_020223.png', './assets/img/estadisticos/', 182),
(127, 'HABILIDADES COGNITIVAS', 'habilidadescongnitivas26032016_020223.png', './assets/img/estadisticos/', 182),
(128, 'HABILIDADES SOCIO-EMOCIONALES', 'habilidadessocioemocionales26032016_020224.png', './assets/img/estadisticos/', 182),
(129, 'ESTADO ACTUAL', 'estadoactual26032016_020304.png', './assets/img/estadisticos/', 182),
(130, 'HABILIDADES PSICOMOTORAS', 'habilidadespsicomotoras26032016_020304.png', './assets/img/estadisticos/', 182),
(131, 'HABILIDADES COGNITIVAS', 'habilidadescongnitivas26032016_020305.png', './assets/img/estadisticos/', 182),
(132, 'HABILIDADES SOCIO-EMOCIONALES', 'habilidadessocioemocionales26032016_020305.png', './assets/img/estadisticos/', 182),
(133, 'ESTADO ACTUAL', 'estadoactual26032016_020844.png', './assets/img/estadisticos/', 183),
(134, 'HABILIDADES PSICOMOTORAS', 'habilidadespsicomotoras26032016_020844.png', './assets/img/estadisticos/', 183),
(135, 'HABILIDADES COGNITIVAS', 'habilidadescongnitivas26032016_020845.png', './assets/img/estadisticos/', 183),
(136, 'HABILIDADES SOCIO-EMOCIONALES', 'habilidadessocioemocionales26032016_020845.png', './assets/img/estadisticos/', 183),
(137, 'ESTADO ACTUAL', 'estadoactual26032016_025253.png', './assets/img/estadisticos/', 153),
(138, 'HABILIDADES PSICOMOTORAS', 'habilidadespsicomotoras26032016_025253.png', './assets/img/estadisticos/', 153),
(139, 'HABILIDADES COGNITIVAS', 'habilidadescongnitivas26032016_025254.png', './assets/img/estadisticos/', 153),
(140, 'HABILIDADES SOCIO-EMOCIONALES', 'habilidadessocioemocionales26032016_025255.png', './assets/img/estadisticos/', 153),
(141, 'ESTADO ACTUAL', 'estadoactual26032016_030340.png', './assets/img/estadisticos/', 154),
(142, 'HABILIDADES PSICOMOTORAS', 'habilidadespsicomotoras26032016_030340.png', './assets/img/estadisticos/', 154),
(143, 'HABILIDADES COGNITIVAS', 'habilidadescongnitivas26032016_030341.png', './assets/img/estadisticos/', 154),
(144, 'HABILIDADES SOCIO-EMOCIONALES', 'habilidadessocioemocionales26032016_030342.png', './assets/img/estadisticos/', 154),
(145, 'ESTADO ACTUAL', 'estadoactual26032016_220916.png', './assets/img/estadisticos/', 155),
(146, 'HABILIDADES PSICOMOTORAS', 'habilidadespsicomotoras26032016_220916.png', './assets/img/estadisticos/', 155),
(147, 'HABILIDADES COGNITIVAS', 'habilidadescongnitivas26032016_220916.png', './assets/img/estadisticos/', 155),
(148, 'HABILIDADES SOCIO-EMOCIONALES', 'habilidadessocioemocionales26032016_220917.png', './assets/img/estadisticos/', 155),
(149, 'ESTADO ACTUAL', 'estadoactual26032016_230754.png', './assets/img/estadisticos/', 156),
(150, 'HABILIDADES PSICOMOTORAS', 'habilidadespsicomotoras26032016_230754.png', './assets/img/estadisticos/', 156),
(151, 'HABILIDADES COGNITIVAS', 'habilidadescongnitivas26032016_230754.png', './assets/img/estadisticos/', 156),
(152, 'HABILIDADES SOCIO-EMOCIONALES', 'habilidadessocioemocionales26032016_230755.png', './assets/img/estadisticos/', 156),
(153, 'ESTADO ACTUAL', 'estadoactual26032016_232908.png', './assets/img/estadisticos/', 157),
(154, 'HABILIDADES PSICOMOTORAS', 'habilidadespsicomotoras26032016_232909.png', './assets/img/estadisticos/', 157),
(155, 'HABILIDADES COGNITIVAS', 'habilidadescongnitivas26032016_232909.png', './assets/img/estadisticos/', 157),
(156, 'HABILIDADES SOCIO-EMOCIONALES', 'habilidadessocioemocionales26032016_232909.png', './assets/img/estadisticos/', 157),
(161, 'ESTADO ACTUAL', 'estadoactual27032016_004037.png', './assets/img/estadisticos/', 159),
(162, 'HABILIDADES PSICOMOTORAS', 'habilidadespsicomotoras27032016_004037.png', './assets/img/estadisticos/', 159),
(163, 'HABILIDADES COGNITIVAS', 'habilidadescongnitivas27032016_004038.png', './assets/img/estadisticos/', 159),
(164, 'HABILIDADES SOCIO-EMOCIONALES', 'habilidadessocioemocionales27032016_004038.png', './assets/img/estadisticos/', 159),
(165, 'ESTADO ACTUAL', 'estadoactual27032016_010143.png', './assets/img/estadisticos/', 160),
(166, 'HABILIDADES PSICOMOTORAS', 'habilidadespsicomotoras27032016_010143.png', './assets/img/estadisticos/', 160),
(167, 'HABILIDADES COGNITIVAS', 'habilidadescongnitivas27032016_010144.png', './assets/img/estadisticos/', 160),
(168, 'HABILIDADES SOCIO-EMOCIONALES', 'habilidadessocioemocionales27032016_010144.png', './assets/img/estadisticos/', 160),
(169, 'ESTADO ACTUAL', 'estadoactual08042016_145955.png', './assets/img/estadisticos/', 161),
(170, 'HABILIDADES PSICOMOTORAS', 'habilidadespsicomotoras08042016_145955.png', './assets/img/estadisticos/', 161),
(171, 'HABILIDADES COGNITIVAS', 'habilidadescongnitivas08042016_145956.png', './assets/img/estadisticos/', 161),
(172, 'HABILIDADES SOCIO-EMOCIONALES', 'habilidadessocioemocionales08042016_145956.png', './assets/img/estadisticos/', 161),
(173, 'ESTADO ACTUAL', 'estadoactual08042016_150203.png', './assets/img/estadisticos/', 161),
(174, 'HABILIDADES PSICOMOTORAS', 'habilidadespsicomotoras08042016_150204.png', './assets/img/estadisticos/', 161),
(175, 'HABILIDADES COGNITIVAS', 'habilidadescongnitivas08042016_150204.png', './assets/img/estadisticos/', 161),
(176, 'HABILIDADES SOCIO-EMOCIONALES', 'habilidadessocioemocionales08042016_150204.png', './assets/img/estadisticos/', 161),
(177, 'ESTADO ACTUAL', 'estadoactual08042016_150342.png', './assets/img/estadisticos/', 163),
(178, 'HABILIDADES PSICOMOTORAS', 'habilidadespsicomotoras08042016_150343.png', './assets/img/estadisticos/', 163),
(179, 'HABILIDADES COGNITIVAS', 'habilidadescongnitivas08042016_150343.png', './assets/img/estadisticos/', 163),
(180, 'HABILIDADES SOCIO-EMOCIONALES', 'habilidadessocioemocionales08042016_150343.png', './assets/img/estadisticos/', 163),
(181, 'ESTADO ACTUAL', 'estadoactual08042016_150723.png', './assets/img/estadisticos/', 164),
(182, 'HABILIDADES PSICOMOTORAS', 'habilidadespsicomotoras08042016_150723.png', './assets/img/estadisticos/', 164),
(183, 'HABILIDADES COGNITIVAS', 'habilidadescongnitivas08042016_150724.png', './assets/img/estadisticos/', 164),
(184, 'HABILIDADES SOCIO-EMOCIONALES', 'habilidadessocioemocionales08042016_150724.png', './assets/img/estadisticos/', 164),
(185, 'ESTADO ACTUAL', 'estadoactual08042016_151015.png', './assets/img/estadisticos/', 165),
(186, 'HABILIDADES PSICOMOTORAS', 'habilidadespsicomotoras08042016_151016.png', './assets/img/estadisticos/', 165),
(187, 'HABILIDADES COGNITIVAS', 'habilidadescongnitivas08042016_151016.png', './assets/img/estadisticos/', 165),
(188, 'HABILIDADES SOCIO-EMOCIONALES', 'habilidadessocioemocionales08042016_151017.png', './assets/img/estadisticos/', 165),
(189, 'ESTADO ACTUAL', 'estadoactual08042016_151235.png', './assets/img/estadisticos/', 166),
(190, 'HABILIDADES PSICOMOTORAS', 'habilidadespsicomotoras08042016_151236.png', './assets/img/estadisticos/', 166),
(191, 'HABILIDADES COGNITIVAS', 'habilidadescongnitivas08042016_151237.png', './assets/img/estadisticos/', 166),
(192, 'HABILIDADES SOCIO-EMOCIONALES', 'habilidadessocioemocionales08042016_151237.png', './assets/img/estadisticos/', 166),
(193, 'ESTADO ACTUAL', 'estadoactual08042016_151811.png', './assets/img/estadisticos/', 167),
(194, 'HABILIDADES PSICOMOTORAS', 'habilidadespsicomotoras08042016_151811.png', './assets/img/estadisticos/', 167),
(195, 'HABILIDADES COGNITIVAS', 'habilidadescongnitivas08042016_151812.png', './assets/img/estadisticos/', 167),
(196, 'HABILIDADES SOCIO-EMOCIONALES', 'habilidadessocioemocionales08042016_151812.png', './assets/img/estadisticos/', 167),
(197, 'ESTADO ACTUAL', 'estadoactual08042016_173227.png', './assets/img/estadisticos/', 168),
(198, 'HABILIDADES PSICOMOTORAS', 'habilidadespsicomotoras08042016_173228.png', './assets/img/estadisticos/', 168),
(199, 'HABILIDADES COGNITIVAS', 'habilidadescongnitivas08042016_173229.png', './assets/img/estadisticos/', 168),
(200, 'HABILIDADES SOCIO-EMOCIONALES', 'habilidadessocioemocionales08042016_173229.png', './assets/img/estadisticos/', 168),
(201, 'ESTADO ACTUAL', 'estadoactual14042016_163145.png', './assets/img/estadisticos/', 169),
(202, 'HABILIDADES PSICOMOTORAS', 'habilidadespsicomotoras14042016_163145.png', './assets/img/estadisticos/', 169),
(203, 'HABILIDADES COGNITIVAS', 'habilidadescongnitivas14042016_163146.png', './assets/img/estadisticos/', 169),
(204, 'HABILIDADES SOCIO-EMOCIONALES', 'habilidadessocioemocionales14042016_163146.png', './assets/img/estadisticos/', 169),
(205, 'ESTADO ACTUAL', 'estadoactual14042016_233507.png', './assets/img/estadisticos/', 170),
(206, 'HABILIDADES PSICOMOTORAS', 'habilidadespsicomotoras14042016_233508.png', './assets/img/estadisticos/', 170),
(207, 'HABILIDADES COGNITIVAS', 'habilidadescongnitivas14042016_233508.png', './assets/img/estadisticos/', 170),
(208, 'HABILIDADES SOCIO-EMOCIONALES', 'habilidadessocioemocionales14042016_233509.png', './assets/img/estadisticos/', 170),
(209, 'ESTADO ACTUAL', 'estadoactual22042016_011456.png', './assets/img/estadisticos/', 171),
(210, 'HABILIDADES PSICOMOTORAS', 'habilidadespsicomotoras22042016_011456.png', './assets/img/estadisticos/', 171),
(211, 'HABILIDADES COGNITIVAS', 'habilidadescongnitivas22042016_011457.png', './assets/img/estadisticos/', 171),
(212, 'HABILIDADES SOCIO-EMOCIONALES', 'habilidadessocioemocionales22042016_011458.png', './assets/img/estadisticos/', 171),
(213, 'ESTADO ACTUAL', 'estadoactual23042016_003140.png', './assets/img/estadisticos/', 172),
(214, 'HABILIDADES PSICOMOTORAS', 'habilidadespsicomotoras23042016_003141.png', './assets/img/estadisticos/', 172),
(215, 'HABILIDADES COGNITIVAS', 'habilidadescongnitivas23042016_003142.png', './assets/img/estadisticos/', 172),
(216, 'HABILIDADES SOCIO-EMOCIONALES', 'habilidadessocioemocionales23042016_003142.png', './assets/img/estadisticos/', 172),
(217, 'ESTADO ACTUAL', 'estadoactual25042016_023407.png', './assets/img/estadisticos/', 173),
(218, 'HABILIDADES PSICOMOTORAS', 'habilidadespsicomotoras25042016_023407.png', './assets/img/estadisticos/', 173),
(219, 'HABILIDADES COGNITIVAS', 'habilidadescongnitivas25042016_023408.png', './assets/img/estadisticos/', 173),
(220, 'HABILIDADES SOCIO-EMOCIONALES', 'habilidadessocioemocionales25042016_023408.png', './assets/img/estadisticos/', 173),
(225, 'ESTADO ACTUAL', 'estadoactual05052016_041252.png', './assets/img/estadisticos/', 158),
(226, 'HABILIDADES PSICOMOTORAS', 'habilidadespsicomotoras05052016_041252.png', './assets/img/estadisticos/', 158),
(227, 'HABILIDADES COGNITIVAS', 'habilidadescongnitivas05052016_041252.png', './assets/img/estadisticos/', 158),
(228, 'HABILIDADES SOCIO-EMOCIONALES', 'habilidadessocioemocionales05052016_041253.png', './assets/img/estadisticos/', 158),
(229, 'ESTADO ACTUAL', 'estadoactual12052016_232518.png', './assets/img/estadisticos/', 174),
(230, 'HABILIDADES PSICOMOTORAS', 'habilidadespsicomotoras12052016_232519.png', './assets/img/estadisticos/', 174),
(231, 'HABILIDADES COGNITIVAS', 'habilidadescongnitivas12052016_232519.png', './assets/img/estadisticos/', 174),
(232, 'HABILIDADES SOCIO-EMOCIONALES', 'habilidadessocioemocionales12052016_232520.png', './assets/img/estadisticos/', 174),
(301, 'ESTADO ACTUAL', 'estadoactual10062016_033245.png', './assets/img/estadisticos/', 175),
(302, 'HABILIDADES PSICOMOTORAS', 'habilidadespsicomotoras10062016_033246.png', './assets/img/estadisticos/', 175),
(303, 'HABILIDADES COGNITIVAS', 'habilidadescongnitivas10062016_033246.png', './assets/img/estadisticos/', 175),
(304, 'HABILIDADES SOCIO-EMOCIONALES', 'habilidadessocioemocionales10062016_033247.png', './assets/img/estadisticos/', 175),
(305, 'ESTADO ACTUAL', 'estadoactual17062016_011128.png', './assets/img/estadisticos/', 176),
(306, 'HABILIDADES PSICOMOTORAS', 'habilidadespsicomotoras17062016_011128.png', './assets/img/estadisticos/', 176),
(307, 'HABILIDADES COGNITIVAS', 'habilidadescongnitivas17062016_011129.png', './assets/img/estadisticos/', 176),
(308, 'HABILIDADES SOCIO-EMOCIONALES', 'habilidadessocioemocionales17062016_011129.png', './assets/img/estadisticos/', 176),
(309, 'ESTADO ACTUAL', 'estadoactual23062016_051632.png', './assets/img/estadisticos/', 177),
(310, 'HABILIDADES PSICOMOTORAS', 'habilidadespsicomotoras23062016_051634.png', './assets/img/estadisticos/', 177),
(311, 'HABILIDADES COGNITIVAS', 'habilidadescongnitivas23062016_051634.png', './assets/img/estadisticos/', 177),
(312, 'HABILIDADES SOCIO-EMOCIONALES', 'habilidadessocioemocionales23062016_051635.png', './assets/img/estadisticos/', 177);

-- --------------------------------------------------------

--
-- Estructura de tabla para la tabla `trespuesta`
--

CREATE TABLE IF NOT EXISTS `trespuesta` (
  `idrespuesta` int(11) NOT NULL AUTO_INCREMENT,
  `vcrespnombre` varchar(250) NOT NULL,
  `borespestado` tinyint(1) NOT NULL,
  PRIMARY KEY (`idrespuesta`)
) ENGINE=InnoDB  DEFAULT CHARSET=utf8 AUTO_INCREMENT=4 ;

--
-- Volcado de datos para la tabla `trespuesta`
--

INSERT INTO `trespuesta` (`idrespuesta`, `vcrespnombre`, `borespestado`) VALUES
(1, 'NUNCA', 1),
(2, 'A VECES', 1),
(3, 'SIEMPRE', 1);

-- --------------------------------------------------------

--
-- Estructura de tabla para la tabla `tresultado`
--

CREATE TABLE IF NOT EXISTS `tresultado` (
  `idresultado` int(11) NOT NULL AUTO_INCREMENT,
  `vcresultestninio` varchar(1000) DEFAULT NULL,
  `vcresultinfobt` varchar(1000) DEFAULT NULL,
  `vcresultsugprof` varchar(2000) DEFAULT NULL,
  `vcresultejepot` varchar(5000) DEFAULT NULL,
  `vcresultorientadult` varchar(1000) DEFAULT NULL,
  `boresultestado` tinyint(1) NOT NULL,
  `idsubfactor` int(11) NOT NULL,
  PRIMARY KEY (`idresultado`)
) ENGINE=InnoDB  DEFAULT CHARSET=utf8 AUTO_INCREMENT=147 ;

--
-- Volcado de datos para la tabla `tresultado`
--

INSERT INTO `tresultado` (`idresultado`, `vcresultestninio`, `vcresultinfobt`, `vcresultsugprof`, `vcresultejepot`, `vcresultorientadult`, `boresultestado`, `idsubfactor`) VALUES
(1, 'MUY MAL', 'Su motricidad gruesa necesita mucha estimulación para prevenir dificultades.', '•Pedirle que señale, nombre y localice partes del cuerpo, en un dibujo, en un compañero y en sí mismo frente a un espejo.\n•Reproducir sonidos de animales en diferentes tonos de voz (bajos y altos) e imitar sus diferentes movimientos.\n•Caminar sobre las puntas de los pies en línea recta. \n•Caminar sobre los talones de los pies en línea recta.\n•Saltar con los dos pies, cayendo en el mismo lugar. \n• Lanzar una pelota hacia arriba y agarrarla nuevamente.    \n•Sacarse y ponerse el delantal, de manera lenta y tranquila, sin ayuda y sin apuro.    ', 'CARGA UNA COSITA, LA HORMIGUITA  TITA\nParticipantes: dos o más personas. \nAdministración: 10 minutos (aproximadamente) por día durante un mes.\nEspacio: exterior o interior.\nMateriales: 10 objetos medianos. Una línea marcada con tiza en el piso o con un palo sobre la tierra.\nConsigna: indicar en la línea de juego, cuál extremo es la SALIDA y cual la LLEGADA. Cada participante tiene que caminar sobre la línea de juego, manteniendo el equilibrio y llevando un objeto en la palma de la mano, sin que se caiga y cantando “carga una cosita, la hormiguita tita”\nCada vez que logra llevar el objeto desde el punto de partida hasta el punto de llegada: gana y se aplaude el logro\nEstimula: \n- Desarrollo psicomotor: motricidad gruesa. - Desarrollo cognitivo: capacidad de atención, concentración, lenguaje, memoria auditiva.\n- Desarrollo socio – emocional: autoestima.\n\nANDO - ANDO - IMAGINANDO\nParticipantes: dos o más personas. \nAdministración: 10 minutos (aproximadamente) por día durante un mes.\nEspacio: exterior o interior.\nMateriales: calzado cómodo (o descalzos).\nConsigna: el adulto dirige el juego cantando en voz alta: Ando - Ando - Imaginando que somos…\nLos participantes preguntan:- ¿Qué somos cómo?\n- Muy altos (al mismo tiempo levanta sus brazos y camina en puntas de pie, demostrando lo que hay que hacer).\nTodos los participantes lo imitan, hasta que vuelve a cantar otra consigna: \nAndo - Ando - Imaginando que somos…\nLos participantes preguntan:- ¿Qué somos cómo?\n-Muy bajos (al mismo tiempo camina en cuclillas y/o agachado). \nY así sucesivamente.\n- Ando - Ando - Imaginando que somos… muy grandes (al mismo tiempo infla sus mejillas, abre los brazos y camina con las piernas abiertas).\n- Ando - Ando - Imaginando que somos… muy  angostos (al mismo tiempo camina con los brazos pegados al cuerpo y los pies muy juntos con pasos muy cortos).\nEstimula: \n- Desarrollo psicomotor: motricidad gruesa. - Desarrollo cognitivo: capacidad de atención, concentración, lenguaje, memoria auditiva, memoria visual y memoria kinestésica.\n- Desarrollo socio – emocional: autoestima y socialización.', '\nPor lo detectado en la INFORMACIÓN OBTENIDA SOBRE EL DESARROLLO PSICOMOTOR, sugerimos realizar una consulta en: PEDIATRIA – PSICOMOTRICIDAD', 1, 1),
(2, 'MAL', 'Su motricidad gruesa necesita más estimulación para prevenir dificultades.', '•Pedirle que señale, nombre y localice partes del cuerpo, en un dibujo, en un compañero y en sí mismo frente a un espejo.\r\n•Guiarlo para que nombre cada parte del cuerpo y diga su funcionalidad o utilidad.\r\n•Bailar en diferentes ritmos.\r\n• Lanzar una pelota hacia arriba y agarrarla nuevamente.    \r\n•Sacarse y ponerse el delantal, sin ayuda.\r\n•Sostenerse parado sobre el pie derecho manteniendo el equilibrio, mientras se cuenta hasta 10. Después sobre el izquierdo.', 'EMBOCA EMBOCA QUE LA SUERTE ES LOCA\r\nParticipantes: dos o más personas. \r\nAdministración: 10 minutos (aproximadamente) por día durante un mes.\r\nEspacio: exterior o interior.\r\nMateriales: pelota (comprada o hecha en casa con papel o trapo) balde o cacerola o caja. \r\nConsigna: el adulto muestra como tirar la pelota para embocarla en el recipiente elegido (balde, cacerola o caja).\r\nCada participante en su turno, debe decir en voz alta: “emboca, emboca, que la suerte es loca” y lanzar una pelota con la mano derecha y con la izquierda, intentando embocarla en el balde, cacerola o caja.\r\nFelicite los aciertos y aliente a intentarlo otra vez, si no logra embocar la pelota, en los primeros intentos.\r\nEstimula: \r\n- Desarrollo psicomotor: motricidad gruesa. - Desarrollo cognitivo: capacidad de atención, concentración, memoria auditiva.\r\n- Desarrollo socio – emocional: autoestima.\r\n\r\n\r\nCARGA UNA COSITA, LA HORMIGUITA  TITA\r\nParticipantes: dos o más personas. \r\nAdministración: 10 minutos (aproximadamente) por día durante un mes.\r\nEspacio: exterior o interior.\r\nMateriales: 10 objetos medianos. Una línea marcada con tiza en el piso o con un palo sobre la tierra.\r\nConsigna: indicar en la línea de juego, cuál extremo es la SALIDA y cual la LLEGADA. Cada participante tiene que caminar sobre la línea de juego, manteniendo el equilibrio y llevando un objeto en la palma de la mano, sin que se caiga y cantando “carga una cosita, la hormiguita tita”\r\n. Cada vez que logra llevar el objeto desde el punto de partida hasta el punto de llegada: gana y se aplaude el logro\r\nEstimula: \r\n- Desarrollo psicomotor: motricidad gruesa. - Desarrollo cognitivo: capacidad de atención, concentración, lenguaje, memoria auditiva.\r\n- Desarrollo socio – emocional: autoestima.', NULL, 1, 1),
(3, 'MASO', 'Su motricidad gruesa es buena, con estimulación mejoraría notablemente.', '•Guiarlo para que nombre cada parte del cuerpo y diga su funcionalidad o utilidad.\n•Pedir que frote una mano sobre su  pupitre o la mesa, y con la otra realice golpes suaves coordinados en la misma superficie.\n•Subir y/o bajar escaleras: primero agarrándose de la baranda y luego sin agarrarse. \n•Sacarse y ponerse el delantal, sin ayuda.\n•Supervisado por un adulto, caminar sobre un cordón de vereda, colocando un pie delante del otro en cada paso.\n•Saltar a la soga.', 'CAMINITO - CAMINATA ¿DONDE ESTARA MI CORBATA?\r\nParticipantes: dos o más personas. \r\nAdministración: 10 minutos (aproximadamente) por día durante un mes.\r\nEspacio: exterior o interior.\r\nMateriales: calzado cómodo (o descalzos).\r\nConsigna: el adulto dirige el juego cantando en voz alta: caminito – caminata ¿dónde estará mi corbata?\r\nLos participantes responden: -Lejos muy lejos…\r\nY todos comienzan a caminar alejados uno del otro.\r\nEl adulto canta varias consignas:\r\n- Caminito – caminata ¿dónde estará mi corbata? - Cerca muy cerca…\r\nY todos comienzan a caminar cerca uno del otro.  \r\n-Caminito – caminata ¿dónde estará mi corbata? -Adelante muy adelante…\r\nY todos comienzan a caminar adelante de otro participante.\r\n-Caminito – caminata ¿dónde estará mi corbata? -Atrás muy atrás…\r\nY todos comienzan a caminar atrás de otro participante.\r\n-Caminito – caminata ¿dónde estará mi corbata? -Abajo muy abajo…\r\nY todos comienzan a caminar en cuclillas.\r\n-Caminito – caminata ¿dónde estará mi corbata? -Arriba muy arriba…\r\nY todos comienzan a caminar en punta de los pies.\r\n\r\nEstimula: \r\n- Desarrollo psicomotor: motricidad gruesa. - Desarrollo cognitivo: capacidad de atención, concentración, lenguaje, memoria auditiva, memoria kinestésica.\r\n- Desarrollo socio – emocional: autoestima y socialización.', NULL, 1, 1),
(4, 'MASO', 'Su motricidad gruesa es buena.', '•Pedir que frote una mano sobre su  pupitre o la mesa, y con la otra realice golpes suaves coordinados en la misma superficie.\n•Subir y/o bajar escaleras: primero agarrándose de la baranda y luego sin agarrarse. \n•Sacarse y ponerse el delantal, sin ayuda.\n•Caminar marcha atrás manteniendo el equilibrio.\n•Supervisado por un adulto, caminar sobre un cordón de vereda, colocando un pie delante del otro en cada paso.\n•Saltar a la soga.', 'DERECHA VOS, DERECHA YO\r\nParticipantes: dos o más personas. \r\nAdministración: 10 minutos (aproximadamente) por día durante un mes.\r\nEspacio: exterior o interior.\r\nMateriales: pelota de trapo \r\nConsigna: Lanzar la pelota a otro participante, primero con las dos manos y luego con una mano (derecha e izquierda).\r\nRecibir la pelota, con las dos manos y luego con una mano (derecha e izquierda).\r\nEstimula: \r\n- Desarrollo psicomotor: motricidad gruesa. - Desarrollo cognitivo: capacidad de atención, concentración, memoria auditiva.\r\n- Desarrollo socio – emocional: autoestima.\r\n\r\nIZQUIERDA VOS, IZQUIERDA YO\r\nParticipantes: dos o más personas. \r\nAdministración: 10 minutos (aproximadamente) por día durante un mes.\r\nEspacio: exterior o interior.\r\nMateriales: pelota de trapo \r\nConsigna: Lanzar la pelota a otro participante, primero con las dos manos y luego con una mano izquierda.\r\nRecibir la pelota, con las dos manos y luego con una mano izquierda.\r\nEstimula: \r\n- Desarrollo psicomotor: motricidad gruesa. - Desarrollo cognitivo: capacidad de atención, concentración, memoria auditiva.\r\n- Desarrollo socio – emocional: autoestima.', NULL, 1, 1),
(5, 'BIEN', 'Su motricidad gruesa es muy buena.', '•Pedir que frote una mano sobre su  pupitre o la mesa, y con la otra realice golpes suaves coordinados en la misma superficie.\r\n•Subir y/o bajar escaleras: primero agarrándose de la baranda y luego sin agarrarse. \r\n•Sacarse y ponerse el delantal, sin ayuda.\r\n•Caminar marcha atrás manteniendo el equilibrio.\r\n•Supervisado por un adulto, caminar sobre un cordón de vereda, colocando un pie delante del otro en cada paso.\r\n•Saltar a la soga.', 'DERECHA VOS, DERECHA YO\r\nParticipantes: dos o más personas. \r\nAdministración: 10 minutos (aproximadamente) por día durante un mes.\r\nEspacio: exterior o interior.\r\nMateriales: pelota de trapo \r\nConsigna: Lanzar la pelota a otro participante, primero con las dos manos y luego con una mano (derecha e izquierda).\r\nRecibir la pelota, con las dos manos y luego con una mano (derecha e izquierda).\r\nEstimula: \r\n- Desarrollo psicomotor: motricidad gruesa. - Desarrollo cognitivo: capacidad de atención, concentración, memoria auditiva.\r\n- Desarrollo socio – emocional: autoestima.\r\n\r\nIZQUIERDA VOS, IZQUIERDA YO\r\nParticipantes: dos o más personas. \r\nAdministración: 10 minutos (aproximadamente) por día durante un mes.\r\nEspacio: exterior o interior.\r\nMateriales: pelota de trapo \r\nConsigna: Lanzar la pelota a otro participante, primero con las dos manos y luego con una mano izquierda.\r\nRecibir la pelota, con las dos manos y luego con una mano izquierda.\r\nEstimula: \r\n- Desarrollo psicomotor: motricidad gruesa. - Desarrollo cognitivo: capacidad de atención, concentración, memoria auditiva.\r\n- Desarrollo socio – emocional: autoestima.', NULL, 1, 1),
(6, 'MUY MAL', '\r\nY la motricidad fina necesita  desarrollarse mucho más.\r\n', '•Realizar trazos con los dedos o con un palo, sobre la tierra, arena o el agua.\r\n•Jugar con masa o plastilina, armando pelotas, víboras, etc.\r\n•Armar filas de piedritas pequeñas, hojas o palitos cortados en pedazos chicos.\r\n•Trozar papel con los dedos. \r\n•Pasar las hojas de un libro, una por una.\r\n•Cantar y acompañar la canción realizando gestos con las manos.\r\n•Girar las manos, primero con los puños cerrados, después con los dedos extendidos.\r\n•Abrir una mano mientras se cierra la otra, primero despacio, luego más rápido.\r\n•Seguir un objeto o una luz con la mirada sin mover la cabeza, realizando distintas trayectorias (arriba-abajo, izquierda-derecha, diagonal, curvas).\r\n', 'ARMA, ARMA QUE SE DESARMA\r\nParticipantes: dos o más personas. \r\nAdministración: 30 minutos (aproximadamente) por día durante un mes.\r\nEspacio: exterior o interior.\r\nMateriales: tijera con puntas redondeadas,  recorte de revista con la imagen de una persona (una persona por cada participante). \r\nConsigna: ayudar recortar la figura en 2 partes grandes. Y decirle “arma, arma que se desarma” para que una las 2 partes formando la figura nuevamente. \r\nSi lo logra: felicitar y avanzar con la siguiente consigna.\r\nSi no lo logra: brindarle otra oportunidad con una sonrisa, diciéndole “inténtalo otra vez, que practicando vas a poder” (ayudar hasta que lo logre).\r\nRecortar cada una de las 2 partes por la mitad para que queden 4 partes medianas. Y decirle “arma, arma que se desarma” para que una las 4 partes formando la figura nuevamente. \r\nSi lo logra: felicitar y avanzar con la siguiente consigna\r\nSi no lo logra: brindarle otra oportunidad con una sonrisa, diciéndole “inténtalo otra vez, que practicando vas a poder” (ayudar hasta que lo logre).\r\nRecortar cada una de las 4 partes por la mitad para que queden 8 partes pequeñas. Y decirle “arma, arma que se desarma” para que una las 8 partes formando la figura nuevamente. \r\nSi lo logra: felicitar y aplaudir.\r\nSi no lo logra: brindarle otra oportunidad con una sonrisa, diciéndole “inténtalo otra vez, que practicando vas a poder” (ayudar hasta que lo logre).\r\nCuando lo logra: felicitar y aplaudir.\r\n\r\n\r\nEstimula: \r\n- Desarrollo psicomotor: motricidad fina y coordinación óculo-manual.\r\n- Desarrollo cognitivo: capacidad de atención, concentración, memoria auditiva y memoria visual.\r\n- Desarrollo socio – emocional: autoestima y tolerancia  a la frustración.\r\n\r\nROSCA, ROSCA DESENROSCA 1,2,3\r\nParticipantes: dos o más personas. \r\nAdministración: 10 minutos (aproximadamente) por día durante un mes.\r\nEspacio: exterior\r\nMateriales: 5 botellas plásticas de bebidas de diferentes marcas y con tapas a rosca, una pista circular.\r\nConsigna: armar 2 equipos. Dibujar con tiza (con un palo si hay tierra) en el suelo un círculo grande. Colocar las botellas con las tapas intercambiadas, distribuidas dentro del círculo. Al participante que le toque jugar, se lo hará girar tapándole los ojos con las manos, para marearlo un poco, mientras el resto de los participantes cantan “rosca, rosca desenrosca a la una, a las dos y a las tres”.\r\nSe le destapan los ojos y el participante tiene que desenroscar  las tapas y enroscar cada tapa en las botellas que le corresponde. Gana el que enrosco correctamente más tapas y se aplaude a todos por intentarlo.\r\nEstimula: \r\n- Desarrollo psicomotor: motricidad fina, coordinación óculo-manual, equilibrio.\r\n- Desarrollo cognitivo: capacidad de atención, concentración, memoria visual, memoria auditiva.\r\n- Desarrollo socio – emocional: autoestima.\r\n\r\nLOS VEINTIDOS FIDEOS\r\nParticipantes: dos o más personas. \r\nAdministración: 10 minutos (aproximadamente) por día durante un mes.\r\nEspacio: exterior o interior.\r\nMateriales: hilo, fideos que se puedan enhebrar, tijera de puntas redondeadas.\r\nConsigna: cada participante recibirá un trozo de hilo. Se colocan los fideos en el centro de la mesa o en el centro de la ronda (si se trabaja en el suelo) \r\nEl adulto y los participantes contarán cantando desde el número 1 hasta el 22. Y mientras se cuenta, trataran de enhebrar la mayor cantidad de fideos posibles en su hilo. Al llegar al número 22, termina la ronda y se cuenta cuantos pudo enhebrar cada uno. Gana el que enhebró más y se aplaude a todos por intentarlo.\r\nEstimula: \r\n- Desarrollo psicomotor: motricidad fina.\r\n- Desarrollo cognitivo: capacidad de atención, concentración, memoria auditiva.\r\n- Desarrollo socio – emocional: autoestima.', 'Por lo detectado en la INFORMACIÓN OBTENIDA SOBRE EL DESARROLLO PSICOMOTOR, sugerimos realizar una consulta en: PEDIATRIA – PSICOMOTRICIDAD', 1, 2),
(7, 'MAL', 'Y la motricidad fina necesita  desarrollarse aún más.', '•Aplaudir.\r\n•Abrochar y desabrochar botones.\r\n•Doblar papel y trozar por el doblez.\r\n•Recortar figuras sencillas, con tijeras de puntas redondeadas.\r\n•Mover las dos manos juntas en varias direcciones: hacia arriba, hacia abajo, derecha, izquierda.\r\n•Copiar dibujos sencillos intentando ser fiel al modelo.\r\n•Seguir un objeto o una luz con la mirada sin mover la cabeza, realizando distintas trayectorias (arriba-abajo, izquierda-derecha, diagonal, curvas).\r\n•Colorear dibujos respetando los límites.\r\n\r\n\r\n•Doblar papel y trozar por el doblez.\r\n•Realizar trazos con los dedos o con un palo, sobre la tierra, arena o el agua.\r\n•Jugar con masa o plastilina, armando pelotas, víboras, etc.\r\n•Trozar papel con los dedos.\r\n•Cantar y acompañar la canción realizando gestos con las manos.\r\n•Girar las manos, primero con los puños cerrados, después con los dedos extendidos.\r\n•Abrir una mano mientras se cierra la otra, primero despacio, luego más rápido.\r\n•Seguir un objeto o una luz con la mirada sin mover ', 'ARMA, ARMA QUE SE DESARMA\r\nParticipantes: dos o más personas. \r\nAdministración: 30 minutos (aproximadamente) por día durante un mes.\r\nEspacio: exterior o interior.\r\nMateriales: tijera con puntas redondeadas,  recorte de revista con la imagen de una persona (una persona por cada participante). \r\nConsigna: ayudar recortar la figura en 2 partes grandes. Y decirle “arma, arma que se desarma” para que una las 2 partes formando la figura nuevamente. \r\nSi lo logra: felicitar y avanzar con la siguiente consigna.\r\nSi no lo logra: brindarle otra oportunidad con una sonrisa, diciéndole “inténtalo otra vez, que practicando vas a poder” (ayudar hasta que lo logre).\r\nRecortar cada una de las 2 partes por la mitad para que queden 4 partes medianas. Y decirle “arma, arma que se desarma” para que una las 4 partes formando la figura nuevamente. \r\nSi lo logra: felicitar y avanzar con la siguiente consigna\r\nSi no lo logra: brindarle otra oportunidad con una sonrisa, diciéndole “inténtalo otra vez, que practicando vas a poder” (ayudar hasta que lo logre).\r\nRecortar cada una de las 4 partes por la mitad para que queden 8 partes pequeñas. Y decirle “arma, arma que se desarma” para que una las 8 partes formando la figura nuevamente. \r\nSi lo logra: felicitar y aplaudir.\r\nSi no lo logra: brindarle otra oportunidad con una sonrisa, diciéndole “inténtalo otra vez, que practicando vas a poder” (ayudar hasta que lo logre).\r\nCuando lo logra: felicitar y aplaudir.\r\n\r\n\r\nEstimula: \r\n- Desarrollo psicomotor: motricidad fina y coordinación óculo-manual.\r\n- Desarrollo cognitivo: capacidad de atención, concentración, memoria auditiva y memoria visual.\r\n- Desarrollo socio – emocional: autoestima y tolerancia  a la frustración.\r\n\r\n\r\n\r\nROSCA, ROSCA DESENROSCA 1,2,3\r\nParticipantes: dos o más personas. \r\nAdministración: 10 minutos (aproximadamente) por día durante un mes.\r\nEspacio: exterior\r\nMateriales: 5 botellas plásticas de bebidas de diferentes marcas y con tapas a rosca, una pista circular.\r\nConsigna: armar 2 equipos. Dibujar con tiza (con un palo si hay tierra) en el suelo un círculo grande. Colocar las botellas con las tapas intercambiadas, distribuidas dentro del círculo. Al participante que le toque jugar, se lo hará girar tapándole los ojos con las manos, para marearlo un poco, mientras el resto de los participantes cantan “rosca, rosca desenrosca a la una, a las dos y a las tres”.\r\nSe le destapan los ojos y el participante tiene que desenroscar  las tapas y enroscar cada tapa en las botellas que le corresponde. Gana el que enrosco correctamente más tapas y se aplaude a todos por intentarlo.\r\nEstimula: \r\n- Desarrollo psicomotor: motricidad fina, coordinación óculo-manual, equilibrio.\r\n- Desarrollo cognitivo: capacidad de atención, concentración, memoria visual, memoria auditiva.\r\n- Desarrollo socio – emocional: autoestima.', NULL, 1, 2),
(8, 'MAL', 'Y la motricidad fina necesita  desarrollarse aún más.', '•Doblar papel y trozar por el doblez.\n•Realizar trazos con los dedos o con un palo, sobre la tierra, arena o el agua.\n•Jugar con masa o plastilina, armando pelotas, víboras, etc.\n•Trozar papel con los dedos.\n•Cantar y acompañar la canción realizando gestos con las manos.\n•Girar las manos, primero con los puños cerrados, después con los dedos extendidos.\n•Abrir una mano mientras se cierra la otra, primero despacio, luego más rápido.\n•Seguir un objeto o una luz con la mirada sin mover la cabeza, realizando distintas trayectorias (arriba-abajo, izquierda-derecha, diagonal, curvas).', 'ARMA, ARMA QUE SE DESARMA\r\nParticipantes: dos o más personas. \r\nAdministración: 30 minutos (aproximadamente) por día durante un mes.\r\nEspacio: exterior o interior.\r\nMateriales: tijera con puntas redondeadas,  recorte de revista con la imagen de una persona (una persona por cada participante). \r\nConsigna: ayudar recortar la figura en 2 partes grandes. Y decirle “arma, arma que se desarma” para que una las 2 partes formando la figura nuevamente. \r\nSi lo logra: felicitar y avanzar con la siguiente consigna.\r\nSi no lo logra: brindarle otra oportunidad con una sonrisa, diciéndole “inténtalo otra vez, que practicando vas a poder” (ayudar hasta que lo logre).\r\nRecortar cada una de las 2 partes por la mitad para que queden 4 partes medianas. Y decirle “arma, arma que se desarma” para que una las 4 partes formando la figura nuevamente. \r\nSi lo logra: felicitar y avanzar con la siguiente consigna\r\nSi no lo logra: brindarle otra oportunidad con una sonrisa, diciéndole “inténtalo otra vez, que practicando vas a poder” (ayudar hasta que lo logre).\r\nRecortar cada una de las 4 partes por la mitad para que queden 8 partes pequeñas. Y decirle “arma, arma que se desarma” para que una las 8 partes formando la figura nuevamente. \r\nSi lo logra: felicitar y aplaudir.\r\nSi no lo logra: brindarle otra oportunidad con una sonrisa, diciéndole “inténtalo otra vez, que practicando vas a poder” (ayudar hasta que lo logre).\r\nCuando lo logra: felicitar y aplaudir.\r\n\r\n\r\nEstimula: \r\n- Desarrollo psicomotor: motricidad fina y coordinación óculo-manual.\r\n- Desarrollo cognitivo: capacidad de atención, concentración, memoria auditiva y memoria visual.\r\n- Desarrollo socio – emocional: autoestima y tolerancia  a la frustración.\r\n\r\n\r\n\r\nROSCA, ROSCA DESENROSCA 1,2,3\r\nParticipantes: dos o más personas. \r\nAdministración: 10 minutos (aproximadamente) por día durante un mes.\r\nEspacio: exterior\r\nMateriales: 5 botellas plásticas de bebidas de diferentes marcas y con tapas a rosca, una pista circular.\r\nConsigna: armar 2 equipos. Dibujar con tiza (con un palo si hay tierra) en el suelo un círculo grande. Colocar las botellas con las tapas intercambiadas, distribuidas dentro del círculo. Al participante que le toque jugar, se lo hará girar tapándole los ojos con las manos, para marearlo un poco, mientras el resto de los participantes cantan “rosca, rosca desenrosca a la una, a las dos y a las tres”.\r\nSe le destapan los ojos y el participante tiene que desenroscar  las tapas y enroscar cada tapa en las botellas que le corresponde. Gana el que enrosco correctamente más tapas y se aplaude a todos por intentarlo.\r\nEstimula: \r\n- Desarrollo psicomotor: motricidad fina, coordinación óculo-manual, equilibrio.\r\n- Desarrollo cognitivo: capacidad de atención, concentración, memoria visual, memoria auditiva.\r\n- Desarrollo socio – emocional: autoestima.', NULL, 1, 2),
(9, 'MASO', 'Y la motricidad fina está medianamente desarrollada.', '•Atar y desatar cordones.\n•Barajar, repartir cartas.\n•Doblar papel y trozar por el doblez.\n•Mover las dos manos juntas en varias direcciones: hacia arriba, hacia abajo, derecha, izquierda.\n•Realización de laberintos de poca dificultad. \n•Recortar figuras geométricas simples: cuadrado, círculo, rectángulo.\n •Copiar dibujos sencillos intentando ser fiel al modelo y colorearlos respetando los límites.\n•Realización de rompecabezas sencillos.', 'ARMA, ARMA QUE SE DESARMA\r\nParticipantes: dos o más personas. \r\nAdministración: 30 minutos (aproximadamente) por día durante un mes.\r\nEspacio: exterior o interior.\r\nMateriales: tijera con puntas redondeadas,  recorte de revista con la imagen de una persona (una persona por cada participante). \r\nConsigna: ayudar recortar la figura en 2 partes grandes. Y decirle “arma, arma que se desarma” para que una las 2 partes formando la figura nuevamente. \r\nSi lo logra: felicitar y avanzar con la siguiente consigna.\r\nSi no lo logra: brindarle otra oportunidad con una sonrisa, diciéndole “inténtalo otra vez, que practicando vas a poder” (ayudar hasta que lo logre).\r\nRecortar cada una de las 2 partes por la mitad para que queden 4 partes medianas. Y decirle “arma, arma que se desarma” para que una las 4 partes formando la figura nuevamente. \r\nSi lo logra: felicitar y avanzar con la siguiente consigna\r\nSi no lo logra: brindarle otra oportunidad con una sonrisa, diciéndole “inténtalo otra vez, que practicando vas a poder” (ayudar hasta que lo logre).\r\nRecortar cada una de las 4 partes por la mitad para que queden 8 partes pequeñas. Y decirle “arma, arma que se desarma” para que una las 8 partes formando la figura nuevamente. \r\nSi lo logra: felicitar y aplaudir.\r\nSi no lo logra: brindarle otra oportunidad con una sonrisa, diciéndole “inténtalo otra vez, que practicando vas a poder” (ayudar hasta que lo logre).\r\nCuando lo logra: felicitar y aplaudir.\r\n\r\nEstimula: \r\n- Desarrollo psicomotor: motricidad fina y coordinación óculo-manual.\r\n- Desarrollo cognitivo: capacidad de atención, concentración, memoria auditiva y memoria visual.\r\n- Desarrollo socio – emocional: autoestima y tolerancia  a la frustración.\r\n\r\nSORTEO DE MOVIMIENTOS\r\nParticipantes: dos o más personas. \r\nAdministración: 10 minutos (aproximadamente) por día durante un mes.\r\nEspacio: exterior o interior.\r\nMateriales: pañuelo o tela, tijera de puntas redondeadas, papel, lápiz y una bolsita.\r\nConsigna: anotar las siguientes palabras; batidora, hélice, pájaro, remolino, molino (pueden agregarse más palabras). \r\nRecortar las  palabras. Doblarlas de manera que no se lean. Colocar las palabras en la bolsita y mezclar. En su turno, se vendará con el pañuelo a cada participante para que parado, saque una palabra e  imite con sus manos los movimientos de las diferentes cosas (batidora, hélices de helicóptero, alas de pájaros, etc.) Se aplaude a todos por cada imitación.\r\nEstimula: \r\n- Desarrollo psicomotor: motricidad fina, equilibrio.\r\n- Desarrollo cognitivo: capacidad de atención, concentración, memoria auditiva.\r\n- Desarrollo socio – emocional: autoestima.', NULL, 1, 2),
(10, 'MASO', 'Y la motricidad fina está medianamente desarrollada.', '•Barajar, repartir cartas.\r\n•Realización de laberintos de dificultad progresiva, insistiendo específicamente en que no se debe salir en ningún momento del recorrido.\r\n•Recortar figuras geométricas (cada vez más con mayor dificultad).\r\n•Copiar dibujos sencillos intentando ser fiel al modelo.\r\n•Realización de rompecabezas de piezas pequeñas.\r\n•Realizar el símbolo del infinito, muchas veces en papel o en el pizarrón (similar a un número 8 acostado).\r\n•Colorear dibujos.', 'DIBUJO AEREO\r\nParticipantes: dos o más personas. \r\nAdministración: 10 minutos (aproximadamente) por día durante un mes.\r\nEspacio: exterior o interior.\r\nMateriales: lápiz y papel.\r\nConsigna: el adulto guiara el juego. Dibujará en el papel una cosa y luego dibujará lo mismo en el aire con un dedo.\r\nCada participante tiene que observar y recordar las diferentes figuras. En su turno tiene que reproducir, dibujando en el aire con un dedo, alguna de las figuras que vio.\r\nSe aplaude a todos por cada dibujo.\r\nEstimula: \r\n- Desarrollo psicomotor: motricidad fina, motricidad gruesa y coordinación óculo-manual.\r\n- Desarrollo cognitivo: capacidad de atención, concentración, memoria visual.\r\n- Desarrollo socio – emocional: autoestima.\r\n\r\n\r\n\r\nARMA, ARMA QUE SE DESARMA\r\nParticipantes: dos o más personas. \r\nAdministración: 15 minutos (aproximadamente) por día durante un mes.\r\nEspacio: exterior o interior.\r\nMateriales: tijera con puntas redondeadas,  recorte de revista con la imagen de una persona (una persona por cada participante). \r\nConsigna: ayudar recortar la figura en 2 partes grandes. Y decirle “arma, arma que se desarma” para que una las 2 partes formando la figura nuevamente. \r\nSi lo logra: felicitar y avanzar con la siguiente consigna.\r\nSi no lo logra: brindarle otra oportunidad con una sonrisa, diciéndole “inténtalo otra vez, que practicando vas a poder” (ayudar hasta que lo logre).\r\nRecortar cada una de las 2 partes por la mitad para que queden 4 partes medianas. Y decirle “arma, arma que se desarma” para que una las 4 partes formando la figura nuevamente. \r\nSi lo logra: felicitar y avanzar con la siguiente consigna\r\nSi no lo logra: brindarle otra oportunidad con una sonrisa, diciéndole “inténtalo otra vez, que practicando vas a poder” (ayudar hasta que lo logre).\r\nRecortar cada una de las 4 partes por la mitad para que queden 8 partes pequeñas. Y decirle “arma, arma que se desarma” para que una las 8 partes formando la figura nuevamente. \r\nSi lo logra: felicitar y aplaudir.\r\nSi no lo logra: brindarle otra oportunidad con una sonrisa, diciéndole “inténtalo otra vez, que practicando vas a poder” (ayudar hasta que lo logre).\r\nCuando lo logra: felicitar y aplaudir.\r\n\r\nEstimula: \r\n- Desarrollo psicomotor: motricidad fina y coordinación óculo-manual.\r\n- Desarrollo cognitivo: capacidad de atención, concentración, memoria auditiva y memoria visual.\r\n- Desarrollo socio – emocional: autoestima y tolerancia  a la frustración.', NULL, 1, 2),
(11, 'BIEN', 'Y la motricidad fina está desarrollándose satisfactoriamente.', '•Barajar, repartir cartas.\r\n•Realización de laberintos de dificultad progresiva, insistiendo específicamente en que no se debe salir en ningún momento del recorrido.\r\n•Recortar figuras geométricas (cada vez más con mayor dificultad).\r\n•Copiar dibujos sencillos intentando ser fiel al modelo.\r\n•Realización de rompecabezas de piezas pequeñas.\r\n•Realizar el símbolo del infinito, muchas veces en papel o en el pizarrón (similar a un número 8 acostado).', 'ARMA, ARMA QUE SE DESARMA\r\nParticipantes: dos o más personas. \r\nAdministración: 15 minutos (aproximadamente) por día durante un mes.\r\nEspacio: exterior o interior.\r\nMateriales: tijera con puntas redondeadas,  recorte de revista con la imagen de una persona (una persona por cada participante). \r\nConsigna: ayudar recortar la figura en 2 partes grandes. Y decirle “arma, arma que se desarma” para que una las 2 partes formando la figura nuevamente. \r\nSi lo logra: felicitar y avanzar con la siguiente consigna.\r\nSi no lo logra: brindarle otra oportunidad con una sonrisa, diciéndole “inténtalo otra vez, que practicando vas a poder” (ayudar hasta que lo logre).\r\nRecortar cada una de las 2 partes por la mitad para que queden 4 partes medianas. Y decirle “arma, arma que se desarma” para que una las 4 partes formando la figura nuevamente. \r\nSi lo logra: felicitar y avanzar con la siguiente consigna\r\nSi no lo logra: brindarle otra oportunidad con una sonrisa, diciéndole “inténtalo otra vez, que practicando vas a poder” (ayudar hasta que lo logre).\r\nRecortar cada una de las 4 partes por la mitad para que queden 8 partes pequeñas. Y decirle “arma, arma que se desarma” para que una las 8 partes formando la figura nuevamente. \r\nSi lo logra: felicitar y aplaudir.\r\nSi no lo logra: brindarle otra oportunidad con una sonrisa, diciéndole “inténtalo otra vez, que practicando vas a poder” (ayudar hasta que lo logre).\r\nCuando lo logra: felicitar y aplaudir.\r\n\r\nEstimula: \r\n- Desarrollo psicomotor: motricidad fina y coordinación óculo-manual.\r\n- Desarrollo cognitivo: capacidad de atención, concentración, memoria auditiva y memoria visual.\r\n- Desarrollo socio – emocional: autoestima y tolerancia  a la frustración.', NULL, 1, 2),
(12, 'MUY MAL', 'Aún no logra manejarse con autonomía en consignas cotidianas como  sacar o guardar sus elementos trabajo, preparar su mochila y para higienizar sus manos.', '•Practicar abrochar los botones de alguna de sus  ropas, sin tenerla puesta. \r\n•Poner la ropa del derecho y doblar algunas prendas simples. \r\n•Subir y bajar cierres.\r\n•Ponerse la mochila sin ayuda.\r\n•Limpiarse la nariz con ayuda verbal.\r\n•Guardar los juguetes u objetos que utiliza en la escuela y en la casa.\r\n•Limpiarse la boca con la servilleta mientras está comiendo', 'EL  1,2,3 PARA GUARDAR LOS ÚTILES EN LA MOCHILA\r\nParticipantes: dos o más personas. \r\nAdministración: 5 minutos (aproximadamente) por día durante un mes.\r\nEspacio: exterior o interior con una mesa o lugar de apoyo.\r\nMateriales: mochila y útiles escolares\r\nConsigna: el adulto dice: atención vamos a jugar a que nos vamos de viaje.\r\n1: ABRO la mochila.\r\n2: AGARRO el cuaderno y lo PONGO ADENTRO (y/  todo lo que tenga que guardar).\r\n3: CIERRO la mochila.\r\nDiga: ¡Excelente! (si faltan cosas por guardar, realice el 1,2,3 nuevamente)\r\nEstimula: \r\n- Desarrollo psicomotor: motricidad gruesa y fina.\r\n- Desarrollo cognitivo: capacidad de atención, concentración, memoria auditiva.\r\n- Desarrollo socio – emocional: autoestima.\r\n\r\n\r\nEL  1,2,3 PARA PREPARAR LOS MATERIALES DE TRABAJO\r\nParticipantes: dos o más personas. \r\nAdministración: 5 minutos (aproximadamente) por día durante un mes.\r\nEspacio: exterior o interior con una mesa o lugar de apoyo.\r\nMateriales: mochila y útiles escolares\r\nConsigna: el adulto dice: atención vamos a prepararnos para algo muy, pero muy importante (sonría)\r\n1: Todos los que tengan “boca” ganan diez puntos, si la mantienen cerrada y  ponen en la mesa (nombre el  objeto que corresponda. Por ejemplo: el lápiz) \r\n2: ¡Ahora 100 puntos! Todos los que tengan “dos ojos” ganan cien puntos, si los mantienen abiertos y ponen en la mesa (el objeto que corresponda)\r\n3: Diga ¡Excelente! (si faltan cosas por sacar, realice el 1,2,3 nuevamente)\r\nEstimula: \r\n- Desarrollo psicomotor: motricidad gruesa y fina.\r\n- Desarrollo cognitivo: capacidad de atención, concentración, memoria auditiva.\r\n- Desarrollo socio – emocional: autoestima.', 'Por lo detectado en la INFORMACIÓN OBTENIDA SOBRE EL DESARROLLO PSICOMOTOR, sugerimos realizar una consulta en: PEDIATRIA – PSICOMOTRICIDAD', 1, 3),
(13, 'MAL', 'Aún no logra manejarse de manera independiente respecto a consignas cotidianas y necesita ayuda del adulto en muchas ocasiones para sacar o guardar sus elementos de trabajo.', '•Vestirse sin ayuda en las prendas fáciles y con ayuda verbal en las prendas más complicadas.\r\n•Practicar abrochar los botones de alguna de sus  ropas, sin tenerla puesta. \r\n•Ponerse la mochila sin ayuda.\r\n•Limpiarse la nariz con ayuda verbal.\r\n•Guardar los juguetes u objetos que utiliza en la escuela y en la casa.\r\n•Ayudar en alguna tarea sencilla del hogar, como por ejemplo regar las plantas o enrollar las medias.', 'EL  1,2,3 PARA GUARDAR LOS ÚTILES EN LA MOCHILA\r\nParticipantes: dos o más personas. \r\nAdministración: 5 minutos (aproximadamente) por día durante un mes.\r\nEspacio: exterior o interior con una mesa o lugar de apoyo.\r\nMateriales: mochila y útiles escolares\r\nConsigna: el adulto dice: atención vamos a jugar a que nos vamos de viaje.\r\n1: ABRO la mochila.\r\n2: AGARRO el cuaderno y lo PONGO ADENTRO (y/  todo lo que tenga que guardar).\r\n3: CIERRO la mochila.\r\nDiga: ¡Excelente! (si faltan cosas por guardar, realice el 1,2,3 nuevamente)\r\nEstimula: \r\n- Desarrollo psicomotor: motricidad gruesa y fina.\r\n- Desarrollo cognitivo: capacidad de atención, concentración, memoria auditiva.\r\n- Desarrollo socio – emocional: autoestima.\r\n\r\nEL  1,2,3 PARA PREPARAR LOS MATERIALES DE TRABAJO\r\nParticipantes: dos o más personas. \r\nAdministración: 5 minutos (aproximadamente) por día durante un mes.\r\nEspacio: exterior o interior con una mesa o lugar de apoyo.\r\nMateriales: mochila y útiles escolares\r\nConsigna: el adulto dice: atención vamos a prepararnos para algo muy, pero muy importante (sonría)\r\n1: Todos los que tengan “boca” ganan diez puntos, si la mantienen cerrada y  ponen en la mesa (nombre el  objeto que corresponda. Por ejemplo: el lápiz) \r\n2: ¡Ahora 100 puntos! Todos los que tengan “dos ojos” ganan cien puntos, si los mantienen abiertos y ponen en la mesa (el objeto que corresponda)\r\n3: Diga ¡Excelente! (si faltan cosas por sacar, realice el 1,2,3 nuevamente)\r\nEstimula: \r\n- Desarrollo psicomotor: motricidad gruesa y fina.\r\n- Desarrollo cognitivo: capacidad de atención, concentración, memoria auditiva.\r\n- Desarrollo socio – emocional: autoestima.', NULL, 1, 3),
(14, 'MASOMENOS', '\r\nAún no logra manejarse de manera independiente, en ocasiones necesita un poco de ayuda para cumplir consignas cotidianas.', '\r\n•Vestirse sin ayuda.\r\n•Lavarse la cara, las manos y los dientes.\r\n•Limpiarse la nariz con ayuda verbal.\r\n•Guardar los juguetes u objetos que utiliza en la escuela y en la casa.\r\n•Ayudar en alguna tarea sencilla del hogar, como por ejemplo regar las plantas o enrollar las medias.\r\n•Ir al baño sin compañía, y solicitar ayuda solo en situaciones difíciles.\r\n\r\n\r\n', 'EL  1,2,3 PARA GUARDAR LOS ÚTILES EN LA MOCHILA\r\nParticipantes: dos o más personas. \r\nAdministración: 5 minutos (aproximadamente) por día durante un mes.\r\nEspacio: exterior o interior con una mesa o lugar de apoyo.\r\nMateriales: mochila y útiles escolares\r\nConsigna: el adulto dice: atención vamos a jugar a que nos vamos de viaje.\r\n1: ABRO la mochila.\r\n2: AGARRO el cuaderno y lo PONGO ADENTRO (y/  todo lo que tenga que guardar).\r\n3: CIERRO la mochila.\r\nDiga: ¡Excelente! (si faltan cosas por guardar, realice el 1,2,3 nuevamente)\r\nEstimula: \r\n- Desarrollo psicomotor: motricidad gruesa y fina.\r\n- Desarrollo cognitivo: capacidad de atención, concentración, memoria auditiva.\r\n- Desarrollo socio – emocional: autoestima.\r\n\r\nEL  1,2,3 PARA PREPARAR LOS MATERIALES DE TRABAJO\r\nParticipantes: dos o más personas. \r\nAdministración: 5 minutos (aproximadamente) por día durante un mes.\r\nEspacio: exterior o interior con una mesa o lugar de apoyo.\r\nMateriales: mochila y útiles escolares\r\nConsigna: el adulto dice: atención vamos a prepararnos para algo muy, pero muy importante (sonría)\r\n1: Todos los que tengan “boca” ganan diez puntos, si la mantienen cerrada y  ponen en la mesa (nombre el  objeto que corresponda. Por ejemplo: el lápiz) \r\n2: ¡Ahora 100 puntos! Todos los que tengan “dos ojos” ganan cien puntos, si los mantienen abiertos y ponen en la mesa (el objeto que corresponda)\r\n3: Diga ¡Excelente! (si faltan cosas por sacar, realice el 1,2,3 nuevamente)\r\nEstimula: \r\n- Desarrollo psicomotor: motricidad gruesa y fina.\r\n- Desarrollo cognitivo: capacidad de atención, concentración, memoria auditiva.\r\n- Desarrollo socio – emocional: autoestima.', NULL, 1, 3),
(15, 'MASOMENOS', '\r\nEn algunas ocasiones, logra manejarse de manera independiente al realizar consignas, tales como: sacar o guardar elementos de trabajo e higienizar sus manos.\r\n', '•Peinarse.\r\n•Lavarse la cara, las manos y los dientes.\r\n•Vestirse sin ayuda.\r\n•Poner la ropa del derecho y doblar las prendas que utilizó.\r\n•Usar la cuchara y el tenedor correctamente para comer.\r\n•Ir al baño sin compañía, y solicitar ayuda solo en situaciones difíciles.', 'CUENTO 10 PARA GUARDAR Y/O SACAR\r\nParticipantes: dos o más personas. \r\nAdministración: 3 minutos (aproximadamente) por día durante un mes.\r\nEspacio: exterior o interior con una mesa o lugar de apoyo.\r\nMateriales: mochila y útiles escolares\r\nConsigna: el adulto dice: -Qué te parece si inventamos un juego, a ver quién gana. Dale que yo contaba y vos guardabas. Yo cerraba los ojos y contaba rápido hasta 10 para ganarte y como vos eras súper veloz guardabas (o sacabas) tus cosas, más rápido que yo y me ganabas ¿dale?\r\nEl adulto cuenta hasta diez y abre los ojos y con expresión de sorpresa dice ¡Excelente! Si guardo todas las cosas (si faltan cosas por guardar y/o sacar, realice el juego nuevamente)\r\nEstimula: \r\n- Desarrollo psicomotor: motricidad gruesa y fina.\r\n- Desarrollo cognitivo: capacidad de atención, concentración, memoria auditiva.\r\n- Desarrollo socio – emocional: autoestima.', NULL, 1, 3),
(16, 'BIEN', 'Logra manejarse de manera independiente en algunas consignas, tales como: sacar o guardar elementos de trabajo e higienizar sus manos.', '•Peinarse.\r\n•Lavarse la cara, las manos y los dientes.\r\n•Vestirse sin ayuda.\r\n•Poner la ropa del derecho y doblar las prendas que utilizó.\r\n•Usar la cuchara y el tenedor correctamente para comer.\r\n•Ir al baño sin compañía, y solicitar ayuda solo en situaciones difíciles.', 'CUENTO 10 PARA GUARDAR Y/O SACAR\r\nParticipantes: dos o más personas. \r\nAdministración: 3 minutos (aproximadamente) por día durante un mes.\r\nEspacio: exterior o interior con una mesa o lugar de apoyo.\r\nMateriales: mochila y útiles escolares\r\nConsigna: el adulto dice: -Qué te parece si inventamos un juego, a ver quién gana. Dale que yo contaba y vos guardabas. Yo cerraba los ojos y contaba rápido hasta 10 para ganarte y como vos eras súper veloz guardabas (o sacabas) tus cosas, más rápido que yo y me ganabas ¿dale?\r\nEl adulto cuenta hasta diez y abre los ojos y con expresión de sorpresa dice ¡Excelente! Si guardo todas las cosas (si faltan cosas por guardar y/o sacar, realice el juego nuevamente)\r\nEstimula: \r\n- Desarrollo psicomotor: motricidad gruesa y fina.\r\n- Desarrollo cognitivo: capacidad de atención, concentración, memoria auditiva.\r\n- Desarrollo socio – emocional: autoestima.', NULL, 1, 3),
(17, 'MUY MAL', 'Su lenguaje oral aún es muy acotado.', '•Bríndele a diario afecto, serenidad y estimulación nombrando las cosas y las actividades que realizan conjuntamente, por ejemplo: “tomamos la hoja”, “miramos el pizarrón”, “nos ponemos las mochilas”.\r\n•Es conveniente hablar más pausadamente de lo habitual y pronunciar claramente las palabras.\r\n•Use frases sencillas adaptadas a su edad y nivel escolar (ni muy infantilizado, ni muy adulto) \r\n•Recuerde llamar a las cosas por su nombre.\r\n•Para que sienta motivación por expresarse mejor verbalmente, estimule sin exigencias ni presiones. \r\n•Es beneficioso recalcar las palabras o tipos de frases que necesita decir mejor, repitiéndoselas.\r\n•Háblele siempre, pero sobre todo en  las situaciones en las que muestra más interés. \r\n•Utilice auto-instrucciones en voz alta, es decir, relate lo que está haciendo en voz alta, por ejemplo: “voy a repartir las hojas, mesa por mesa”, “aquí están los dibujos que hicieron la semana pasada”.\r\n•Siempre que pueda ejercite el habla paralela, hable describiendo sus interacciones, por ejemplo si está pintando con color azul, diga: “que bien estás pintando de azul”.', 'IMAGINA IMAGINADOR\r\nParticipantes: dos o más personas. \r\nAdministración: 10 minutos \r\nEspacio: interior o exterior.\r\nMateriales: frutas y/o golosinas diferentes. Por ejemplo una manzana, un caramelo, etc.\r\nConsigna: el adulto invita a los participantes a utilizar la imaginación realizando preguntas chistosas, del tipo ¿Qué pasaría si….? \r\nPor ejemplo:\r\n¿Qué pasaría si… las manzanas hablaran?\r\n¿Qué pasaría si… los caramelos volaran?\r\nCada participante contará su idea (todas serán validadas por el adulto, excepto aquella que contenga una carga negativa que atente contra la moral y las buenas costumbres) y todos aplaudirán la propuesta creativa.\r\nEstimula: \r\n- Desarrollo cognitivo: creatividad, atención, concentración, razonamiento, lenguaje.\r\n- Desarrollo socio – emocional: autoestima.', 'Por lo detectado en la INFORMACIÓN OBTENIDA SOBRE EL DESARROLLO COGNITIVO, sugerimos realizar una consulta en: FONOAUDIOLOGIA.', 1, 4),
(18, 'MAL', 'Su lenguaje oral necesita estimulación, aún es muy acotado.', '•Bríndele a diario afecto, serenidad y estimulación nombrando las cosas y las actividades que realizan conjuntamente, por ejemplo: “tomamos la hoja”, “miramos el pizarrón”, “nos ponemos las mochilas”.\r\n•Es conveniente hablar más pausadamente de lo habitual y pronunciar claramente las palabras.\r\n•Use frases sencillas adaptadas a su edad y nivel escolar (ni muy infantilizado, ni muy adulto) \r\n•Recuerde llamar a las cosas por su nombre.\r\n•Para que sienta motivación por expresarse mejor verbalmente, estimule sin exigencias ni presiones. \r\n•Es beneficioso recalcar las palabras o tipos de frases que necesita decir mejor, repitiéndoselas.\r\n•Háblele siempre, pero sobre todo en  las situaciones en las que muestra más interés. \r\n•Utilice auto-instrucciones en voz alta, es decir, relate lo que está haciendo en voz alta, por ejemplo: “voy a repartir las hojas, mesa por mesa”, “aquí están los dibujos que hicieron la semana pasada”.\r\n•Siempre que pueda ejercite el habla paralela, hable describiendo sus interacciones, por ejemplo si está pintando con color azul, diga: “que bien estás pintando de azul”.', 'IMAGINA IMAGINADOR\r\nParticipantes: dos o más personas. \r\nAdministración: 10 minutos \r\nEspacio: interior o exterior.\r\nMateriales: frutas y/o golosinas diferentes. Por ejemplo una manzana, un caramelo, etc.\r\nConsigna: el adulto invita a los participantes a utilizar la imaginación realizando preguntas chistosas, del tipo ¿Qué pasaría si….? \r\nPor ejemplo:\r\n¿Qué pasaría si… las manzanas hablaran?\r\n¿Qué pasaría si… los caramelos volaran?\r\nCada participante contará su idea (todas serán validadas por el adulto, excepto aquella que contenga una carga negativa que atente contra la moral y las buenas costumbres) y todos aplaudirán la propuesta creativa.\r\nEstimula: \r\n- Desarrollo cognitivo: creatividad, atención, concentración, razonamiento, lenguaje.\r\n- Desarrollo socio – emocional: autoestima.', NULL, 1, 4),
(19, 'MAL', 'Su lenguaje oral necesita estimulación, aún es muy acotado.', '•Bríndele a diario afecto, serenidad y estimulación nombrando las cosas y las actividades que realizan conjuntamente, por ejemplo: “tomamos la hoja”, “miramos el pizarrón”, “nos ponemos las mochilas”.\r\n•Es conveniente hablar más pausadamente de lo habitual y pronunciar claramente las palabras.\r\n•Use frases sencillas adaptadas a su edad y nivel escolar (ni muy infantilizado, ni muy adulto) \r\n•Recuerde llamar a las cosas por su nombre.\r\n•Para que sienta motivación por expresarse mejor verbalmente, estimule sin exigencias ni presiones. \r\n•Es beneficioso recalcar las palabras o tipos de frases que necesita decir mejor, repitiéndoselas.\r\n•Háblele siempre, pero sobre todo en  las situaciones en las que muestra más interés. \r\n•Utilice auto-instrucciones en voz alta, es decir, relate lo que está haciendo en voz alta, por ejemplo: “voy a repartir las hojas, mesa por mesa”, “aquí están los dibujos que hicieron la semana pasada”.\r\n•Siempre que pueda ejercite el habla paralela, hable describiendo sus interacciones, por ejemplo si está pintando con color azul, diga: “que bien estás pintando de azul”.', 'IMAGINA IMAGINADOR\r\nParticipantes: dos o más personas. \r\nAdministración: 10 minutos \r\nEspacio: interior o exterior.\r\nMateriales: frutas y/o golosinas diferentes. Por ejemplo una manzana, un caramelo, etc.\r\nConsigna: el adulto invita a los participantes a utilizar la imaginación realizando preguntas chistosas, del tipo ¿Qué pasaría si….? \r\nPor ejemplo:\r\n¿Qué pasaría si… las manzanas hablaran?\r\n¿Qué pasaría si… los caramelos volaran?\r\nCada participante contará su idea (todas serán validadas por el adulto, excepto aquella que contenga una carga negativa que atente contra la moral y las buenas costumbres) y todos aplaudirán la propuesta creativa.\r\nEstimula: \r\n- Desarrollo cognitivo: creatividad, atención, concentración, razonamiento, lenguaje.\r\n- Desarrollo socio – emocional: autoestima.', NULL, 1, 4);
INSERT INTO `tresultado` (`idresultado`, `vcresultestninio`, `vcresultinfobt`, `vcresultsugprof`, `vcresultejepot`, `vcresultorientadult`, `boresultestado`, `idsubfactor`) VALUES
(20, 'MAL', 'Su lenguaje oral necesita estimulación, aún es muy acotado.', '•Bríndele a diario afecto, serenidad y estimulación nombrando las cosas y las actividades que realizan conjuntamente, por ejemplo: “tomamos la hoja”, “miramos el pizarrón”, “nos ponemos las mochilas”.\n•Es conveniente hablar más pausadamente de lo habitual y pronunciar claramente las palabras.\n•Use frases sencillas adaptadas a su edad y nivel escolar (ni muy infantilizado, ni muy adulto) \n•Recuerde llamar a las cosas por su nombre.\n•Para que sienta motivación por expresarse mejor verbalmente, estimule sin exigencias ni presiones. \n•Es beneficioso recalcar las palabras o tipos de frases que necesita decir mejor, repitiéndoselas.\n•Háblele siempre, pero sobre todo en  las situaciones en las que muestra más interés. \n•Utilice auto-instrucciones en voz alta, es decir, relate lo que está haciendo en voz alta, por ejemplo: “voy a repartir las hojas, mesa por mesa”, “aquí están los dibujos que hicieron la semana pasada”.\n•Siempre que pueda ejercite el habla paralela, hable describiendo sus interacciones, por ejemplo si está pintando con color azul, diga: “que bien estás pintando de azul”.', NULL, NULL, 1, 4),
(21, 'MAL', 'Su lenguaje oral necesita estimulación, aún es muy acotado.', '•Bríndele a diario afecto, serenidad y estimulación nombrando las cosas y las actividades que realizan conjuntamente, por ejemplo: “tomamos la hoja”, “miramos el pizarrón”, “nos ponemos las mochilas”.\r\n•Es conveniente hablar más pausadamente de lo habitual y pronunciar claramente las palabras.\r\n•Use frases sencillas adaptadas a su edad y nivel escolar (ni muy infantilizado, ni muy adulto) \r\n•Recuerde llamar a las cosas por su nombre.\r\n•Para que sienta motivación por expresarse mejor verbalmente, estimule sin exigencias ni presiones. \r\n•Es beneficioso recalcar las palabras o tipos de frases que necesita decir mejor, repitiéndoselas.\r\n•Háblele siempre, pero sobre todo en  las situaciones en las que muestra más interés. \r\n•Utilice auto-instrucciones en voz alta, es decir, relate lo que está haciendo en voz alta, por ejemplo: “voy a repartir las hojas, mesa por mesa”, “aquí están los dibujos que hicieron la semana pasada”.\r\n•Siempre que pueda ejercite el habla paralela, hable describiendo sus interacciones, por ejemplo si está pintando con color azul, diga: “que bien estás pintando de azul”.', 'IMAGINA IMAGINADOR\r\nParticipantes: dos o más personas. \r\nAdministración: 10 minutos \r\nEspacio: interior o exterior.\r\nMateriales: frutas y/o golosinas diferentes. Por ejemplo una manzana, un caramelo, etc.\r\nConsigna: el adulto invita a los participantes a utilizar la imaginación realizando preguntas chistosas, del tipo ¿Qué pasaría si….? \r\nPor ejemplo:\r\n¿Qué pasaría si… las manzanas hablaran?\r\n¿Qué pasaría si… los caramelos volaran?\r\nCada participante contará su idea (todas serán validadas por el adulto, excepto aquella que contenga una carga negativa que atente contra la moral y las buenas costumbres) y todos aplaudirán la propuesta creativa.\r\nEstimula: \r\n- Desarrollo cognitivo: creatividad, atención, concentración, razonamiento, lenguaje.\r\n- Desarrollo socio – emocional: autoestima.', NULL, 1, 4),
(22, 'MAL', 'Su lenguaje oral necesita estimulación, aún es muy acotado.', '•Bríndele a diario afecto, serenidad y estimulación nombrando las cosas y las actividades que realizan conjuntamente, por ejemplo: “tomamos la hoja”, “miramos el pizarrón”, “nos ponemos las mochilas”.\r\n•Es conveniente hablar más pausadamente de lo habitual y pronunciar claramente las palabras.\r\n•Use frases sencillas adaptadas a su edad y nivel escolar (ni muy infantilizado, ni muy adulto) \r\n•Recuerde llamar a las cosas por su nombre.\r\n•Para que sienta motivación por expresarse mejor verbalmente, estimule sin exigencias ni presiones. \r\n•Es beneficioso recalcar las palabras o tipos de frases que necesita decir mejor, repitiéndoselas.\r\n•Háblele siempre, pero sobre todo en  las situaciones en las que muestra más interés. \r\n•Utilice auto-instrucciones en voz alta, es decir, relate lo que está haciendo en voz alta, por ejemplo: “voy a repartir las hojas, mesa por mesa”, “aquí están los dibujos que hicieron la semana pasada”.\r\n•Siempre que pueda ejercite el habla paralela, hable describiendo sus interacciones, por ejemplo si está pintando con color azul, diga: “que bien estás pintando de azul”.', 'IMAGINA IMAGINADOR\r\nParticipantes: dos o más personas. \r\nAdministración: 10 minutos \r\nEspacio: interior o exterior.\r\nMateriales: frutas y/o golosinas diferentes. Por ejemplo una manzana, un caramelo, etc.\r\nConsigna: el adulto invita a los participantes a utilizar la imaginación realizando preguntas chistosas, del tipo ¿Qué pasaría si….? \r\nPor ejemplo:\r\n¿Qué pasaría si… las manzanas hablaran?\r\n¿Qué pasaría si… los caramelos volaran?\r\nCada participante contará su idea (todas serán validadas por el adulto, excepto aquella que contenga una carga negativa que atente contra la moral y las buenas costumbres) y todos aplaudirán la propuesta creativa.\r\nEstimula: \r\n- Desarrollo cognitivo: creatividad, atención, concentración, razonamiento, lenguaje.\r\n- Desarrollo socio – emocional: autoestima.', NULL, 1, 4),
(23, 'MASOMENOS', 'Su nivel de lenguaje oral es bueno y le permite comunicarse.', '•Bríndele a diario afecto, serenidad y estimulación nombrando las cosas y las actividades que realizan conjuntamente, por ejemplo: “tomamos la hoja”, “miramos el pizarrón”, “nos ponemos las mochilas”.\r\n•Es conveniente hablar más pausadamente de lo habitual y pronunciar claramente las palabras.\r\n•Use frases sencillas adaptadas a su edad y nivel escolar (ni muy infantilizado, ni muy adulto) \r\n•Recuerde llamar a las cosas por su nombre.\r\n•Para que sienta motivación por expresarse mejor verbalmente, estimule sin exigencias ni presiones. \r\n•Es beneficioso recalcar las palabras o tipos de frases que necesita decir mejor, repitiéndoselas.\r\n•Háblele siempre, pero sobre todo en  las situaciones en las que muestra más interés. \r\n•Utilice auto-instrucciones en voz alta, es decir, relate lo que está haciendo en voz alta, por ejemplo: “voy a repartir las hojas, mesa por mesa”, “aquí están los dibujos que hicieron la semana pasada”.\r\n•Siempre que pueda ejercite el habla paralela, hable describiendo sus interacciones, por ejemplo si está pintando con color azul, diga: “que bien estás pintando de azul”.', 'IMAGINA IMAGINADOR\r\nParticipantes: dos o más personas. \r\nAdministración: 10 minutos \r\nEspacio: interior o exterior.\r\nMateriales: frutas y/o golosinas diferentes. Por ejemplo una manzana, un caramelo, etc.\r\nConsigna: el adulto invita a los participantes a utilizar la imaginación realizando preguntas chistosas, del tipo ¿Qué pasaría si….? \r\nPor ejemplo:\r\n¿Qué pasaría si… las manzanas hablaran?\r\n¿Qué pasaría si… los caramelos volaran?\r\nCada participante contará su idea (todas serán validadas por el adulto, excepto aquella que contenga una carga negativa que atente contra la moral y las buenas costumbres) y todos aplaudirán la propuesta creativa.\r\nEstimula: \r\n- Desarrollo cognitivo: creatividad, atención, concentración, razonamiento, lenguaje.\r\n- Desarrollo socio – emocional: autoestima.', NULL, 1, 4),
(24, 'MASOMENOS', 'Su nivel de lenguaje oral es bueno y le permite comunicarse.', '•Bríndele a diario afecto, serenidad y estimulación nombrando las cosas y las actividades que realizan conjuntamente, por ejemplo: “tomamos la hoja”, “miramos el pizarrón”, “nos ponemos las mochilas”.\r\n•Es conveniente hablar más pausadamente de lo habitual y pronunciar claramente las palabras.\r\n•Use frases sencillas adaptadas a su edad y nivel escolar (ni muy infantilizado, ni muy adulto) \r\n•Recuerde llamar a las cosas por su nombre.\r\n•Para que sienta motivación por expresarse mejor verbalmente, estimule sin exigencias ni presiones. \r\n•Es beneficioso recalcar las palabras o tipos de frases que necesita decir mejor, repitiéndoselas.\r\n•Háblele siempre, pero sobre todo en  las situaciones en las que muestra más interés. \r\n•Utilice auto-instrucciones en voz alta, es decir, relate lo que está haciendo en voz alta, por ejemplo: “voy a repartir las hojas, mesa por mesa”, “aquí están los dibujos que hicieron la semana pasada”.\r\n•Siempre que pueda ejercite el habla paralela, hable describiendo sus interacciones, por ejemplo si está pintando con color azul, diga: “que bien estás pintando de azul”.', 'IMAGINA IMAGINADOR\r\nParticipantes: dos o más personas. \r\nAdministración: 10 minutos \r\nEspacio: interior o exterior.\r\nMateriales: frutas y/o golosinas diferentes. Por ejemplo una manzana, un caramelo, etc.\r\nConsigna: el adulto invita a los participantes a utilizar la imaginación realizando preguntas chistosas, del tipo ¿Qué pasaría si….? \r\nPor ejemplo:\r\n¿Qué pasaría si… las manzanas hablaran?\r\n¿Qué pasaría si… los caramelos volaran?\r\nCada participante contará su idea (todas serán validadas por el adulto, excepto aquella que contenga una carga negativa que atente contra la moral y las buenas costumbres) y todos aplaudirán la propuesta creativa.\r\nEstimula: \r\n- Desarrollo cognitivo: creatividad, atención, concentración, razonamiento, lenguaje.\r\n- Desarrollo socio – emocional: autoestima.', NULL, 1, 4),
(25, 'MASOMENOS', 'Su nivel de lenguaje oral es bueno y le permite comunicarse.', '•Use frases sencillas adaptadas a su edad y nivel escolar (ni muy infantilizado, ni muy adulto) \n•Recuerde llamar a las cosas por su nombre.\n•Siempre que pueda ejercite el habla paralela, hable describiendo sus interacciones, por ejemplo si está pintando con color azul, diga: “que bien estás pintando de azul”.', 'IMAGINA IMAGINADOR\nParticipantes: dos o más personas. \nAdministración: 10 minutos \nEspacio: interior o exterior.\nMateriales: frutas y/o golosinas diferentes. Por ejemplo una manzana, un caramelo, etc.\nConsigna: el adulto invita a los participantes a utilizar la imaginación realizando preguntas chistosas, del tipo ¿Qué pasaría si….? \nPor ejemplo:\n¿Qué pasaría si… las manzanas hablaran?\n¿Qué pasaría si… los caramelos volaran?\nCada participante contará su idea (todas serán validadas por el adulto, excepto aquella que contenga una carga negativa que atente contra la moral y las buenas costumbres) y todos aplaudirán la propuesta creativa.\nEstimula: \n- Desarrollo cognitivo: creatividad, atención, concentración, razonamiento, lenguaje.\n- Desarrollo socio – emocional: autoestima.', NULL, 1, 4),
(26, 'BIEN', 'Su nivel de lenguaje oral es muy bueno, le permite comunicarse con los demás de manera clara.', '•Llame a las cosas por su nombre para enriquecer cada vez más, su vocabulario.\r\n•Proponga aprender una palabra nueva por día, utilizando cosas del ambiente que comparten.', NULL, NULL, 1, 4),
(27, 'MUY MAL', 'Para que pueda recordar más lo que escucha es conveniente ejercitar su memoria auditiva', '• Juegue a diferenciar ruidos, palabras, sílabas.\r\n•Es importante aplaudir sus logros o que reciba felicitaciones por su desempeño, en voz alta.', 'COMANDO ESCUCHA\r\nParticipantes: dos o más personas. \r\nAdministración: 10 minutos \r\nEspacio: interior o exterior.\r\nMateriales: lápiz y papel para cada participante\r\nConsigna: el participante comando canta: “hay que escuchar para ganar…hay que escuchar para ganar” señalando con una mano su propia oreja. Y da una instrucción a otro participante, por ejemplo: “sentarse”. Si la cumple, todos los participantes aplauden. Se vuelve a cantar y se da 2 consignas por ejemplo: agarra el lápiz y escribí algo en la hoja. Y nuevamente se canta, se agregando más cantidad de instrucciones.\r\nEstimula: \r\n- Desarrollo psicomotriz: motricidad gruesa, motricidad fina.\r\n- Desarrollo cognitivo: la capacidad de atención, concentración, memoria, lenguaje.\r\n- Desarrollo socio – emocional: recuperación de información de manera rápida y bajo presión de un límite de tiempo.', NULL, 1, 5),
(28, 'MAL', 'Para que pueda recordar más lo que escucha es conveniente ejercitar su memoria auditiva. ', '• Juegue a diferenciar ruidos, palabras, sílabas.\r\n•Es importante aplaudir sus logros o que reciba felicitaciones por su desempeño, en voz alta.\r\n', 'COMANDO ESCUCHA\r\nParticipantes: dos o más personas. \r\nAdministración: 10 minutos \r\nEspacio: interior o exterior.\r\nMateriales: lápiz y papel para cada participante\r\nConsigna: el participante comando canta: “hay que escuchar para ganar…hay que escuchar para ganar” señalando con una mano su propia oreja. Y da una instrucción a otro participante, por ejemplo: “sentarse”. Si la cumple, todos los participantes aplauden. Se vuelve a cantar y se da 2 consignas por ejemplo: agarra el lápiz y escribí algo en la hoja. Y nuevamente se canta, se agregando más cantidad de instrucciones.\r\nEstimula: \r\n- Desarrollo psicomotriz: motricidad gruesa, motricidad fina.\r\n- Desarrollo cognitivo: la capacidad de atención, concentración, memoria, lenguaje.\r\n- Desarrollo socio – emocional: recuperación de información de manera rápida y bajo presión de un límite de tiempo.', NULL, 1, 5),
(29, 'MAL', 'Para que pueda recordar más lo que escucha es conveniente ejercitar su memoria auditiva.', '• Juegue a diferenciar ruidos, palabras, sílabas.\r\n•Es importante aplaudir sus logros o que reciba felicitaciones por su desempeño, en voz alta.', 'RIMA QUE RIMA\r\nParticipantes: dos o más personas. \r\nAdministración: 10 minutos \r\nEspacio: interior o exterior.\r\nMateriales: tijera con puntas redondeadas,  revistas o diarios para recortar palabras, una bolsa o caja para colocarlas.\r\nConsigna: los participantes recortan palabras, las colocan en la caja o bolsa y las mezclan bien. El adulto sacará una palabra y la leerá en voz alta, los participantes pensarán y dirán una palabra diferente que rime. \r\nEstimula:\r\n- Desarrollo psicomotor: motricidad fina.\r\n- Desarrollo cognitivo: memoria auditiva, atención, concentración, lenguaje.\r\n- Desarrollo socio – emocional: recuperación de información de manera rápida y bajo presión de un límite de tiempo.', NULL, 1, 5),
(30, 'MASOMENOS', 'Para que pueda recordar más lo que escucha es conveniente ejercitar su memoria auditiva. ', '• Juegue a diferenciar ruidos, palabras, sílabas.\r\n•Es importante aplaudir sus logros o que reciba felicitaciones por su desempeño, en voz alta.', 'RIMA QUE RIMA\r\nParticipantes: dos o más personas. \r\nAdministración: 10 minutos \r\nEspacio: interior o exterior.\r\nMateriales: tijera con puntas redondeadas,  revistas o diarios para recortar palabras, una bolsa o caja para colocarlas.\r\nConsigna: los participantes recortan palabras, las colocan en la caja o bolsa y las mezclan bien. El adulto sacará una palabra y la leerá en voz alta, los participantes pensarán y dirán una palabra diferente que rime. \r\nEstimula:\r\n- Desarrollo psicomotor: motricidad fina.\r\n- Desarrollo cognitivo: memoria auditiva, atención, concentración, lenguaje.\r\n- Desarrollo socio – emocional: recuperación de información de manera rápida y bajo presión de un límite de tiempo.', NULL, 1, 5),
(31, 'MASOMENOS', 'Para que pueda recordar más lo que escucha es conveniente ejercitar su memoria auditiva. ', '•Es importante aplaudir sus logros o que reciba felicitaciones por su desempeño, en voz alta.\r\n• Juegue a diferenciar ruidos, palabras, sílabas.', 'RIMA QUE RIMA\r\nParticipantes: dos o más personas. \r\nAdministración: 10 minutos \r\nEspacio: interior o exterior.\r\nMateriales: tijera con puntas redondeadas,  revistas o diarios para recortar palabras, una bolsa o caja para colocarlas.\r\nConsigna: los participantes recortan palabras, las colocan en la caja o bolsa y las mezclan bien. El adulto sacará una palabra y la leerá en voz alta, los participantes pensarán y dirán una palabra diferente que rime. \r\nEstimula:\r\n- Desarrollo psicomotor: motricidad fina.\r\n- Desarrollo cognitivo: memoria auditiva, atención, concentración, lenguaje.\r\n- Desarrollo socio – emocional: recuperación de información de manera rápida y bajo presión de un límite de tiempo.', NULL, 1, 5),
(32, 'BIEN', 'Si los estímulos son de carácter auditivo, logra recuperar y memorizar información.', NULL, NULL, NULL, 1, 5),
(33, 'MUY MAL', 'Con ejercitación podrá mejorar su memoria kinestésica y recordar más detalles de lo que experimenta. ', '•Rendirá mucho más si las felicitaciones por su trabajo se le brindan a través de gestos cariñosos, como abrazos, palmadas, mimos.\r\n•Es primordial explicarle con oraciones cortas y claras, que se espera de su comportamiento,  en cada jornada escolar. Mencionarle “solo” la acción que se espera que haga. Por ejemplo si quiere que preste atención, en vez de decir “no hables”, diga “escuchá”; si quiere que juegue con tranquilidad en el recreo, en vez de decir “no corra”, diga “caminá”. Cada vez que lo logre, aplaudir conjuntamente el avance.', 'GENIO - GENIO TE CUENTO MI SUEÑO\r\nParticipantes: dos o más personas. \r\nAdministración: 10 minutos \r\nEspacio: interior o exterior.\r\nMateriales: una cuchara, un vaso y un plato\r\nConsigna: el adulto entregará al participante que represente al primero, y le pedirá que haga realidad sus sueños, utilizando los 3 objetos, entonces dirá por ejemplo:\r\nGenio-genio te cuento mi sueño: que la cuchara viva dentro del vaso.\r\nGenio-genio te cuento mi sueño: que el vaso levante al plato. \r\nGenio-genio te cuento mi sueño: que el plato atrape a la cuchara.\r\nCada vez que el genio cumple el sueño se aplaude diciendo: si, si, si. (Se puede inventar más combinaciones)\r\nEstimula: \r\n- desarrollo psicomotor: motricidad gruesa.\r\n- Desarrollo cognitivo: lenguaje, atención, concentración, memoria auditiva, memoria kinestésica, razonamiento.\r\n- Desarrollo socio – emocional: autoestima.', NULL, 1, 6),
(34, 'MAL', 'Con ejercitación podrá mejorar su memoria kinestésica y recordar más detalles de lo que experimenta.', '•Rendirá mucho más si las felicitaciones por su trabajo se le brindan a través de gestos cariñosos, como abrazos, palmadas, mimos.', 'GENIO - GENIO TE CUENTO MI SUEÑO\r\nParticipantes: dos o más personas. \r\nAdministración: 10 minutos \r\nEspacio: interior o exterior.\r\nMateriales: una cuchara, un vaso y un plato\r\nConsigna: el adulto entregará al participante que represente al primero, y le pedirá que haga realidad sus sueños, utilizando los 3 objetos, entonces dirá por ejemplo:\r\nGenio-genio te cuento mi sueño: que la cuchara viva dentro del vaso.\r\nGenio-genio te cuento mi sueño: que el vaso levante al plato. \r\nGenio-genio te cuento mi sueño: que el plato atrape a la cuchara.\r\nCada vez que el genio cumple el sueño se aplaude diciendo: si, si, si. (Se puede inventar más combinaciones)\r\nEstimula: \r\n- desarrollo psicomotor: motricidad gruesa.\r\n- Desarrollo cognitivo: lenguaje, atención, concentración, memoria auditiva, memoria kinestésica, razonamiento.\r\n- Desarrollo socio – emocional: autoestima.', NULL, 1, 6),
(35, 'MAL', 'Con ejercitación podrá mejorar su memoria kinestésica y recordar más detalles de lo que experimenta.', '•Rendirá mucho más si las felicitaciones por su trabajo se le brindan a través de gestos cariñosos, como abrazos, palmadas, mimos.', 'GENIO - GENIO TE CUENTO MI SUEÑO\r\nParticipantes: dos o más personas. \r\nAdministración: 10 minutos \r\nEspacio: interior o exterior.\r\nMateriales: una cuchara, un vaso y un plato\r\nConsigna: el adulto entregará al participante que represente al primero, y le pedirá que haga realidad sus sueños, utilizando los 3 objetos, entonces dirá por ejemplo:\r\nGenio-genio te cuento mi sueño: que la cuchara viva dentro del vaso.\r\nGenio-genio te cuento mi sueño: que el vaso levante al plato. \r\nGenio-genio te cuento mi sueño: que el plato atrape a la cuchara.\r\nCada vez que el genio cumple el sueño se aplaude diciendo: si, si, si. (Se puede inventar más combinaciones)\r\nEstimula: \r\n- desarrollo psicomotor: motricidad gruesa.\r\n- Desarrollo cognitivo: lenguaje, atención, concentración, memoria auditiva, memoria kinestésica, razonamiento.\r\n- Desarrollo socio – emocional: autoestima.', NULL, 1, 6),
(36, 'MASOMENOS', 'Con ejercitación podrá mejorar su memoria kinestésica y recordar más detalles de lo que experimenta. ', '•Rendirá mucho más si las felicitaciones por su trabajo se le brindan a través de gestos cariñosos, como abrazos, palmadas, mimos.', 'GENIO - GENIO TE CUENTO MI SUEÑO\r\nParticipantes: dos o más personas. \r\nAdministración: 10 minutos \r\nEspacio: interior o exterior.\r\nMateriales: una cuchara, un vaso y un plato\r\nConsigna: el adulto entregará al participante que represente al primero, y le pedirá que haga realidad sus sueños, utilizando los 3 objetos, entonces dirá por ejemplo:\r\nGenio-genio te cuento mi sueño: que la cuchara viva dentro del vaso.\r\nGenio-genio te cuento mi sueño: que el vaso levante al plato. \r\nGenio-genio te cuento mi sueño: que el plato atrape a la cuchara.\r\nCada vez que el genio cumple el sueño se aplaude diciendo: si, si, si. (Se puede inventar más combinaciones)\r\nEstimula: \r\n- desarrollo psicomotor: motricidad gruesa.\r\n- Desarrollo cognitivo: lenguaje, atención, concentración, memoria auditiva, memoria kinestésica, razonamiento.\r\n- Desarrollo socio – emocional: autoestima.', NULL, 1, 6),
(37, 'MASOMENOS', 'Su memoria kinestésica  le permite recordar algunos detalles sobre lo que experimenta, con estimulación mejorará notablemente.', '•Rendirá mucho más si las felicitaciones por su trabajo se le brindan a través de gestos cariñosos, como abrazos, palmadas, mimos.', 'GENIO - GENIO TE CUENTO MI SUEÑO\r\nParticipantes: dos o más personas. \r\nAdministración: 10 minutos \r\nEspacio: interior o exterior.\r\nMateriales: una cuchara, un vaso y un plato\r\nConsigna: el adulto entregará al participante que represente al primero, y le pedirá que haga realidad sus sueños, utilizando los 3 objetos, entonces dirá por ejemplo:\r\nGenio-genio te cuento mi sueño: que la cuchara viva dentro del vaso.\r\nGenio-genio te cuento mi sueño: que el vaso levante al plato. \r\nGenio-genio te cuento mi sueño: que el plato atrape a la cuchara.\r\nCada vez que el genio cumple el sueño se aplaude diciendo: si, si, si. (Se puede inventar más combinaciones)\r\nEstimula: \r\n- desarrollo psicomotor: motricidad gruesa.\r\n- Desarrollo cognitivo: lenguaje, atención, concentración, memoria auditiva, memoria kinestésica, razonamiento.\r\n- Desarrollo socio – emocional: autoestima.', NULL, 1, 6),
(38, 'BIEN', 'Su memoria kinestésica  le permite recordar lo que experimenta. ', NULL, 'GENIO - GENIO TE CUENTO MI SUEÑO\r\nParticipantes: dos o más personas. \r\nAdministración: 10 minutos (aproximadamente) por día durante un \r\nEspacio: interior o exterior.\r\nMateriales: una cuchara, un vaso y un plato\r\nConsigna: el adulto entregará al participante que represente al primero, y le pedirá que haga realidad sus sueños, utilizando los 3 objetos, entonces dirá por ejemplo:\r\nGenio-genio te cuento mi sueño: que la cuchara viva dentro del vaso.\r\nGenio-genio te cuento mi sueño: que el vaso levante al plato. \r\nGenio-genio te cuento mi sueño: que el plato atrape a la cuchara.\r\nCada vez que el genio cumple el sueño se aplaude diciendo: si, si, si. (Se puede inventar más combinaciones)\r\nEstimula: \r\n- desarrollo psicomotor: motricidad gruesa.\r\n- Desarrollo cognitivo: lenguaje, atención, concentración, memoria auditiva, memoria kinestésica, razonamiento.\r\n- Desarrollo socio – emocional: autoestima.', NULL, 1, 6),
(39, NULL, 'Aún no logra respetar los tiempos de trabajo propuestos, es importante que ejercite su atención y concentración.', '• Genere ambientes adecuados para la concentración y la observación, tenga en cuenta la iluminación, la ventilación y la contaminación sonora.\r\n• Podrá sostener mejor su atención y terminar sus tareas más rápido, si se divide las tareas en sub-tareas.\r\n•Ofrézcale  tareas adecuadas para su capacidad: que presenten un desafío para que no se aburra y que sea alcanzable para que sienta motivación por resolverla  (objetivos concretos, que consideramos que el alumno puede lograr).\r\n•Para mejorar su tiempo de concentración, bríndele  tareas  que pueda resolver en pocos minutos. Si lo hace aplaudan conjuntamente el avance. Luego podrá  recibir una tarea que requiera más tiempo de resolución  y se continuará trabajando así, hasta que pueda sostener el mismo tiempo de atención y concentración que el resto de sus compañeros.', '', 'Por lo detectado en la INFORMACIÓN OBTENIDA SOBRE EL DESARROLLO PSICOMOTOR, sugerimos realizar una consulta en: PSICOPEDAGOGIA', 1, 7),
(40, 'MASOMENOS', 'Algunas veces, logra respetar los tiempos de trabajo propuestos, para lograrlo, es importante que ejerciteaún más su atención y concentración.', '•Genere ambientes adecuados para la concentración y la observación, tenga en cuenta la iluminación, la ventilación y la contaminación sonora.\r\n• Podrá sostener mejor su atención y terminar sus tareas más rápido, si se divide las tareas en sub-tareas.\r\n•Ofrézcale  tareas adecuadas para su capacidad: que presenten un desafío para que no se aburra y que sea alcanzable para que sienta motivación por resolverla  (objetivos concretos, que consideramos que el alumno puede lograr).\r\n•Para mejorar su tiempo de concentración, bríndele  tareas  que pueda resolver en pocos minutos. Si lo hace aplaudan conjuntamente el avance. Luego podrá  recibir una tarea que requiera más tiempo de resolución  y se continuará trabajando así, hasta que pueda sostener el mismo tiempo de atención y concentración que el resto de sus compañeros.', NULL, NULL, 1, 7),
(41, 'BIEN', 'Logra respetar los tiempos de trabajo propuestos, pudiendo sostener su atención y concentración.', NULL, NULL, NULL, 1, 7),
(42, 'MUY MAL', 'Su capacidad para recordar información a través de estímulos visuales tiene que ejercitarse aún más.', '• Felicite su buena memoria cada vez que menciona algo que paso en días anteriores.\r\n• Sería muy bueno, mostrarle gráficos o imágenes a colores en sus clases o tareas y preguntarle que recuerda.', 'PINTANDO SONIDOS\r\nParticipantes: dos o más personas. \r\nAdministración: 10 minutos \r\nEspacio: interior o exterior.\r\nMateriales: música, papel, lápiz negro y lápices de colores o crayones.\r\nConsigna: el adulto propone escuchar música con los ojos cerrados por unos minutos, luego baja el volumen y solicita a los participantes que dibujen o pinten lo que imaginaron o pensaron mientras escuchaban música. Todos los participantes, serán felicitados.\r\nEstimula: \r\n- Desarrollo psicomotor: motricidad fina.\r\n- Desarrollo cognitivo: memoria auditiva, memoria visual, atención, concentración, creatividad, lenguaje.\r\n- Desarrollo socio – emocional: autoestima.', 'Por lo detectado en la INFORMACIÓN OBTENIDA SOBRE EL DESARROLLO PSICOMOTOR, sugerimos realizar una consulta en: PSICOPEDAGOGIA', 1, 8),
(43, 'MAL', 'Su capacidad para recordar información a través de estímulos visuales tiene que ejercitarse aún más.', '• Felicite su buena memoria cada vez que menciona algo que paso en días anteriores.\r\n• Sería muy bueno, mostrarle gráficos o imágenes a colores en sus clases o tareas y preguntarle que recuerda.', 'PINTANDO SONIDOS\r\nParticipantes: dos o más personas. \r\nAdministración: 10 minutos \r\nEspacio: interior o exterior.\r\nMateriales: música, papel, lápiz negro y lápices de colores o crayones.\r\nConsigna: el adulto propone escuchar música con los ojos cerrados por unos minutos, luego baja el volumen y solicita a los participantes que dibujen o pinten lo que imaginaron o pensaron mientras escuchaban música. Todos los participantes, serán felicitados.\r\nEstimula: \r\n- Desarrollo psicomotor: motricidad fina.\r\n- Desarrollo cognitivo: memoria auditiva, memoria visual, atención, concentración, creatividad, lenguaje.\r\n- Desarrollo socio – emocional: autoestima.', NULL, 1, 8),
(44, 'MAL', 'Su capacidad para recordar información a través de estímulos visuales tiene que ejercitarse aún más.', '• Felicite su buena memoria cada vez que menciona algo que paso en días anteriores.\r\n• Sería muy bueno, mostrarle gráficos o imágenes a colores en sus clases o tareas y preguntarle que recuerda.', 'PINTANDO SONIDOS\r\nParticipantes: dos o más personas. \r\nAdministración: 10 minutos \r\nEspacio: interior o exterior.\r\nMateriales: música, papel, lápiz negro y lápices de colores o crayones.\r\nConsigna: el adulto propone escuchar música con los ojos cerrados por unos minutos, luego baja el volumen y solicita a los participantes que dibujen o pinten lo que imaginaron o pensaron mientras escuchaban música. Todos los participantes, serán felicitados.\r\nEstimula: \r\n- Desarrollo psicomotor: motricidad fina.\r\n- Desarrollo cognitivo: memoria auditiva, memoria visual, atención, concentración, creatividad, lenguaje.\r\n- Desarrollo socio – emocional: autoestima.', NULL, 1, 8),
(45, 'MASOMENOS', 'Su capacidad para recordar información a través de estímulos visuales tiene que ejercitarse aún más.', '• Felicite su buena memoria cada vez que menciona algo que paso en días anteriores.\r\n• Sería muy bueno, mostrarle gráficos o imágenes a colores en sus clases o tareas y preguntarle que recuerda.', 'PINTANDO SONIDOS\r\nParticipantes: dos o más personas. \r\nAdministración: 10 minutos \r\nEspacio: interior o exterior.\r\nMateriales: música, papel, lápiz negro y lápices de colores o crayones.\r\nConsigna: el adulto propone escuchar música con los ojos cerrados por unos minutos, luego baja el volumen y solicita a los participantes que dibujen o pinten lo que imaginaron o pensaron mientras escuchaban música. Todos los participantes, serán felicitados.\r\nEstimula: \r\n- Desarrollo psicomotor: motricidad fina.\r\n- Desarrollo cognitivo: memoria auditiva, memoria visual, atención, concentración, creatividad, lenguaje.\r\n- Desarrollo socio – emocional: autoestima.', NULL, 1, 8),
(46, 'MASOMENOS', 'Su capacidad para recordar información a través de estímulos visuales, es buena.', '• Felicite su buena memoria cada vez que menciona algo que paso en días anteriores.\r\n• Sería muy bueno, mostrarle gráficos o imágenes a colores en sus clases o tareas y preguntarle que recuerda.', 'PINTANDO SONIDOS\r\nParticipantes: dos o más personas. \r\nAdministración: 10 minutos (aproximadamente) por día durante un mes.\r\nEspacio: interior o exterior.\r\nMateriales: música, papel, lápiz negro y lápices de colores o crayones.\r\nConsigna: el adulto propone escuchar música con los ojos cerrados por unos minutos, luego baja el volumen y solicita a los participantes que dibujen o pinten lo que imaginaron o pensaron mientras escuchaban música. Todos los participantes, serán felicitados.\r\nEstimula: \r\n- Desarrollo psicomotor: motricidad fina.\r\n- Desarrollo cognitivo: memoria auditiva, memoria visual, atención, concentración, creatividad, lenguaje.\r\n- Desarrollo socio – emocional: autoestima.', NULL, 1, 8),
(47, 'BIEN', 'Su capacidad para recordar información a través de estímulos visuales, es muy buena.', '• Felicite su buena memoria cada vez que menciona algo que paso en días anteriores.', NULL, NULL, 1, 8),
(48, 'MUY MAL', 'Respecto a la noción de tiempo, aún se evidencian dudas al mencionar acciones presentes, pasadas y futuras.', '•Para afianzar la noción temporal, hable sobre situaciones cotidianas, por ejemplo sobre la diferencia entre el día y la noche. Pregunte que hace en esos momentos, que está haciendo hoy, que hizo ayer, que le gustaría hacer mañana.', 'ANTES Y DESPUES\r\nParticipantes: dos o más personas. \r\nAdministración: 10 minutos \r\nEspacio: interior o exterior.\r\nMateriales: lápiz, papel \r\nConsigna: el adulto mostrará con una hoja como doblarla por la mitad (apaisada o vertical) para que cada participante doble su hoja y dibuje en una de las partes, que hace antes de ir a la escuela y en la otra parte, que es lo que hace después de ir a la escuela. \r\nAl finalizar podrán compartir su secuencia de antes y después.\r\n Estimula: \r\n- Desarrollo psicomotor: motricidad fina.\r\n- Desarrollo cognitivo: creatividad, atención, concentración, razonamiento, lenguaje.\r\n- Desarrollo socio – emocional: autoestima.', 'Por lo detectado en la INFORMACIÓN OBTENIDA SOBRE EL DESARROLLO PSICOMOTOR, sugerimos realizar una consulta en: PSICOPEDAGOGIA', 1, 9),
(49, 'MAL', 'Respecto a la noción de tiempo, puede utilizar algunas palabras, para mencionar acciones presentes y pasadas.', '•Para afianzar la noción temporal, hable sobre situaciones cotidianas, por ejemplo sobre la diferencia entre el día y la noche. Pregunte que hace en esos momentos, que está haciendo hoy, que hizo ayer, que le gustaría hacer mañana.', 'ANTES Y DESPUES\r\nParticipantes: dos o más personas. \r\nAdministración: 10 minutos \r\nEspacio: interior o exterior.\r\nMateriales: lápiz, papel \r\nConsigna: el adulto mostrará con una hoja como doblarla por la mitad (apaisada o vertical) para que cada participante doble su hoja y dibuje en una de las partes, que hace antes de ir a la escuela y en la otra parte, que es lo que hace después de ir a la escuela. \r\nAl finalizar podrán compartir su secuencia de antes y después.\r\n Estimula: \r\n- Desarrollo psicomotor: motricidad fina.\r\n- Desarrollo cognitivo: creatividad, atención, concentración, razonamiento, lenguaje.\r\n- Desarrollo socio – emocional: autoestima.', NULL, 1, 9),
(50, 'MAL', 'Respecto a la noción de tiempo, puede utilizar algunas palabras, para mencionar acciones presentes y pasadas.', '•Para afianzar la noción temporal, hable sobre situaciones cotidianas, por ejemplo sobre la diferencia entre el día y la noche. Pregunte que hace en esos momentos, que está haciendo hoy, que hizo ayer, que le gustaría hacer mañana.', 'ANTES Y DESPUES\r\nParticipantes: dos o más personas. \r\nAdministración: 10 minutos \r\nEspacio: interior o exterior.\r\nMateriales: lápiz, papel \r\nConsigna: el adulto mostrará con una hoja como doblarla por la mitad (apaisada o vertical) para que cada participante doble su hoja y dibuje en una de las partes, que hace antes de ir a la escuela y en la otra parte, que es lo que hace después de ir a la escuela. \r\nAl finalizar podrán compartir su secuencia de antes y después.\r\n Estimula: \r\n- Desarrollo psicomotor: motricidad fina.\r\n- Desarrollo cognitivo: creatividad, atención, concentración, razonamiento, lenguaje.\r\n- Desarrollo socio – emocional: autoestima.', NULL, 1, 9),
(51, 'MASOMENOS', 'Respecto a la noción de tiempo, puede utilizar palabras, para mencionar acciones presentes y pasadas.', '•Para afianzar la noción temporal, hable sobre situaciones cotidianas, por ejemplo sobre la diferencia entre el día y la noche. Pregunte que hace en esos momentos, que está haciendo hoy, que hizo ayer, que le gustaría hacer mañana.', 'ANTES Y DESPUES\r\nParticipantes: dos o más personas. \r\nAdministración: 10 minutos \r\nEspacio: interior o exterior.\r\nMateriales: lápiz, papel \r\nConsigna: el adulto mostrará con una hoja como doblarla por la mitad (apaisada o vertical) para que cada participante doble su hoja y dibuje en una de las partes, que hace antes de ir a la escuela y en la otra parte, que es lo que hace después de ir a la escuela. \r\nAl finalizar podrán compartir su secuencia de antes y después.\r\n Estimula: \r\n- Desarrollo psicomotor: motricidad fina.\r\n- Desarrollo cognitivo: creatividad, atención, concentración, razonamiento, lenguaje.\r\n- Desarrollo socio – emocional: autoestima.', NULL, 1, 9),
(52, 'MASOMENOS', 'Respecto a la noción de tiempo, puede utilizar palabras, para mencionar acciones presentes y pasadas.', '•Para afianzar la noción temporal, hable sobre situaciones cotidianas, por ejemplo sobre la diferencia entre el día y la noche. Pregunte que hace en esos momentos, que está haciendo hoy, que hizo ayer, que le gustaría hacer mañana.', 'ANTES Y DESPUES\r\nParticipantes: dos o más personas. \r\nAdministración: 10 minutos \r\nEspacio: interior o exterior.\r\nMateriales: lápiz, papel \r\nConsigna: el adulto mostrará con una hoja como doblarla por la mitad (apaisada o vertical) para que cada participante doble su hoja y dibuje en una de las partes, que hace antes de ir a la escuela y en la otra parte, que es lo que hace después de ir a la escuela. \r\nAl finalizar podrán compartir su secuencia de antes y después.\r\n Estimula: \r\n- Desarrollo psicomotor: motricidad fina.\r\n- Desarrollo cognitivo: creatividad, atención, concentración, razonamiento, lenguaje.\r\n- Desarrollo socio – emocional: autoestima.', NULL, 1, 9),
(53, 'BIEN', 'Respecto a la noción de tiempo, puede utilizar palabras, para indicar los diferentes momentos del día, tales como: como: antes,después, ayer, hoy y mañana.', NULL, NULL, NULL, 1, 9),
(54, 'MUY MAL', 'Su conocimiento de las nociones espaciales, es escaso, aún no interiorizo conceptos como: arriba, abajo, adentro, afuera, adelante y atrás.  ', '•Para favorecer la noción espacial, pregunté en voz alta, sobre situaciones cotidianas, por ejemplo: ¿El cuaderno va adentro o afuera de la mochila? o \r\n•Realice ejercicios con el cuerpo, por ejemplo, colóquese a delante o atrás y pregunté: ¿Yo estoy adelante o atrás tuyo?', 'ARRIBA Y ABAJO\r\nParticipantes: dos o más personas. \r\nAdministración: 10 minutos \r\nEspacio: interior o exterior.\r\nMateriales:una hoja y un lápiz por participante.\r\nConsigna: el adulto mostrará con una hoja como doblarla en 4 partes (apaisada o vertical a modo de abanico) para que cada participante doble su hoja. Una vez marcadas las partes la abrirá y dibujará en la parte de arriba su cabeza y en la parte de abajo sus pies. \r\nEstimula: \r\n- Desarrollo psicomotor: motricidad fina.\r\n- Desarrollo cognitivo: creatividad, atención, memoria auditiva, concentración, razonamiento, lenguaje.\r\n- Desarrollo socio – emocional: autoestima.', 'Por lo detectado en la INFORMACIÓN OBTENIDA SOBRE EL DESARROLLO PSICOMOTOR, sugerimos realizar una consulta en: PSICOPEDAGOGIA', 1, 10),
(55, 'MAL', 'Su conocimiento de las nociones espaciales, es muy lábil, aún no interiorizo conceptos como: arriba, abajo, adentro, afuera, adelante y atrás. ', '•Para favorecer la noción espacial, pregunté en voz alta, sobre situaciones cotidianas, por ejemplo: ¿El cuaderno va adentro o afuera de la mochila? o \r\n•Realice ejercicios con el cuerpo, por ejemplo, colóquese a delante o atrás y pregunté: ¿Yo estoy adelante o atrás tuyo?', NULL, NULL, 1, 10),
(56, 'MAL', 'Su conocimiento de las nociones espaciales, es muy lábil, aún no interiorizo conceptos como: arriba, abajo, adentro, afuera, adelante y atrás.  ', '•Para favorecer la noción espacial, pregunté en voz alta, sobre situaciones cotidianas, por ejemplo: ¿El cuaderno va adentro o afuera de la mochila? o \r\n•Realice ejercicios con el cuerpo, por ejemplo, colóquese a delante o atrás y pregunté: ¿Yo estoy adelante o atrás tuyo?', NULL, NULL, 1, 10),
(57, 'MAL', 'Su conocimiento de las nociones espaciales, es muy lábil, aún no interiorizo conceptos como: arriba, abajo, adentro, afuera, adelante y atrás. ', '•Para favorecer la noción espacial, pregunté en voz alta, sobre situaciones cotidianas, por ejemplo: ¿El cuaderno va adentro o afuera de la mochila? o \r\n•Realice ejercicios con el cuerpo, por ejemplo, colóquese a delante o atrás y pregunté: ¿Yo estoy adelante o atrás tuyo?', NULL, NULL, 1, 10),
(58, 'MAL', 'Su conocimiento de las nociones espaciales, es muy lábil, aún no interiorizo conceptos como: arriba, abajo, adentro, afuera, adelante y atrás. ', '•Para favorecer la noción espacial, pregunté en voz alta, sobre situaciones cotidianas, por ejemplo: ¿El cuaderno va adentro o afuera de la mochila? o \r\n•Realice ejercicios con el cuerpo, por ejemplo, colóquese a delante o atrás y pregunté: ¿Yo estoy adelante o atrás tuyo?', NULL, NULL, 1, 10),
(59, 'MAL', 'Su conocimiento de las nociones espaciales, es muy lábil, aún no interiorizo conceptos como: arriba, abajo, adentro, afuera, adelante y atrás.  ', '•Para favorecer la noción espacial, pregunté en voz alta, sobre situaciones cotidianas, por ejemplo: ¿El cuaderno va adentro o afuera de la mochila? o \r\n•Realice ejercicios con el cuerpo, por ejemplo, colóquese a delante o atrás y pregunté: ¿Yo estoy adelante o atrás tuyo?', NULL, NULL, 1, 10),
(60, 'MASOMENOS', 'Su conocimiento de las nociones espaciales, es lábil, aún no interiorizo conceptos como: arriba, abajo, adentro, afuera, adelante y atrás.  ', '•Para favorecer la noción espacial, pregunté en voz alta, sobre situaciones cotidianas, por ejemplo: ¿El cuaderno va adentro o afuera de la mochila? o \r\n•Realice ejercicios con el cuerpo, por ejemplo, colóquese a delante o atrás y pregunté: ¿Yo estoy adelante o atrás tuyo?', 'MOVIDITO\r\nParticipantes: dos o más personas. \r\nAdministración: 10 minutos \r\nEspacio: interior o exterior.\r\nMateriales: un objeto por participante\r\nConsigna: el adulto guiará el juego designando un objeto para cada participante. Indicando a los participantes, que levanten o bajen el objeto que le fue asignado. Con diferentes palabras por ejemplo arriba, abajo; suban, caigan; elevo, bajo; asciendo, desciendo. Estimula: \r\n- desarrollo psicomotor: motricidad gruesa.\r\n- Desarrollo cognitivo: atención, concentración, memoria auditiva, razonamiento.\r\n- Desarrollo socio – emocional: autoestima.', NULL, 1, 10),
(61, 'MASOMENOS', 'Su conocimiento de las nociones espaciales, es lábil, con ayuda podrá interiorizar conceptos como: arriba, abajo, adentro, afuera, adelante y atrás.  ', '•Para favorecer la noción espacial, pregunté en voz alta, sobre situaciones cotidianas, por ejemplo: ¿El cuaderno va adentro o afuera de la mochila? o \r\n•Realice ejercicios con el cuerpo, por ejemplo, colóquese a delante o atrás y pregunté: ¿Yo estoy adelante o atrás tuyo?', 'MOVIDITO\r\nParticipantes: dos o más personas. \r\nAdministración: 10 minutos \r\nEspacio: interior o exterior.\r\nMateriales: un objeto por participante\r\nConsigna: el adulto guiará el juego designando un objeto para cada participante. Indicando a los participantes, que levanten o bajen el objeto que le fue asignado. Con diferentes palabras por ejemplo arriba, abajo; suban, caigan; elevo, bajo; asciendo, desciendo. Estimula: \r\n- desarrollo psicomotor: motricidad gruesa.\r\n- Desarrollo cognitivo: atención, concentración, memoria auditiva, razonamiento.\r\n- Desarrollo socio – emocional: autoestima.', NULL, 1, 10),
(62, 'MASOMENOS', 'Su conocimiento de las  nociones  espaciales es muy bueno, tiene interiorizados conceptos como: arriba, abajo, adentro, afuera, adelante y atrás.  ', '•Para favorecer la noción espacial, pregunté en voz alta, sobre situaciones cotidianas, por ejemplo: ¿El cuaderno va adentro o afuera de la mochila? o \r\n•Realice ejercicios con el cuerpo, por ejemplo, colóquese a delante o atrás y pregunté: ¿Yo estoy adelante o atrás tuyo?', 'MOVIDITO\r\nParticipantes: dos o más personas. \r\nAdministración: 10 minutos \r\nEspacio: interior o exterior.\r\nMateriales: un objeto por participante\r\nConsigna: el adulto guiará el juego designando un objeto para cada participante. Indicando a los participantes, que levanten o bajen el objeto que le fue asignado. Con diferentes palabras por ejemplo arriba, abajo; suban, caigan; elevo, bajo; asciendo, desciendo. Estimula: \r\n- desarrollo psicomotor: motricidad gruesa.\r\n- Desarrollo cognitivo: atención, concentración, memoria auditiva, razonamiento.\r\n- Desarrollo socio – emocional: autoestima.', NULL, 1, 10),
(63, 'BIEN', 'Su conocimiento de las  nociones  espaciales es muy bueno, tiene interiorizados conceptos como: arriba, abajo, adentro, afuera, adelante y atrás.', NULL, NULL, NULL, 1, 10),
(64, 'MUY MAL', 'Aún no afianzó los conceptos que expresan cantidad. Sería muy positivo que los trabaje para que pueda aprender a sumar y restar sin dificultad.', '•Realice ejercicios matemáticos con alimentos,  por ejemplo, si como esta galletita ¿me quedan más o menos galletitas?  Si tomo mucha agua de este vaso ¿me queda mucha o poca agua?', '¿COMO COME?\r\nParticipantes: dos o más personas. \r\nAdministración: 20 minutos \r\nEspacio: interior o exterior.\r\nMateriales: cartulina, lápiz y tijera de puntas redondeadas, mesa o lugar de apoyo.\r\nConsigna: el adulto dibujar varios huesos y dos perros en la cartulina y los participantes lo recortarán.\r\nSe ubicarán los perros uno al lado del otro y se colocará 1 hueso al lado de un perro y todos los huesos restantes, al lado del otro, preguntando a los participantes ¿Este perro come mucho o come poco? \r\nEl adulto puede proponer diferentes alternativas, siempre realizando una pregunta que invite a razonar.\r\nEstimula: \r\n- Desarrollo psicomotor: motricidad fina.\r\n- Desarrollo cognitivo: atención, concentración, memoria auditiva, memoria kinestésica, memoria visual, razonamiento lógico matemático.\r\n- Desarrollo socio – emocional: autoestima.', 'Por lo detectado en la INFORMACIÓN OBTENIDA SOBRE EL DESARROLLO PSICOMOTOR, sugerimos realizar una consulta en: PSICOPEDAGOGIA', 1, 11),
(65, 'MAL', 'Aún no afianzó todos los conceptos que expresan cantidad. Sería muy positivo que los trabaje para que pueda aprender a sumar y restar sin dificultad. ', '•Realice ejercicios matemáticos con alimentos,  por ejemplo, si como esta galletita ¿me quedan más o menos galletitas?  Si tomo mucha agua de este vaso ¿me queda mucha o poca agua?', '¿COMO COME?\r\nParticipantes: dos o más personas. \r\nAdministración: 20 minutos \r\nEspacio: interior o exterior.\r\nMateriales: cartulina, lápiz y tijera de puntas redondeadas, mesa o lugar de apoyo.\r\nConsigna: el adulto dibujar varios huesos y dos perros en la cartulina y los participantes lo recortarán.\r\nSe ubicarán los perros uno al lado del otro y se colocará 1 hueso al lado de un perro y todos los huesos restantes, al lado del otro, preguntando a los participantes ¿Este perro come mucho o come poco? \r\nEl adulto puede proponer diferentes alternativas, siempre realizando una pregunta que invite a razonar.\r\nEstimula: \r\n- Desarrollo psicomotor: motricidad fina.\r\n- Desarrollo cognitivo: atención, concentración, memoria auditiva, memoria kinestésica, memoria visual, razonamiento lógico matemático.\r\n- Desarrollo socio – emocional: autoestima.', NULL, 1, 11),
(66, 'MAL', 'Aún no afianzó todos los conceptos que expresan cantidad. Sería muy positivo que los trabaje para que pueda aprender a sumar y restar sin dificultad.', '•Realice ejercicios matemáticos con alimentos,  por ejemplo, si como esta galletita ¿me quedan más o menos galletitas?  Si tomo mucha agua de este vaso ¿me queda mucha o poca agua?', '¿COMO COME?\r\nParticipantes: dos o más personas. \r\nAdministración: 20 minutos \r\nEspacio: interior o exterior.\r\nMateriales: cartulina, lápiz y tijera de puntas redondeadas, mesa o lugar de apoyo.\r\nConsigna: el adulto dibujar varios huesos y dos perros en la cartulina y los participantes lo recortarán.\r\nSe ubicarán los perros uno al lado del otro y se colocará 1 hueso al lado de un perro y todos los huesos restantes, al lado del otro, preguntando a los participantes ¿Este perro come mucho o come poco? \r\nEl adulto puede proponer diferentes alternativas, siempre realizando una pregunta que invite a razonar.\r\nEstimula: \r\n- Desarrollo psicomotor: motricidad fina.\r\n- Desarrollo cognitivo: atención, concentración, memoria auditiva, memoria kinestésica, memoria visual, razonamiento lógico matemático.\r\n- Desarrollo socio – emocional: autoestima.', NULL, 1, 11);
INSERT INTO `tresultado` (`idresultado`, `vcresultestninio`, `vcresultinfobt`, `vcresultsugprof`, `vcresultejepot`, `vcresultorientadult`, `boresultestado`, `idsubfactor`) VALUES
(67, 'MASOMENOS', 'Aún no afianzó todos los conceptos que expresan cantidad. Sería muy positivo que los trabaje para que pueda aprender a sumar y restar sin dificultad.', '•Realice ejercicios matemáticos con alimentos,  por ejemplo, si como esta galletita ¿me quedan más o menos galletitas?  Si tomo mucha agua de este vaso ¿me queda mucha o poca agua?', '¿COMO COME?\r\nParticipantes: dos o más personas. \r\nAdministración: 20 minutos \r\nEspacio: interior o exterior.\r\nMateriales: cartulina, lápiz y tijera de puntas redondeadas, mesa o lugar de apoyo.\r\nConsigna: el adulto dibujar varios huesos y dos perros en la cartulina y los participantes lo recortarán.\r\nSe ubicarán los perros uno al lado del otro y se colocará 1 hueso al lado de un perro y todos los huesos restantes, al lado del otro, preguntando a los participantes ¿Este perro come mucho o come poco? \r\nEl adulto puede proponer diferentes alternativas, siempre realizando una pregunta que invite a razonar.\r\nEstimula: \r\n- Desarrollo psicomotor: motricidad fina.\r\n- Desarrollo cognitivo: atención, concentración, memoria auditiva, memoria kinestésica, memoria visual, razonamiento lógico matemático.\r\n- Desarrollo socio – emocional: autoestima.', NULL, 1, 11),
(68, 'MASOMENOS', 'Aún no afianzó todos los conceptos que expresan cantidad. Sería muy positivo que los trabaje para que pueda aprender a sumar y restar sin dificultad.', '•Realice ejercicios matemáticos con alimentos,  por ejemplo, si como esta galletita ¿me quedan más o menos galletitas?  Si tomo mucha agua de este vaso ¿me queda mucha o poca agua?', '¿COMO COME?\r\nParticipantes: dos o más personas. \r\nAdministración: 20 minutos \r\nEspacio: interior o exterior.\r\nMateriales: cartulina, lápiz y tijera de puntas redondeadas, mesa o lugar de apoyo.\r\nConsigna: el adulto dibujar varios huesos y dos perros en la cartulina y los participantes lo recortarán.\r\nSe ubicarán los perros uno al lado del otro y se colocará 1 hueso al lado de un perro y todos los huesos restantes, al lado del otro, preguntando a los participantes ¿Este perro come mucho o come poco? \r\nEl adulto puede proponer diferentes alternativas, siempre realizando una pregunta que invite a razonar.\r\nEstimula: \r\n- Desarrollo psicomotor: motricidad fina.\r\n- Desarrollo cognitivo: atención, concentración, memoria auditiva, memoria kinestésica, memoria visual, razonamiento lógico matemático.\r\n- Desarrollo socio – emocional: autoestima.', NULL, 1, 11),
(69, 'BIEN', 'Puede comprender conceptos que expresan cantidad y cuenta con nociones básicas para aprender a sumar y restar sin dificultad.', NULL, NULL, NULL, 1, 11),
(70, 'MAL', 'Al momento de reconocer si un objeto es igual o diferente a otro, manifiesta duda.', '•Cada vez que pueda, permítele elegir entre dos opciones diferentes.', 'RELACIONANDO OBJETOS \r\nParticipantes: dos o más personas. \r\nAdministración: 10 minutos \r\nEspacio: interior o exterior.\r\nMateriales: varios objetos diferentes y parecidos entre sí.\r\nConsigna: entregue dos objetos diferentes y permita que los manipule y experimente con ellos, durante algunos minutos. Luego pregunte sobre:\r\nSus cualidades: ¿como son?\r\nSus semejanzas: ¿en que se parecen?\r\nSus diferencias: ¿en qué son distintos?\r\nFelicite cada razonamiento, si nota un error diga: “lo que decís, es una manera de verlo, me gustaría que pensemos otra más ¿dale?”\r\nEstimula: \r\n- Desarrollo cognitivo: memoria auditiva, memoria visual, atención, concentración, razonamiento, lenguaje.\r\n- Desarrollo socio – emocional: autoestima, conducta y vínculos.\r\n\r\nPREFERENCIAS\r\nParticipantes: dos o más personas. \r\nAdministración: 10 minutos \r\nEspacio: interior o exterior.\r\nMateriales:2 objetos \r\nConsigna: tomé los dos objetos uno en la mano derecha y otro en la izquierda y realice las siguientes preguntas:\r\n¿Cuál de estas dos cosas te gusta más? ¿Por qué?\r\n¿De qué color es la que tengo en mi mano derecha?\r\n¿Cómo se llama la cosa que tengo en mi mano izquierda? \r\nSonría de manera amigable mientras espera o escucha las respuestas. Felicite los aciertos. Y corrija con calma los errores y hablando en plural, por ejemplo diga sonriendo “vamos a tener que seguir intentando, dale proba otra vez, tenés otra oportunidad”.\r\nEstimula: \r\n- Desarrollo cognitivo: memoria auditiva, memoria visual, atención, concentración, razonamiento, lenguaje.\r\n- Desarrollo socio – emocional: autoestima, conducta y vínculos.', 'Por lo detectado en la INFORMACIÓN OBTENIDA SOBRE EL DESARROLLO PSICOMOTOR, sugerimos realizar una consulta en: PSICOPEDAGOGIA', 1, 12),
(71, 'MASOMENOS', 'Al momento de reconocer si un objeto es igual o diferente a otro, manifiesta duda.', '•Cada vez que pueda, permítele elegir entre dos opciones diferentes.', 'PREFERENCIAS\r\nParticipantes: dos o más personas. \r\nAdministración: 10 minutos (aproximadamente) por día durante un mes.\r\nEspacio: interior o exterior.\r\nMateriales: 2 objetos \r\nConsigna: tomé los dos objetos uno en la mano derecha y otro en la izquierda y realice las siguientes preguntas:\r\n¿Cuál de estas dos cosas te gusta más? ¿Por qué?\r\n¿De qué color es la que tengo en mi mano derecha?\r\n¿Cómo se llama la cosa que tengo en mi mano izquierda? \r\nSonría de manera amigable mientras espera o escucha las respuestas. Felicite los aciertos. Y corrija con calma los errores y hablando en plural, por ejemplo diga sonriendo “vamos a tener que seguir intentando, dale proba otra vez, tenés otra oportunidad”.\r\nEstimula: \r\n- Desarrollo cognitivo: memoria auditiva, memoria visual, atención, concentración, razonamiento, lenguaje.\r\n- Desarrollo socio – emocional: autoestima, conducta y vínculos.', NULL, 1, 12),
(72, 'BIEN', 'Reconoce objetos iguales y diferentes.', NULL, NULL, NULL, 1, 12),
(73, 'MUY MAL', 'Su expresión gráfica está poco desarrollada. Sus trazos  aún no tienen formas reconocibles.', '•Trabajar con pintura: con los dedos, con pincel. \r\n•Permitirle pintar o dibujar de pie. Que realice dibujos libres (aunque sean garabatos) dos o tres oportunidades diarias. \r\n•Dibujar con los dedos en el aire, dirigiendo los trazos con palabras: arriba – abajo;  izquierda – derecha; diagonal; zig-zag ; semi círculos\r\ncírculo y semicírculos (con forma de C); líneas; rayas.\r\n•Realizar un dibujo y pedirle que nos ayude y lo pinte, felicitar lo que sea capaz de hacer.', NULL, 'Por lo detectado en la INFORMACIÓN OBTENIDA SOBRE EL DESARROLLO PSICOMOTOR, sugerimos realizar una consulta en: PSICOPEDAGOGIA', 1, 13),
(74, 'MAL', 'Su expresión gráfica aún no está muy desarrollada.', '•Trabajar con pintura: con los dedos, con pincel. \r\n•Permitirle pintar o dibujar de pie. Que realice dibujos libres (aunque sean garabatos) dos o tres oportunidades diarias. \r\n•Dibujar con los dedos en el aire, dirigiendo los trazos con palabras: arriba – abajo;  izquierda – derecha; diagonal; zig-zag ; semi círculos\r\ncírculo y semicírculos (con forma de C); líneas; rayas.\r\n•Realizar un dibujo y pedirle que nos ayude y lo pinte, felicitar lo que sea capaz de hacer.', NULL, NULL, 1, 13),
(75, 'MAL', 'Su expresión gráfica aún no está muy desarrollada.', '•Trabajar con pintura: con los dedos, con pincel. \r\n•Permitirle pintar o dibujar de pie. Que realice dibujos libres (aunque sean garabatos) dos o tres oportunidades diarias. \r\n•Dibujar con los dedos en el aire, dirigiendo los trazos con palabras: arriba – abajo;  izquierda – derecha; diagonal; zig-zag ; semi círculos\r\ncírculo y semicírculos (con forma de C); líneas; rayas.\r\n•Realizar un dibujo y pedirle que nos ayude y lo pinte, felicitar lo que sea capaz de hacer.', NULL, NULL, 1, 13),
(76, 'MAL', 'Su expresión gráfica aún no está muy desarrollada.', '•Trabajar con pintura: con los dedos, con pincel. \r\n•Permitirle pintar o dibujar de pie. Que realice dibujos libres (aunque sean garabatos) dos o tres oportunidades diarias. \r\n•Dibujar con los dedos en el aire, dirigiendo los trazos con palabras: arriba – abajo;  izquierda – derecha; diagonal; zig-zag ; semicírculos\r\ncírculo y semicírculos (con forma de C); líneas; rayas.\r\n•Realizar un dibujo y pedirle que nos ayude y lo pinte, felicitar lo que sea capaz de hacer.', NULL, NULL, 1, 13),
(77, 'MAL', 'Su expresión gráfica aún no está muy desarrollada.', '•Trabajar con pintura: con los dedos, con pincel. \r\n•Permitirle pintar o dibujar de pie. Que realice dibujos libres (aunque sean garabatos) dos o tres oportunidades diarias. \r\n•Dibujar con los dedos en el aire, dirigiendo los trazos con palabras: arriba – abajo;  izquierda – derecha; diagonal; zig-zag ; semicírculos\r\ncírculo y semicírculos (con forma de C); líneas; rayas.\r\n•Realizar un dibujo y pedirle que nos ayude y lo pinte, felicitar lo que sea capaz de hacer.\r\n•Trabajar con pintura: con los dedos, con pincel. \r\n•Permitirle pintar o dibujar de pie. Que realice dibujos libres (aunque sean garabatos) dos o tres oportunidades diarias. \r\n•Dibujar con los dedos en el aire, dirigiendo los trazos con palabras: arriba – abajo;  izquierda – derecha; diagonal; zig-zag ; semicírculos\r\ncírculo y semicírculos (con forma de C); líneas; rayas.\r\n•Realizar un dibujo y pedirle que nos ayude y lo pinte, felicitar lo que sea capaz de hacer.', NULL, NULL, 1, 13),
(78, 'MAL', 'Su expresión gráfica aún está desarrollándose.', '•Trabajar con pintura: con los dedos, con pincel. \r\n•Permitirle pintar o dibujar de pie. Que realice dibujos libres (aunque sean garabatos) dos o tres oportunidades diarias. \r\n•Dibujar con los dedos en el aire, dirigiendo los trazos con palabras: arriba – abajo;  izquierda – derecha; diagonal; zig-zag ; semi círculos\r\ncírculo y semicírculos (con forma de C); líneas; rayas.\r\n•Realizar un dibujo y pedirle que nos ayude y lo pinte, felicitar lo que sea capaz de hacer.', NULL, NULL, 1, 13),
(79, 'MASOMENOS', 'Su expresión gráfica aún está desarrollándose.', '•Trabajar con pintura: con los dedos, con pincel. \r\n•Permitirle pintar o dibujar de pie. Que realice dibujos libres (aunque sean garabatos) dos o tres oportunidades diarias. \r\n•Dibujar con los dedos en el aire, dirigiendo los trazos con palabras: arriba – abajo;  izquierda – derecha; diagonal; zig-zag ; semi círculos\r\ncírculo y semicírculos (con forma de C); líneas; rayas.\r\n•Realizar un dibujo y pedirle que nos ayude y lo pinte, felicitar lo que sea capaz de hacer.', NULL, NULL, 1, 13),
(80, 'MASOMENOS', 'Su expresión gráfica aún está desarrollándose.', '•Trabajar con pintura: con los dedos, con pincel. \r\n•Permitirle pintar o dibujar de pie. Que realice dibujos libres (aunque sean garabatos) dos o tres oportunidades diarias. \r\n•Dibujar con los dedos en el aire, dirigiendo los trazos con palabras: arriba – abajo;  izquierda – derecha; diagonal; zig-zag ; semi círculos\r\ncírculo y semicírculos (con forma de C); líneas; rayas.\r\n•Realizar un dibujo y pedirle que nos ayude y lo pinte, felicitar lo que sea capaz de hacer.', NULL, NULL, 1, 13),
(81, 'MASOMENOS', 'Su expresión gráfica es muy buena. Sus trazos  tienen formas reconocibles incluyendo la figura humana.', '•Trabajar con pintura: con los dedos, con pincel. \r\n•Permitirle pintar o dibujar de pie. Que realice dibujos libres (aunque sean garabatos) dos o tres oportunidades diarias. \r\n•Dibujar con los dedos en el aire, dirigiendo los trazos con palabras: arriba – abajo;  izquierda – derecha; diagonal; zig-zag ; semi círculos\r\ncírculo y semicírculos (con forma de C); líneas; rayas.\r\n•Realizar un dibujo y pedirle que nos ayude y lo pinte, felicitar lo que sea capaz de hacer.', NULL, NULL, 1, 13),
(82, 'BIEN', NULL, NULL, NULL, NULL, 1, 13),
(83, 'MUY MAL', 'Necesita ayuda para poder escribir su nombre y/o palabras básicas.', '• Busquen y recorten de diarios o revistas las letras de su nombre, para que las conozca. Pueden pegarlas en una hoja y colgarla en la pared.', 'LA - RA- LA- RA\r\nParticipantes: dos o más personas. \r\nAdministración: 10 minutos \r\nEspacio: interior o exterior.\r\nMateriales: elementos que se utilizan en tareas que necesitan ser mejoradas\r\nConsigna: El adulto seleccionará los elementos que participan en la tarea que necesita ser mejorada.  Y dará un tiempo limitado para que cada participante invente una canción muy corta, relacionada con lo que están haciendo por ejemplo: “comemos mandarina en nuestra cocina… comemos mandarina en nuestra cocina, la, ra,  la, ra…”; “pinto un dibujito con mi lapicito la, ra, la, ra…”; “hago un dibujito con mi manito la, ra, la,  ra…” y la cantarán y bailaran juntos. Próximamente podrán cantarla en voz baja mientras ejecutan la acción descripta en la canción inventada.\r\nEstimula: \r\n- Desarrollo psicomotor: motricidad gruesa.\r\n- Desarrollo cognitivo: la capacidad de atención, concentración, creatividad, lenguaje.\r\n- Desarrollo socio – emocional: autoestima.', 'Por lo detectado en la INFORMACIÓN OBTENIDA SOBRE EL DESARROLLO PSICOMOTOR, sugerimos realizar una consulta en: PSICOPEDAGOGIA', 1, 14),
(84, 'MAL', 'Aún necesita ayuda para poder escribir su nombre y palabras básicas.', '• Busquen y recorten de diarios o revistas las letras de su nombre, para que las conozca. Pueden pegarlas en una hoja y colgarla en la pared.', 'LA - RA- LA- RA\r\nParticipantes: dos o más personas. \r\nAdministración: 10 minutos \r\nEspacio: interior o exterior.\r\nMateriales: elementos que se utilizan en tareas que necesitan ser mejoradas\r\nConsigna: El adulto seleccionará los elementos que participan en la tarea que necesita ser mejorada.  Y dará un tiempo limitado para que cada participante invente una canción muy corta, relacionada con lo que están haciendo por ejemplo: “comemos mandarina en nuestra cocina… comemos mandarina en nuestra cocina, la, ra,  la, ra…”; “pinto un dibujito con mi lapicito la, ra, la, ra…”; “hago un dibujito con mi manito la, ra, la,  ra…” y la cantarán y bailarán juntos. Próximamente podrán cantarla en voz baja mientras ejecutan la acción descrita en la canción inventada.\r\nEstimula: \r\n- Desarrollo psicomotor: motricidad gruesa.\r\n- Desarrollo cognitivo: la capacidad de atención, concentración, creatividad, lenguaje.\r\n- Desarrollo socio – emocional: autoestima.', NULL, 1, 14),
(85, 'MAL', 'Aún necesita ayuda para poder escribir su nombre y palabras básicas.', '• Busquen y recorten de diarios o revistas las letras de su nombre, para que las conozca. Pueden pegarlas en una hoja y colgarla en la pared.', 'LA - RA- LA- RA\r\nParticipantes: dos o más personas. \r\nAdministración: 10 minutos \r\nEspacio: interior o exterior.\r\nMateriales: elementos que se utilizan en tareas que necesitan ser mejoradas\r\nConsigna: El adulto seleccionará los elementos que participan en la tarea que necesita ser mejorada.  Y dará un tiempo limitado para que cada participante invente una canción muy corta, relacionada con lo que están haciendo por ejemplo: “comemos mandarina en nuestra cocina… comemos mandarina en nuestra cocina, la, ra,  la, ra…”; “pinto un dibujito con mi lapicito la, ra, la, ra…”; “hago un dibujito con mi manito la, ra, la,  ra…” y la cantarán y bailarán juntos. Próximamente podrán cantarla en voz baja mientras ejecutan la acción descrita en la canción inventada.\r\nEstimula: \r\n- Desarrollo psicomotor: motricidad gruesa.\r\n- Desarrollo cognitivo: la capacidad de atención, concentración, creatividad, lenguaje.\r\n- Desarrollo socio – emocional: autoestima.', NULL, 1, 14),
(86, 'MASOMENOS', 'En ocasiones necesita ayuda para poder escribir su nombre y palabras básicas.', '• Busquen y recorten de diarios o revistas las letras de su nombre, para que las conozca. Pueden pegarlas en una hoja y colgarla en la pared.', 'LA - RA- LA- RA\r\nParticipantes: dos o más personas. \r\nAdministración: 10 minutos \r\nEspacio: interior o exterior.\r\nMateriales: elementos que se utilizan en tareas que necesitan ser mejoradas\r\nConsigna: El adulto seleccionará los elementos que participan en la tarea que necesita ser mejorada.  Y dará un tiempo limitado para que cada participante invente una canción muy corta, relacionada con lo que están haciendo por ejemplo: “comemos mandarina en nuestra cocina… comemos mandarina en nuestra cocina, la, ra,  la, ra…”; “pinto un dibujito con mi lapicito la, ra, la, ra…”; “hago un dibujito con mi manito la, ra, la,  ra…” y la cantarán y bailaran juntos. Próximamente podrán cantarla en voz baja mientras ejecutan la acción descripta en la canción inventada.\r\nEstimula: \r\n- Desarrollo psicomotor: motricidad gruesa.\r\n- Desarrollo cognitivo: la capacidad de atención, concentración, creatividad, lenguaje.\r\n- Desarrollo socio – emocional: autoestima.', NULL, 1, 14),
(87, 'MASOMENOS', 'En ocasiones puede escribir su nombre y algunas palabras básicas.', '• Busquen y recorten de diarios o revistas las letras de su nombre, para que las conozca. Pueden pegarlas en una hoja y colgarla en la pared.', '', NULL, 1, 14),
(88, 'BIEN', 'Puede escribir su nombre y algunas palabras básicas.', NULL, NULL, NULL, 1, 14),
(89, 'MAL', 'Aún no reconoce las vocales.    ', NULL, 'CLAVELES Y ROSALES  A, E, I, O, U SON LAS VOCALES\r\nParticipantes: dos o más personas. \r\nAdministración: 10 minutos \r\nEspacio: interior o exterior.\r\nMateriales: los dedos de una mano\r\nConsigna: el adulto contará una historia. Los participantes escucharán con atención y mostraran el dedo que corresponda a cada personaje.\r\n“Había una vez un país llamado “Mano”, en el que vivían un grupo de hormigas que se llevaban muy bien y se divertían mucho trabajando juntas, se llamaban así:\r\nLa más gordita (mostrar el dedo pulgar) era muy Alegre y se llamaba A.\r\nLa que tenía una hermana melliza (mostrar el dedo índice) era muy Elegante y se llamaba E.\r\nLa más grande (mostrar el dedo mayor) era muy Inteligente y se llamaba I.\r\nLa otra hermana melliza (mostrar el dedo anular) era muy Obediente y se llamaba O.\r\nY la que falta era la Unica chiquita (mostrar el dedo meñique) se llamaba U.\r\nY claveles y rosales A, E, I, O, U son las vocales.\r\nEstimula: \r\n- Desarrollo psicomotor: motricidad gruesa.\r\n- Desarrollo cognitivo: atención, concentración, memoria auditiva, memoria kinestésica, memoria visual.\r\n- Desarrollo socio – emocional: autoestima.', 'Por lo detectado en la INFORMACIÓN OBTENIDA SOBRE EL DESARROLLO PSICOMOTOR, sugerimos realizar una consulta en: PSICOPEDAGOGIA', 1, 15),
(90, 'MASOMENOS', 'Aún no afianzó el reconocimiento de las vocales, a veces lo hace bien y otras veces no.', NULL, 'CLAVELES Y ROSALES  A, E, I, O, U SON LAS VOCALES\r\nParticipantes: dos o más personas. \r\nAdministración: 10 minutos \r\nEspacio: interior o exterior.\r\nMateriales: los dedos de una mano\r\nConsigna: el adulto contará una historia. Los participantes escucharán con atención y mostraran el dedo que corresponda a cada personaje.\r\n“Había una vez un país llamado “Mano”, en el que vivían un grupo de hormigas que se llevaban muy bien y se divertían mucho trabajando juntas, se llamaban así:\r\nLa más gordita (mostrar el dedo pulgar) era muy Alegre y se llamaba A.\r\nLa que tenía una hermana melliza (mostrar el dedo índice) era muy Elegante y se llamaba E.\r\nLa más grande (mostrar el dedo mayor) era muy Inteligente y se llamaba I.\r\nLa otra hermana melliza (mostrar el dedo anular) era muy Obediente y se llamaba O.\r\nY la que falta era la Unica chiquita (mostrar el dedo meñique) se llamaba U.\r\nY claveles y rosales A, E, I, O, U son las vocales.\r\nEstimula: \r\n- Desarrollo psicomotor: motricidad gruesa.\r\n- Desarrollo cognitivo: atención, concentración, memoria auditiva, memoria kinestésica, memoria visual.\r\n- Desarrollo socio – emocional: autoestima.', NULL, 1, 15),
(91, 'BIEN', 'Reconoce todas las vocales.    ', NULL, 'CLAVELES Y ROSALES  A, E, I, O, U SON LAS VOCALES\r\nParticipantes: dos o más personas. \r\nAdministración: 10 minutos \r\nEspacio: interior o exterior.\r\nMateriales: los dedos de una mano\r\nConsigna: el adulto contará una historia. Los participantes escucharán con atención y mostraran el dedo que corresponda a cada personaje.\r\n“Había una vez un país llamado “Mano”, en el que vivían un grupo de hormigas que se llevaban muy bien y se divertían mucho trabajando juntas, se llamaban así:\r\nLa más gordita (mostrar el dedo pulgar) era muy Alegre y se llamaba A.\r\nLa que tenía una hermana melliza (mostrar el dedo índice) era muy Elegante y se llamaba E.\r\nLa más grande (mostrar el dedo mayor) era muy Inteligente y se llamaba I.\r\nLa otra hermana melliza (mostrar el dedo anular) era muy Obediente y se llamaba O.\r\nY la que falta era la Unica chiquita (mostrar el dedo meñique) se llamaba U.\r\nY claveles y rosales A, E, I, O, U son las vocales.\r\nEstimula: \r\n- Desarrollo psicomotor: motricidad gruesa.\r\n- Desarrollo cognitivo: atención, concentración, memoria auditiva, memoria kinestésica, memoria visual.\r\n- Desarrollo socio – emocional: autoestima.', NULL, 1, 15),
(92, 'MAL', 'Aún no reconoce y ni escribe los números del 1 al 10.', '• Solicite que ayude en la organización de su propia ropa, contando cuantas prendas tiene de cada una y de qué color.', 'ADIVI-MATICA \r\nParticipantes: dos o más personas. \r\nAdministración: 10 minutos \r\nEspacio: interior o exterior.\r\nMateriales: cartucheras, mochilas u objetos que puedan contener a otros dentro, hoja o pizarrón para anotar\r\nConsigna: el adulto toma uno de los objetos y propone adivinar cuántos objetos hay a dentro del mismo. Por ejemplo si toma un cartuchera puede preguntar ¿quién adivina cuántos lápices habrá en adentro? Y anota las respuestas de los participantes. Luego le pedirá a un participante que abra la cartuchera y cuente los lápices que hay adentro. Si se encuentran otros elementos como goma de borrar, se razona conjuntamente preguntando a todos los participantes ¿esta goma de borrar se cuenta o no?; ¿qué decía la consigna?\r\nEstimula: \r\n- Desarrollo cognitivo: atención, concentración, razonamiento lógico- matemático, lenguaje.\r\n- Desarrollo socio – emocional: autoestima.', NULL, 1, 16),
(93, '\r\nMAL\r\nMASOMENOS\r\n', 'Su conocimiento de los números del 1 al 10, aún no es estable,  por ejemplo en ocasiones los reconoce y a veces no.', '• Solicite que ayude en la organización de su propia ropa, contando cuantas prendas tiene de cada una y de qué color.', 'ADIVI-MATICA \r\nParticipantes: dos o más personas. \r\nAdministración: 10 minutos \r\nEspacio: interior o exterior.\r\nMateriales: cartucheras, mochilas u objetos que puedan contener a otros dentro, hoja o pizarrón para anotar\r\nConsigna: el adulto toma uno de los objetos y propone adivinar cuantos objetos hay adentro del mismo. Por ejemplo si toma un cartuchera puede preguntar ¿quién adivina cuantos lápices habrá en adentro? Y anota las respuestas de los participantes. Luego le pedirá a un participante que abra la cartuchera y cuente los lápices que hay adentro. Si se encuentran otros elementos como goma de borrar, se razona conjuntamente preguntando a todos los participantes ¿esta goma de borrar se cuenta o no?; ¿qué decía la consigna?\r\nEstimula: \r\n- Desarrollo cognitivo: atención, concentración, razonamiento lógico- matemático, lenguaje.\r\n- Desarrollo socio – emocional: autoestima.', NULL, 1, 16),
(94, 'BIEN', 'Reconoce y escribe los números del 1 al 10.', NULL, NULL, NULL, 1, 16),
(95, 'MAL', 'Su conteo es aún muy acotado. Si se le propone contar hasta 20 necesita mucha ayuda para lograrlo.', '• Recurra a actividades en las que tenga que identificar, comparar, clasificar, seriar diferentes objetos, de acuerdo con sus características.\r\n• Aproveche situaciones cotidianas para que manipule y emplee cantidades, por ejemplo, puede solicitar que con ayuda, averigüe el precio de dos producto en el quiosco (si el contexto es adecuado, sus golosinas favorita) y luego realice preguntas comparativas sobre los precios.', '1, 2 Y 3: UNA MONEDA A LA VEZ\r\nParticipantes: dos o más personas. \r\nAdministración: 20 minutos \r\nEspacio: interior o exterior.\r\nMateriales: una moneda, hojas blancas, un crayón y una tijera de puntas redondeadas, por cada participante. Y 15 objetos 5 y bolsas plásticas\r\nConsigna: el adulto dará las siguientes consignas a los participantes, aclarando que intenten realizarlas y si necesitan ayuda pueden pedirla:\r\n 1: Colocá la moneda debajo de la cartulina.\r\n2: Tocá la moneda con tus dedos y agarrala.\r\n3: Con el crayón pintá la moneda sobre la hoja.\r\n4: Recortá la moneda de cartulina.\r\nIMPORTANTE: si no logra cumplir alguna consigna, la realizará con ayuda del adulto, esta ayuda primeramente será verbal y si es necesario física.\r\nRepetir el procedimiento hasta fabricar 15 monedas para jugar.\r\nLos participantes colocaran en una bolsa 1 objeto, en otra bolsa 2 objetos, en otra 3, en otra 4 y en la última bolsa 5 objetos, contando en voz alta mientras los colocan.\r\nTodos jugaran a vender y comprar, el valor de cada bolsa es igual a la cantidad de objetos que contiene, por ejemplo: la bolsa con 1 objeto, vale 1 moneda, la bolsa con de 2 objetos vale 2 monedas y así sucesivamente.\r\nEstimula: \r\n- Desarrollo psicomotor: motricidad fina y gruesa.\r\n- Desarrollo cognitivo: atención, concentración, memoria auditiva, memoria kinestésica, memoria visual, razonamiento lógico matemático.\r\n- Desarrollo socio – emocional: autoestima, tolerancia a la frustración.', 'Por lo detectado en la INFORMACIÓN OBTENIDA SOBRE EL DESARROLLO PSICOMOTOR, sugerimos realizar una consulta en: PSICOPEDAGOGIA', 1, 17),
(96, 'MASOMENOS', 'Su conteo es aún acotado. Si se le propone contar hasta 20 necesita ayuda para lograrlo.', '• Recurra a actividades en las que tenga que identificar, comparar, clasificar, seriar diferentes objetos, de acuerdo con sus características.\r\n• Aproveche situaciones cotidianas para que manipule y emplee cantidades, por ejemplo, puede solicitar que con ayuda, averigüe el precio de dos producto en el quiosco (si el contexto es adecuado, sus golosinas favorita) y luego realice preguntas comparativas sobre los precios.', '1, 2 Y 3: UNA MONEDA A LA VEZ\r\nParticipantes: dos o más personas. \r\nAdministración: 20 minutos \r\nEspacio: interior o exterior.\r\nMateriales: una moneda, hojas blancas, un crayón y una tijera de puntas redondeadas, por cada participante. Y 15 objetos 5 y bolsas plásticas\r\nConsigna: el adulto dará las siguientes consignas a los participantes, aclarando que intenten realizarlas y si necesitan ayuda pueden pedirla:\r\n 1: Colocá la moneda debajo de la cartulina.\r\n2: Tocá la moneda con tus dedos y agarrala.\r\n3: Con el crayón pintá la moneda sobre la hoja.\r\n4: Recortá la moneda de cartulina.\r\nIMPORTANTE: si no logra cumplir alguna consigna, la realizará con ayuda del adulto, esta ayuda primeramente será verbal y si es necesario física.\r\nRepetir el procedimiento hasta fabricar 15 monedas para jugar.\r\nLos participantes colocaran en una bolsa 1 objeto, en otra bolsa 2 objetos, en otra 3, en otra 4 y en la última bolsa 5 objetos, contando en voz alta mientras los colocan.\r\nTodos jugaran a vender y comprar, el valor de cada bolsa es igual a la cantidad de objetos que contiene, por ejemplo: la bolsa con 1 objeto, vale 1 moneda, la bolsa con de 2 objetos vale 2 monedas y así sucesivamente.\r\nEstimula: \r\n- Desarrollo psicomotor: motricidad fina y gruesa.\r\n- Desarrollo cognitivo: atención, concentración, memoria auditiva, memoria kinestésica, memoria visual, razonamiento lógico matemático.\r\n- Desarrollo socio – emocional: autoestima, tolerancia a la frustración.', NULL, 1, 17),
(97, 'BIEN', 'Su conteo está dentro de lo esperable.Si se le propone contar hasta 20, puede hacerlo sin ayuda.', '', '1, 2 Y 3: UNA MONEDA A LA VEZ\r\nParticipantes: dos o más personas. \r\nAdministración: 20 minutos \r\nEspacio: interior o exterior.\r\nMateriales: una moneda, hojas blancas, un crayón y una tijera de puntas redondeadas, por cada participante. Y 15 objetos 5 y bolsas plásticas\r\nConsigna: el adulto dará las siguientes consignas a los participantes, aclarando que intenten realizarlas y si necesitan ayuda pueden pedirla:\r\n 1: Colocá la moneda debajo de la cartulina.\r\n2: Tocá la moneda con tus dedos y agarrala.\r\n3: Con el crayón pintá la moneda sobre la hoja.\r\n4: Recortá la moneda de cartulina.\r\nIMPORTANTE: si no logra cumplir alguna consigna, la realizará con ayuda del adulto, esta ayuda primeramente será verbal y si es necesario física.\r\nRepetir el procedimiento hasta fabricar 15 monedas para jugar.\r\nLos participantes colocaran en una bolsa 1 objeto, en otra bolsa 2 objetos, en otra 3, en otra 4 y en la última bolsa 5 objetos, contando en voz alta mientras los colocan.\r\nTodos jugaran a vender y comprar, el valor de cada bolsa es igual a la cantidad de objetos que contiene, por ejemplo: la bolsa con 1 objeto, vale 1 moneda, la bolsa con de 2 objetos vale 2 monedas y así sucesivamente.\r\nEstimula: \r\n- Desarrollo psicomotor: motricidad fina y gruesa.\r\n- Desarrollo cognitivo: atención, concentración, memoria auditiva, memoria kinestésica, memoria visual, razonamiento lógico matemático.\r\n- Desarrollo socio – emocional: autoestima, tolerancia a la frustración.', NULL, 1, 17),
(98, 'MUY MAL', 'Requiere ayuda, de manera recurrente para  realizar copias de producciones escritas.', '•Es primordial explicarle con oraciones cortas y claras, que se espera de su comportamiento, en cada jornada escolar. Mencionando solo la acción que se espera que haga. Por ejemplo si quiere que preste atención, en vez de decir “no hables”, diga “escuchá”; si quiere que copie una tarea, en vez de decir “no te distraigas”, diga “concentrate”. Cada vez que lo logre, aplaudir conjuntamente el avance.', 'MEMOTEST CORPORAL\r\nParticipantes: dos o más personas. \r\nAdministración: 10 minutos \r\nEspacio: interior o exterior.\r\nMateriales: ninguno\r\nConsigna: el adulto solicita a los participantes que presten atención y realiza una secuencia simple de dos acciones (que los participantes puedan realizar por sí mismos). Por ejemplo: aplaudir y sentarse en el piso.\r\nDespués de la demostración de la secuencia, la realizarán los participantes. Si sólo realizan una parte de la secuencia, o si la realizan en un orden incorrecto, se aplaude el intento conjuntamente.\r\nEl adulto dirá “otra oportunidad” y volverá a realizar la secuencia, solicitando nuevamente a los participantes que presten atención. Si solo realizan una parte de la secuencia, o si la realizan en un orden incorrecto, se aplaude el intento conjuntamente y se cambia de secuencia.\r\nEstimula: \r\n- Desarrollo psicomotor: motricidad gruesa.\r\n- Desarrollo cognitivo: atención, concentración, memoria auditiva, memoria kinestésica, memoria visual.\r\n- Desarrollo socio – emocional: autoestima.', 'Por lo detectado en la INFORMACIÓN OBTENIDA SOBRE EL DESARROLLO PSICOMOTOR, sugerimos realizar una consulta en: PSICOPEDAGOGIA\r\n', 1, 18),
(99, 'MAL', 'Requiere ayuda para  realizar copias de producciones escritas.', '•Es primordial explicarle con oraciones cortas y claras, que se espera de su comportamiento, en cada jornada escolar. Mencionando solo la acción que se espera que haga. Por ejemplo si quiere que preste atención, en vez de decir “no hables”, diga “escuchá”; si quiere que copie una tarea, en vez de decir “no te distraigas”, diga “concentrate”. Cada vez que lo logre, aplaudir conjuntamente el avance.', 'MEMOTEST CORPORAL\r\nParticipantes: dos o más personas. \r\nAdministración: 10 minutos \r\nEspacio: interior o exterior.\r\nMateriales: ninguno\r\nConsigna: el adulto solicita a los participantes que presten atención y realiza una secuencia simple de dos acciones (que los participantes puedan realizar por sí mismos). Por ejemplo: aplaudir y sentarse en el piso.\r\nDespués de la demostración de la secuencia, la realizarán los participantes. Si sólo realizan una parte de la secuencia, o si la realizan en un orden incorrecto, se aplaude el intento conjuntamente.\r\nEl adulto dirá “otra oportunidad” y volverá a realizar la secuencia, solicitando nuevamente a los participantes que presten atención. Si solo realizan una parte de la secuencia, o si la realizan en un orden incorrecto, se aplaude el intento conjuntamente y se cambia de secuencia.\r\nEstimula: \r\n- Desarrollo psicomotor: motricidad gruesa.\r\n- Desarrollo cognitivo: atención, concentración, memoria auditiva, memoria kinestésica, memoria visual.\r\n- Desarrollo socio – emocional: autoestima.', NULL, 1, 18),
(100, 'MAL', 'Requiere ayuda para  realizar copias de producciones escritas.', '•Es primordial explicarle con oraciones cortas y claras, que se espera de su comportamiento, en cada jornada escolar. Mencionando solo la acción que se espera que haga. Por ejemplo si quiere que preste atención, en vez de decir “no hables”, diga “escuchá”; si quiere que copie una tarea, en vez de decir “no te distraigas”, diga “concentrate”. Cada vez que lo logre, aplaudir conjuntamente el avance.', 'MEMOTEST CORPORAL\r\nParticipantes: dos o más personas. \r\nAdministración: 10 minutos \r\nEspacio: interior o exterior.\r\nMateriales: ninguno\r\nConsigna: el adulto solicita a los participantes que presten atención y realiza una secuencia simple de dos acciones (que los participantes puedan realizar por sí mismos). Por ejemplo: aplaudir y sentarse en el piso.\r\nDespués de la demostración de la secuencia, la realizarán los participantes. Si sólo realizan una parte de la secuencia, o si la realizan en un orden incorrecto, se aplaude el intento conjuntamente.\r\nEl adulto dirá “otra oportunidad” y volverá a realizar la secuencia, solicitando nuevamente a los participantes que presten atención. Si solo realizan una parte de la secuencia, o si la realizan en un orden incorrecto, se aplaude el intento conjuntamente y se cambia de secuencia.\r\nEstimula: \r\n- Desarrollo psicomotor: motricidad gruesa.\r\n- Desarrollo cognitivo: atención, concentración, memoria auditiva, memoria kinestésica, memoria visual.\r\n- Desarrollo socio – emocional: autoestima.', NULL, 1, 18),
(101, 'MASOMENOS', 'Requiere ayuda para  realizar copias de producciones escritas.', '•Es primordial explicarle con oraciones cortas y claras, que se espera de su comportamiento, en cada jornada escolar. Mencionando solo la acción que se espera que haga. Por ejemplo si quiere que preste atención, en vez de decir “no hables”, diga “escuchá”; si quiere que copie una tarea, en vez de decir “no te distraigas”, diga “concentrate”. Cada vez que lo logre, aplaudir conjuntamente el avance.', 'MEMOTEST CORPORAL\r\nParticipantes: dos o más personas. \r\nAdministración: 10 minutos \r\nEspacio: interior o exterior.\r\nMateriales: ninguno\r\nConsigna: el adulto solicita a los participantes que presten atención y realiza una secuencia simple de dos acciones (que los participantes puedan realizar por sí mismos). Por ejemplo: aplaudir y sentarse en el piso.\r\nDespués de la demostración de la secuencia, la realizarán los participantes. Si sólo realizan una parte de la secuencia, o si la realizan en un orden incorrecto, se aplaude el intento conjuntamente.\r\nEl adulto dirá “otra oportunidad” y volverá a realizar la secuencia, solicitando nuevamente a los participantes que presten atención. Si solo realizan una parte de la secuencia, o si la realizan en un orden incorrecto, se aplaude el intento conjuntamente y se cambia de secuencia.\r\nEstimula: \r\n- Desarrollo psicomotor: motricidad gruesa.\r\n- Desarrollo cognitivo: atención, concentración, memoria auditiva, memoria kinestésica, memoria visual.\r\n- Desarrollo socio – emocional: autoestima.', NULL, 1, 18),
(102, 'MASOMENOS', 'Algunas veces puede realizar  sin dificultad copias de producciones escritas.', '•Es primordial explicarle con oraciones cortas y claras, que se espera de su comportamiento, en cada jornada escolar. Mencionando solo la acción que se espera que haga. Por ejemplo si quiere que preste atención, en vez de decir “no hables”, diga “escuchá”; si quiere que copie una tarea, en vez de decir “no te distraigas”, diga “concentrate”. Cada vez que lo logre, aplaudir conjuntamente el avance.', 'MEMOTEST CORPORAL\r\nParticipantes: dos o más personas. \r\nAdministración: 10 minutos \r\nEspacio: interior o exterior.\r\nMateriales: ninguno\r\nConsigna: el adulto solicita a los participantes que presten atención y realiza una secuencia simple de dos acciones (que los participantes puedan realizar por sí mismos). Por ejemplo: aplaudir y sentarse en el piso.\r\nDespués de la demostración de la secuencia, la realizarán los participantes. Si sólo realizan una parte de la secuencia, o si la realizan en un orden incorrecto, se aplaude el intento conjuntamente.\r\nEl adulto dirá “otra oportunidad” y volverá a realizar la secuencia, solicitando nuevamente a los participantes que presten atención. Si solo realizan una parte de la secuencia, o si la realizan en un orden incorrecto, se aplaude el intento conjuntamente y se cambia de secuencia.\r\nEstimula: \r\n- Desarrollo psicomotor: motricidad gruesa.\r\n- Desarrollo cognitivo: atención, concentración, memoria auditiva, memoria kinestésica, memoria visual.\r\n- Desarrollo socio – emocional: autoestima.', NULL, 1, 18),
(103, 'BIEN', 'Puede realizar  sin dificultad copias de producciones escritas.', NULL, 'MEMOTEST CORPORAL\r\nParticipantes: dos o más personas. \r\nAdministración: 10 minutos \r\nEspacio: interior o exterior.\r\nMateriales: ninguno\r\nConsigna: el adulto solicita a los participantes que presten atención y realiza una secuencia simple de dos acciones (que los participantes puedan realizar por sí mismos). Por ejemplo: aplaudir y sentarse en el piso.\r\nDespués de la demostración de la secuencia, la realizarán los participantes. Si sólo realizan una parte de la secuencia, o si la realizan en un orden incorrecto, se aplaude el intento conjuntamente.\r\nEl adulto dirá “otra oportunidad” y volverá a realizar la secuencia, solicitando nuevamente a los participantes que presten atención. Si solo realizan una parte de la secuencia, o si la realizan en un orden incorrecto, se aplaude el intento conjuntamente y se cambia de secuencia.\r\nEstimula: \r\n- Desarrollo psicomotor: motricidad gruesa.\r\n- Desarrollo cognitivo: atención, concentración, memoria auditiva, memoria kinestésica, memoria visual.\r\n- Desarrollo socio – emocional: autoestima.', NULL, 1, 18),
(104, 'MUY MAL', 'Aún no puede controlar sus impulsos, ni reconocer  y expresar sanamente sus emociones. Necesita ayuda para tomar conciencia de los sentimientos de las demás personas.', '•Entregarle la hoja (o el material que corresponda) en primer lugar (antes que a sus compañeros) pedirle que se concentre en la tarea, que haga lo mejor que pueda y avisarle que cuando termine de repartir las hojas o materiales, al resto de los alumnos, estaré disponible para ayudarlo si surgió alguna duda. \r\n\r\n•Diariamente y durante un mes: explicarle con oraciones cortas y claras, que se espera de él, en cada jornada escolar. Hablar “solo” de la acción que se espera que haga. Por ejemplo si quiero que preste atención, en vez de decirle que “no se meta debajo de la mesa”, le digo que por favor “si sienta en su silla” será felicitado. Si lo hace aplaudir conjuntamente el avance. \r\n\r\n\r\n•Bríndele ayuda para que nombre sus emociones en sus diálogos cotidianos, por ejemplo: “siento enojo porque no me llevaste al parque”, “siento alegría porque mañana nos vamos de paseo”, “siento miedo de que apagues la luz porque nadie se queda conmigo.”\r\n• Todos los días durante una semana: piense en tres características positivas de su personalidad y dígaselas. \r\n• Aliente el progreso con frases positivas, en el momento de hacer tareas, tales como: vos podés - dale que lo lográs - sigamos practicando que ganamos -  cada vez lo haces mejor.\r\n', 'EMOCIONES BASICAS\r\nParticipantes: dos o más personas. \r\nAdministración: 10 minutos (aproximadamente) por día durante un mes.\r\nEspacio: exterior o interior con una mesa o lugar de apoyo.\r\nMateriales: recortar, con tijeras de puntas redondeadas,  imágenes de rostros o dibujos de caras con diferentes emociones: alegría, tristeza, miedo, rabia, etc.\r\nConsigna: Ayudarlo a reconocer emociones básicas: alegría, tristeza, miedo y rabia en fotografías o dibujos y realizando preguntas al respecto, por ejemplo: "¿Qué le pasa a esta persona?", "¿Está triste?", "¿Por qué pensás vos que está triste?"\r\nEstimula: \r\n- Desarrollo psicomotor: motricidad fina.\r\n- Desarrollo cognitivo: capacidad de atención, concentración, lenguaje, creatividad, memoria visual, memoria auditiva.\r\n- Desarrollo socio – emocional: inteligencia emocional.\r\n\r\nEMOCIONES A LA CARTA\r\nParticipantes: dos o más personas. \r\nAdministración: 10 minutos (aproximadamente) por día durante un mes.\r\nEspacio: exterior o interior con una mesa o lugar de apoyo.\r\nMateriales: papel o cartulina\r\nConsigna: recortar (con tijera de puntas redondeadas) 4 tarjetas de papel. Se dibuja una carita en cada tarjeta con diferentes emociones: alegría, enojo, tristeza, miedo, etc.\r\nSe colocan las tarjetas en la mesa con los dibujos hacia abajo, se mezclan y cada participante en su turno elige una, tiene que decir cómo está la carita e inventar un motivo por ejemplo: “esta carita está enojada porque no quiere dormir”, “esta carita está triste porque se golpeó la mano”, etc. Se requiere atención porque no se pueden repetir las historias, si se repite alguna se vuelve a empezar. El adulto puede guiar cuando nota confusión en las emociones.\r\nEstimula: \r\n- Desarrollo psicomotor: motricidad fina.\r\n- Desarrollo cognitivo: capacidad de atención, concentración, lenguaje, creatividad, memoria visual, memoria auditiva.\r\n- Desarrollo socio – emocional: inteligencia emocional.', 'Por lo detectado en la INFORMACIÓN OBTENIDA SOBRE EL DESARROLLO COGNITIVO, sugerimos realizar una consulta en: PSICOLOGIA - PSICOPEDAGOGIA', 1, 21),
(105, 'MAL', 'Aún tiene algunas dificultades para controlar sus impulsos. Es necesario ayudarlo para que pueda reconocer  y expresar sanamente sus emociones y para que logre tomar conciencia de los sentimientos de las demás personas.', '\r\n•Entregarle la hoja (o el material que corresponda) en primer lugar (antes que a sus compañeros) pedirle que se concentre en la tarea, que haga lo mejor que pueda y avisarle que cuando termine de repartir las hojas o materiales, al resto de los alumnos, estaré disponible para ayudarlo si surgió alguna duda. \r\n\r\n•Diariamente y durante un mes: explicarle con oraciones cortas y claras, que se espera de él, en cada jornada escolar. Hablar “solo” de la acción que se espera que haga. Por ejemplo si quiero que preste atención, en vez de decirle que “no se meta debajo de la mesa”, le digo que por favor “si sienta en su silla” será felicitado. Si lo hace aplaudir conjuntamente el avance. \r\n\r\n\r\n•Bríndele ayuda para que nombre sus emociones en sus diálogos cotidianos, por ejemplo: “siento enojo porque no me llevaste al parque”, “siento alegría porque mañana nos vamos de paseo”, “siento miedo de que apagues la luz porque nadie se queda conmigo.”\r\n• Todos los días durante una semana: piense en tres características positivas de su personalidad y dígaselas. \r\n• Aliente el progreso con frases positivas, en el momento de hacer tareas, tales como: vos podés - dale que lo lográs - sigamos practicando que ganamos -  cada vez lo haces mejor.\r\n\r\n\r\n•Brindele ayuda para que nombre sus emociones en sus diálogos cotidianos, por ejemplo: “siento enojo porque no me llevaste al parque”, “siento alegría porque mañana nos vamos de paseo”, “siento miedo de que apagues la luz porque nadie se queda conmigo.”\r\n• Todos los días durante una semana: piense en tres características positivas de su personalidad y dígaselas.', 'EMOCIONES BASICAS\r\nParticipantes: dos o más personas. \r\nAdministración: 10 minutos (aproximadamente) por día durante un mes.\r\nEspacio: exterior o interior con una mesa o lugar de apoyo.\r\nMateriales: recortar, con tijeras de puntas redondeadas,  imágenes de rostros o dibujos de caras con diferentes emociones: alegría, tristeza, miedo, rabia, etc.\r\nConsigna: Ayudarlo a reconocer emociones básicas: alegría, tristeza, miedo y rabia en fotografías o dibujos y realizando preguntas al respecto, por ejemplo: "¿Qué le pasa a esta persona?", "¿Está triste?", "¿Por qué pensás vos que está triste?"\r\nEstimula: \r\n- Desarrollo psicomotor: motricidad fina.\r\n- Desarrollo cognitivo: capacidad de atención, concentración, lenguaje, creatividad, memoria visual, memoria auditiva.\r\n- Desarrollo socio – emocional: inteligencia emocional.', NULL, 1, 21),
(106, 'MAL', '•Bríndele ayuda para que nombre sus emociones en sus diálogos cotidianos, por ejemplo: “siento enojo porque no me llevaste al parque”, “siento alegría porque mañana nos vamos de paseo”, “siento miedo de que apagues la luz porque nadie se queda conmigo.”\r\n• Todos los días durante una semana: piense en tres características positivas de su personalidad y dígaselas. ', 'EMOCIONES BÁSICAS\r\nParticipantes: dos o más personas. \r\nAdministración: 10 minutos (aproximadamente) por día durante un mes.\r\nEspacio: exterior o interior con una mesa o lugar de apoyo.\r\nMateriales: recortar, con tijeras de puntas redondeadas,  imágenes de rostros o dibujos de caras con diferentes emociones: alegría, tristeza, miedo, rabia, etc.\r\nConsigna: Ayudarlo a reconocer emociones básicas: alegría, tristeza, miedo y rabia en fotografías o dibujos y realizando preguntas al respecto, por ejemplo: "¿Qué le pasa a esta persona?", "¿Está triste?", "¿Por qué pensás vos que está triste?"\r\nEstimula: \r\n- Desarrollo psicomotor: motricidad fina.\r\n- Desarrollo cognitivo: capacidad de atención, concentración, lenguaje, creatividad, memoria visual, memoria auditiva.\r\n- Desarrollo socio – emocional: inteligencia emocional.', NULL, NULL, 1, 21),
(107, 'MAL', 'Aún tiene algunas dificultades para controlar sus impulsos. Es necesario ayudarlo para que pueda reconocer  y expresar sanamente sus emociones y para que logre tomar conciencia de los sentimientos de las demás personas.', '•Bríndele ayuda para que nombre sus emociones en sus diálogos cotidianos, por ejemplo: “siento enojo porque no me llevaste al parque”, “siento alegría porque mañana nos vamos de paseo”, “siento miedo de que apagues la luz porque nadie se queda conmigo.”\r\n• Todos los días durante una semana: piense en tres características positivas de su personalidad y dígaselas. ', 'EMOCIONES BASICAS\r\nParticipantes: dos o más personas. \r\nAdministración: 10 minutos (aproximadamente) por día durante un mes.\r\nEspacio: exterior o interior con una mesa o lugar de apoyo.\r\nMateriales: recortar, con tijeras de puntas redondeadas,  imágenes de rostros o dibujos de caras con diferentes emociones: alegría, tristeza, miedo, rabia, etc.\r\nConsigna: Ayudarlo a reconocer emociones básicas: alegría, tristeza, miedo y rabia en fotografías o dibujos y realizando preguntas al respecto, por ejemplo: "¿Qué le pasa a esta persona?", "¿Está triste?", "¿Por qué pensás vos que está triste?"\r\nEstimula: \r\n- Desarrollo psicomotor: motricidad fina.\r\n- Desarrollo cognitivo: capacidad de atención, concentración, lenguaje, creatividad, memoria visual, memoria auditiva.\r\n- Desarrollo socio – emocional: inteligencia emocional.', NULL, 1, 21);
INSERT INTO `tresultado` (`idresultado`, `vcresultestninio`, `vcresultinfobt`, `vcresultsugprof`, `vcresultejepot`, `vcresultorientadult`, `boresultestado`, `idsubfactor`) VALUES
(108, 'MAL', 'Aún tiene algunas dificultades para controlar sus impulsos. Es necesario ayudarlo para que pueda reconocer  y expresar sanamente sus emociones y para que logre tomar conciencia de los sentimientos de las demás personas.', '•Bríndele ayuda para que nombre sus emociones en sus diálogos cotidianos, por ejemplo: “siento enojo porque no me llevaste al parque”, “siento alegría porque mañana nos vamos de paseo”, “siento miedo de que apagues la luz porque nadie se queda conmigo.”\r\n• Todos los días durante una semana: piense en tres características positivas de su personalidad y dígaselas. ', 'EMOCIONES BÁSICAS\r\nParticipantes: dos o más personas. \r\nAdministración: 10 minutos (aproximadamente) por día durante un mes.\r\nEspacio: exterior o interior con una mesa o lugar de apoyo.\r\nMateriales: recortar, con tijeras de puntas redondeadas,  imágenes de rostros o dibujos de caras con diferentes emociones: alegría, tristeza, miedo, rabia, etc.\r\nConsigna: Ayudarlo a reconocer emociones básicas: alegría, tristeza, miedo y rabia en fotografías o dibujos y realizando preguntas al respecto, por ejemplo: "¿Qué le pasa a esta persona?", "¿Está triste?", "¿Por qué pensás vos que está triste?"\r\nEstimula: \r\n- Desarrollo psicomotor: motricidad fina.\r\n- Desarrollo cognitivo: capacidad de atención, concentración, lenguaje, creatividad, memoria visual, memoria auditiva.\r\n- Desarrollo socio – emocional: inteligencia emocional.', NULL, 1, 21),
(109, 'MAL', 'En algunas ocasiones puede expresar sanamente sus emociones y tener en cuenta los sentimientos de las demás personas.', '•Nombre las emociones en sus diálogos cotidianos, por ejemplo: “siento enojo cuando  te hablo y no me escuchas”, “siento alegría porque te pedí que te quedes conmigo y me hiciste caso”, “siento miedo de que cruces la calle sin darme la mano, porque algunos autos no respetan los semáforos.”\r\n•Todos los días durante una semana: felicite su accionar, cuando haga algo bueno.', 'EMOCIONES A LA CARTA\r\nParticipantes: dos o más personas. \r\nAdministración: 10 minutos (aproximadamente) por día durante un mes.\r\nEspacio: exterior o interior con una mesa o lugar de apoyo.\r\nMateriales: papel o cartulina\r\nConsigna: recortar (con tijera de puntas redondeadas) 4 tarjetas de papel. Se dibuja una carita en cada tarjeta con diferentes emociones: alegría, enojo, tristeza, miedo, etc.\r\nSe colocan las tarjetas en la mesa con los dibujos hacia abajo, se mezclan y cada participante en su turno elige una, tiene que decir cómo está la carita e inventar un motivo por ejemplo: “esta carita está enojada porque no quiere dormir”, “esta carita está triste porque se golpeó la mano”, etc. Se requiere atención porque no se pueden repetir las historias, si se repite alguna se vuelve a empezar. El adulto puede guiar cuando nota confusión en las emociones.\r\nEstimula: \r\n- Desarrollo psicomotor: motricidad fina.\r\n- Desarrollo cognitivo: capacidad de atención, concentración, lenguaje, creatividad, memoria visual, memoria auditiva.\r\n- Desarrollo socio – emocional: inteligencia emocional.', NULL, 1, 21),
(110, 'MASOMENOS', 'En muchas ocasiones puede expresar sanamente sus emociones y tener en cuenta los sentimientos de las demás personas.', '•Nombre las emociones en sus diálogos cotidianos, por ejemplo: “siento enojo cuando  te hablo y no me escuchas”, “siento alegría porque te pedí que te quedes conmigo y me hiciste caso”, “siento miedo de que cruces la calle sin darme la mano, porque algunos autos no respetan los semáforos.”\r\n•Todos los días durante una semana: felicite su accionar, cuando haga algo bueno.', 'EMOCIONES A LA CARTA\r\nParticipantes: dos o más personas. \r\nAdministración: 10 minutos (aproximadamente) por día durante un mes.\r\nEspacio: exterior o interior con una mesa o lugar de apoyo.\r\nMateriales: papel o cartulina\r\nConsigna: recortar (con tijera de puntas redondeadas) 4 tarjetas de papel. Se dibuja una carita en cada tarjeta con diferentes emociones: alegría, enojo, tristeza, miedo, etc.\r\nSe colocan las tarjetas en la mesa con los dibujos hacia abajo, se mezclan y cada participante en su turno elige una, tiene que decir cómo está la carita e inventar un motivo por ejemplo: “esta carita está enojada porque no quiere dormir”, “esta carita está triste porque se golpeó la mano”, etc. Se requiere atención porque no se pueden repetir las historias, si se repite alguna se vuelve a empezar. El adulto puede guiar cuando nota confusión en las emociones.\r\nEstimula: \r\n- Desarrollo psicomotor: motricidad fina.\r\n- Desarrollo cognitivo: capacidad de atención, concentración, lenguaje, creatividad, memoria visual, memoria auditiva.\r\n- Desarrollo socio – emocional: inteligencia emocional.', NULL, 1, 21),
(111, 'MASOMENOS', 'Generalmente puede controlar sus impulsos. Reconocer y expresar sus emociones sanamente y tener en cuenta los sentimientos de las demás personas.', '•Nombre las emociones en sus diálogos cotidianos, por ejemplo: “siento enojo cuando  te hablo y no me escuchas”, “siento alegría porque te pedí que te quedes conmigo y me hiciste caso”, “siento miedo de que cruces la calle sin darme la mano, porque algunos autos no respetan los semáforos.”\r\n•Todos los días durante una semana: felicite su accionar, cuando haga algo bueno.', 'EMOCIONES A LA CARTA\r\nParticipantes: dos o más personas. \r\nAdministración: 10 minutos (aproximadamente) por día durante un mes.\r\nEspacio: exterior o interior con una mesa o lugar de apoyo.\r\nMateriales: papel o cartulina\r\nConsigna: recortar (con tijera de puntas redondeadas) 4 tarjetas de papel. Se dibuja una carita en cada tarjeta con diferentes emociones: alegría, enojo, tristeza, miedo, etc.\r\nSe colocan las tarjetas en la mesa con los dibujos hacia abajo, se mezclan y cada participante en su turno elige una, tiene que decir cómo está la carita e inventar un motivo por ejemplo: “esta carita está enojada porque no quiere dormir”, “esta carita está triste porque se golpeó la mano”, etc. Se requiere atención porque no se pueden repetir las historias, si se repite alguna se vuelve a empezar. El adulto puede guiar cuando nota confusión en las emociones.\r\nEstimula: \r\n- Desarrollo psicomotor: motricidad fina.\r\n- Desarrollo cognitivo: capacidad de atención, concentración, lenguaje, creatividad, memoria visual, memoria auditiva.\r\n- Desarrollo socio – emocional: inteligencia emocional.', NULL, 1, 21),
(112, '\r\nMASOMENOS\r\n', 'Generalmente puede controlar sus impulsos. Reconocer y expresar sus emociones sanamente y tener en cuenta los sentimientos de las demás personas.', '•Nombre las emociones en sus diálogos cotidianos, por ejemplo: “siento enojo cuando  te hablo y no me escuchas”; “siento alegría porque te pedí que te quedes conmigo y me hiciste caso”; “siento miedo de que cruces la calle sin darme la mano, porque algunos autos no respetan los semáforos.”\r\n•Todos los días durante una semana: felicite su accionar, cuando haga algo bueno.', 'EMOCIONES A LA CARTA\r\nParticipantes: dos o más personas. \r\nAdministración: 10 minutos (aproximadamente) por día durante un mes.\r\nEspacio: exterior o interior con una mesa o lugar de apoyo.\r\nMateriales: papel o cartulina\r\nConsigna: recortar (con tijera de puntas redondeadas) 4 tarjetas de papel. Se dibuja una carita en cada tarjeta con diferentes emociones: alegría, enojo, tristeza, miedo, etc.\r\nSe colocan las tarjetas en la mesa con los dibujos hacia abajo, se mezclan y cada participante en su turno elige una, tiene que decir cómo está la carita e inventar un motivo por ejemplo: “esta carita está enojada porque no quiere dormir”, “esta carita está triste porque se golpeó la mano”, etc. Se requiere atención porque no se pueden repetir las historias, si se repite alguna se vuelve a empezar. El adulto puede guiar cuando nota confusión en las emociones.\r\nEstimula: \r\n- Desarrollo psicomotor: motricidad fina.\r\n- Desarrollo cognitivo: capacidad de atención, concentración, lenguaje, creatividad, memoria visual, memoria auditiva.\r\n- Desarrollo socio – emocional: inteligencia emocional.', NULL, 1, 21),
(113, 'BIEN', 'Puede controlar sus impulsos. Reconoce y expresa sus emociones sanamente y tiene en cuenta los sentimientos de las demás personas.', '•Nombre las emociones en sus diálogos cotidianos, por ejemplo: “siento enojo cuando  te hablo y no me escuchas”; “siento alegría porque te pedí que te quedes conmigo y me hiciste caso”; “siento miedo de que cruces la calle sin darme la mano, porque algunos autos no respetan los semáforos.”\r\n•Todos los días durante una semana: felicite su accionar, cuando haga algo bueno.', 'MOCIONES A LA CARTA\r\nParticipantes: dos o más personas. \r\nAdministración: 10 minutos (aproximadamente) por día durante un mes.\r\nEspacio: exterior o interior con una mesa o lugar de apoyo.\r\nMateriales: papel o cartulina\r\nConsigna: recortar (con tijera de puntas redondeadas) 4 tarjetas de papel. Se dibuja una carita en cada tarjeta con diferentes emociones: alegría, enojo, tristeza, miedo, etc.\r\nSe colocan las tarjetas en la mesa con los dibujos hacia abajo, se mezclan y cada participante en su turno elige una, tiene que decir cómo está la carita e inventar un motivo por ejemplo: “esta carita está enojada porque no quiere dormir”, “esta carita está triste porque se golpeó la mano”, etc. Se requiere atención porque no se pueden repetir las historias, si se repite alguna se vuelve a empezar. El adulto puede guiar cuando nota confusión en las emociones.\r\nEstimula: \r\n- Desarrollo psicomotor: motricidad fina.\r\n- Desarrollo cognitivo: capacidad de atención, concentración, lenguaje, creatividad, memoria visual, memoria auditiva.\r\n- Desarrollo socio – emocional: inteligencia emocional.', NULL, 1, 21),
(114, 'MUY MAL', 'Aún no logra demostrar cariño a las personas, establecer vínculos de amistad y manifestar su afecto a través de gestos o palabras. Necesita mucha ayuda para lograr compartir momentos de juego y diferentes elementos tales como: juguetes, comida o cosas.', '•Premiarlo con aplausos, o demostraciones de afecto (no darle nada material) cada vez que comparta algún juguete o algo que le guste, para que su mente, asocie un comportamiento bueno con consecuencias agradables. Cuando sea capaz de compartir de manera natural, se dejará, progresivamente, de brindar este refuerzo social.\r\n•Proponerle tiempo de juego en la escuela y/o en la casa, para que experimente, explore, descubra su entorno, aprenda, adquiera nociones de espacio y tiempo, desarrolle su cuerpo y libere tensiones  vinculares.\r\n\r\n•Felicitarlo con oraciones cortas y claras, por sus logros, en cada jornada escolar. Hablar “solo” de la acción realizo bien. Por ejemplo si su comportamiento fue bueno, en vez de decirle que estuvo muy bien que “no pelee”, le digo que estuvo muy bien que “juegue con alegría con sus compañeros”; si escucho con atención la clase, en vez de decirle muy bien que “no interrumpiste”, le digo muy bien por “respetarme mientras hablo”. Si lo hace aplaudir conjuntamente el avance.\r\n\r\n•Solicitar colaboración a las personas con las que convive: padre, madre, abuelos, hermanos, etc. para que actúen como modelos a seguir, compartiendo delante de ellos, con el objetivo de ser imitados. \r\n•Proponerle deportes colectivos (en vez de juegos individuales) donde los jugadores se necesiten mutuamente, o cualquier otra actividad que le permita socializar y compartir.', 'EL SEMAFORO DE LA AMISTAD\r\nParticipantes: dos o más personas. \r\nAdministración: 10 minutos (aproximadamente) por día durante un mes.\r\nEspacio: interior o exterior\r\nMateriales: tarjetas una verdes, amarillas y rojas.\r\nConsigna: recortar (con tijera de puntas redondeadas) tarjetas de cartulina, un kit de 3 por cada alumno. \r\nSe colocan las tarjetas en la mesa el adulto verde-amarillo-rojo de semáforo. Y se comunica que todos los alumnos que tienen gestos de amistad con sus compañeros recibirán una tarjeta verde. Los que tienen que mejorar un poco sus gestos con los demás recibirán una amarilla y los que tienen que mejorar muchísimo sus actitudes con sus pares una tarjeta roja. \r\nEs importante darles a todos los niños una nueva oportunidad de obtener un nivel verde al comienzo de cada día escolar.\r\n\r\nEstimula: \r\n- Desarrollo cognitivo: capacidad de atención, concentración, memoria visual, memoria auditiva.\r\n- Desarrollo socio – emocional: autoestima, capacidad de autocontrol - inteligencia emocional.', 'Por lo detectado en la INFORMACIÓN OBTENIDA SOBRE EL DESARROLLO COGNITIVO, sugerimos realizar una consulta en: PSICOLOGIA - PSICOPEDAGOGIA', 1, 22),
(115, 'MAL', 'Aún no logra sostener en el tiempo su capacidad para demostrar afecto a los demás y establecer vínculos de amistad. Con  ayuda podrá lograr compartir momentos de juego y diferentes elementos tales como: juguetes, comida o cosas.', '•Premiarlo con aplausos, o demostraciones de afecto (no darle nada material) cada vez que comparta algún juguete o algo que le guste, para que su mente, asocie un comportamiento bueno con consecuencias agradables. Cuando sea capaz de compartir de manera natural, se dejará, progresivamente, de brindar este refuerzo social.\r\n•Proponerle tiempo de juego en la escuela y/o en la casa, para que experimente, explore, descubra su entorno, aprenda, adquiera nociones de espacio y tiempo, desarrolle su cuerpo y libere tensiones  vinculares.\r\n•Proponerle juegos cooperativos, como: rompecabezas, donde todos trabajen para encontrar las piezas y el éxito sea común.\r\n•Proponerle deportes colectivos (en vez de juegos individuales) donde los jugadores se necesiten mutuamente, o cualquier otra actividad que le permita socializar y compartir.', 'EL SEMAFORO DE LA AMISTAD\r\nParticipantes: dos o más personas. \r\nAdministración: 10 minutos (aproximadamente) por día durante un mes.\r\nEspacio: interior o exterior\r\nMateriales: tarjetas una verdes, amarillas y rojas.\r\nConsigna: recortar (con tijera de puntas redondeadas) tarjetas de cartulina, un kit de 3 por cada alumno. \r\nSe colocan las tarjetas en la mesa el adulto verde-amarillo-rojo de semáforo. Y se comunica que todos los alumnos que tienen gestos de amistad con sus compañeros recibirán una tarjeta verde. Los que tienen que mejorar un poco sus gestos con los demás recibirán una amarilla y los que tienen que mejorar muchísimo sus actitudes con sus pares una tarjeta roja. \r\nEs importante darles a todos los niños una nueva oportunidad de obtener un nivel verde al comienzo de cada día escolar.\r\n\r\nEstimula: \r\n- Desarrollo cognitivo: capacidad de atención, concentración, memoria visual, memoria auditiva.\r\n- Desarrollo socio – emocional: autoestima, capacidad de autocontrol - inteligencia emocional.', NULL, 1, 22),
(116, 'MAL', 'Su capacidad de compartir y establecer vínculos afectuosos con los demás, aún no es estable (a veces puede y a veces no).', '•Premiarlo con aplausos, o demostraciones de afecto (no darle nada material) cada vez que comparta algún juguete o algo que le guste, para que su mente, asocie un comportamiento bueno con consecuencias agradables. Cuando sea capaz de compartir de manera natural, se dejará, progresivamente, de brindar este refuerzo social.\r\n•Proponerle tiempo de juego en la escuela y/o en la casa, para que experimente, explore, descubra su entorno, aprenda, adquiera nociones de espacio y tiempo, desarrolle su cuerpo y libere tensiones  vinculares.\r\n•Solicitar colaboración a las personas con las que convive: padre, madre, abuelos, hermanos, etc. para que actúen como modelos a seguir, compartiendo delante de ellos, con el objetivo de ser imitados. \r\n•Proponerle actividades solidarias o cualquier otra actividad que le permita dar algo a personas o animales (Por ejemplo, dar de comer migas de pan a las palomas, gallinas, etc.) para que vivencie la generosidad como algo positivo.', 'EL SEMAFORO DE LA AMISTAD\r\nParticipantes: dos o más personas. \r\nAdministración: 10 minutos (aproximadamente) por día durante un mes.\r\nEspacio: interior o exterior\r\nMateriales: tarjetas una verdes, amarillas y rojas.\r\nConsigna: recortar (con tijera de puntas redondeadas) tarjetas de cartulina, un kit de 3 por cada alumno. \r\nSe colocan las tarjetas en la mesa el adulto verde-amarillo-rojo de semáforo. Y se comunica que todos los alumnos que tienen gestos de amistad con sus compañeros recibirán una tarjeta verde. Los que tienen que mejorar un poco sus gestos con los demás recibirán una amarilla y los que tienen que mejorar muchísimo sus actitudes con sus pares una tarjeta roja. \r\nEs importante darles a todos los niños una nueva oportunidad de obtener un nivel verde al comienzo de cada día escolar.\r\n\r\nEstimula: \r\n- Desarrollo cognitivo: capacidad de atención, concentración, memoria visual, memoria auditiva.\r\n- Desarrollo socio – emocional: autoestima, capacidad de autocontrol - inteligencia emocional.', NULL, 1, 22),
(117, 'MAL', 'Aún no logra sostener en el tiempo su capacidad para demostrar afecto a los demás y establecer vínculos de amistad. Con  ayuda podrá lograr compartir momentos de juego y diferentes elementos tales como: juguetes, comida o cosas.', '•Premiarlo con aplausos, o demostraciones de afecto (no darle nada material) cada vez que comparta algún juguete o algo que le guste, para que su mente, asocie un comportamiento bueno con consecuencias agradables. Cuando sea capaz de compartir de manera natural, se dejará, progresivamente, de brindar este refuerzo social.\r\n•Proponerle tiempo de juego en la escuela y/o en la casa, para que experimente, explore, descubra su entorno, aprenda, adquiera nociones de espacio y tiempo, desarrolle su cuerpo y libere tensiones  vinculares.\r\n•Solicitar colaboración a las personas con las que convive: padre, madre, abuelos, hermanos, etc. para que actúen como modelos a seguir, compartiendo delante de ellos, con el objetivo de ser imitados. \r\n•Proponerle deportes colectivos (en vez de juegos individuales) donde los jugadores se necesiten mutuamente, o cualquier otra actividad que le permita socializar y compartir.', 'EL SEMAFORO DE LA AMISTAD\r\nParticipantes: dos o más personas. \r\nAdministración: 10 minutos (aproximadamente) por día durante un mes.\r\nEspacio: interior o exterior\r\nMateriales: tarjetas una verdes, amarillas y rojas.\r\nConsigna: recortar (con tijera de puntas redondeadas) tarjetas de cartulina, un kit de 3 por cada alumno. \r\nSe colocan las tarjetas en la mesa el adulto verde-amarillo-rojo de semáforo. Y se comunica que todos los alumnos que tienen gestos de amistad con sus compañeros recibirán una tarjeta verde. Los que tienen que mejorar un poco sus gestos con los demás recibirán una amarilla y los que tienen que mejorar muchísimo sus actitudes con sus pares una tarjeta roja. \r\nEs importante darles a todos los niños una nueva oportunidad de obtener un nivel verde al comienzo de cada día escolar.\r\n\r\nEstimula: \r\n- Desarrollo cognitivo: capacidad de atención, concentración, memoria visual, memoria auditiva.\r\n- Desarrollo socio – emocional: autoestima, capacidad de autocontrol - inteligencia emocional.\r\n', NULL, 1, 22),
(118, 'MAL', '\r\nSu capacidad de compartir y establecer vínculos afectuosos con los demás, aún no es estable (a veces puede y a veces no).', '•Premiarlo con aplausos, o demostraciones de afecto (no darle nada material) cada vez que comparta algún juguete o algo que le guste, para que su mente, asocie un comportamiento bueno con consecuencias agradables. Cuando sea capaz de compartir de manera natural, se dejará, progresivamente, de brindar este refuerzo social.\r\n•Proponerle tiempo de juego en la escuela y/o en la casa, para que experimente, explore, descubra su entorno, aprenda, adquiera nociones de espacio y tiempo, desarrolle su cuerpo y libere tensiones  vinculares.\r\n•Proponerle juegos cooperativos, como: rompecabezas, donde todos trabajen para encontrar las piezas y el éxito sea común.\r\n•Proponerle deportes colectivos (en vez de juegos individuales) donde los jugadores se necesiten mutuamente, o cualquier otra actividad que le permita socializar y compartir.', 'EL SEMAFORO DE LA AMISTAD\r\nParticipantes: dos o más personas. \r\nAdministración: 10 minutos (aproximadamente) por día durante un mes.\r\nEspacio: interior o exterior\r\nMateriales: tarjetas una verdes, amarillas y rojas.\r\nConsigna: recortar (con tijera de puntas redondeadas) tarjetas de cartulina, un kit de 3 por cada alumno. \r\nSe colocan las tarjetas en la mesa el adulto verde-amarillo-rojo de semáforo. Y se comunica que todos los alumnos que tienen gestos de amistad con sus compañeros recibirán una tarjeta verde. Los que tienen que mejorar un poco sus gestos con los demás recibirán una amarilla y los que tienen que mejorar muchísimo sus actitudes con sus pares una tarjeta roja. \r\nEs importante darles a todos los niños una nueva oportunidad de obtener un nivel verde al comienzo de cada día escolar.\r\n\r\nEstimula: \r\n- Desarrollo cognitivo: capacidad de atención, concentración, memoria visual, memoria auditiva.\r\n- Desarrollo socio – emocional: autoestima, capacidad de autocontrol - inteligencia emocional.', NULL, 1, 22),
(119, 'MAL', 'Ha empezado a desarrollar la capacidad de compartir y establecer vínculos afectuosos con los demás, pero aún no es estable (a veces puede y a veces no).', '•Premiarlo con aplausos, o demostraciones de afecto (no darle nada material) cada vez que comparta algún juguete o algo que le guste, para que su mente, asocie aún más el buen comportamiento  con consecuencias agradables. \r\n•Proponerle tiempo de juego en la escuela y/o en la casa, para que experimente, explore, descubra su entorno, aprenda, adquiera nociones de espacio y tiempo, desarrolle su cuerpo y libere tensiones  vinculares.\r\n•Proponerle actividades solidarias o cualquier otra actividad que le permita dar algo a personas o animales (Por ejemplo, dar de comer migas de pan a las palomas, gallinas, etc.) para que vivencie la generosidad como algo positivo.', 'EL SEMAFORO DE LA AMISTAD\r\nParticipantes: dos o más personas. \r\nAdministración: 10 minutos (aproximadamente) por día durante un mes.\r\nEspacio: interior o exterior\r\nMateriales: tarjetas una verdes, amarillas y rojas.\r\nConsigna: recortar (con tijera de puntas redondeadas) tarjetas de cartulina, un kit de 3 por cada alumno. \r\nSe colocan las tarjetas en la mesa el adulto verde-amarillo-rojo de semáforo. Y se comunica que todos los alumnos que tienen gestos de amistad con sus compañeros recibirán una tarjeta verde. Los que tienen que mejorar un poco sus gestos con los demás recibirán una amarilla y los que tienen que mejorar muchísimo sus actitudes con sus pares una tarjeta roja. \r\nEs importante darles a todos los niños una nueva oportunidad de obtener un nivel verde al comienzo de cada día escolar.\r\nEstimula: \r\n- Desarrollo cognitivo: capacidad de atención, concentración, memoria visual, memoria auditiva.\r\n- Desarrollo socio – emocional: autoestima, capacidad de autocontrol - inteligencia emocional.', NULL, 1, 22),
(120, 'MASOMENOS', 'Ha empezado a desarrollar la capacidad de compartir y establecer vínculos afectuosos con los demás, pero aún no es estable (a veces puede y a veces no).', '•Premiarlo con aplausos, o demostraciones de afecto (no darle nada material) cada vez que comparta algún juguete o algo que le guste, para que su mente, asocie un comportamiento bueno con consecuencias agradables. Cuando sea capaz de compartir de manera natural, se dejará, progresivamente, de brindar este refuerzo social.\r\n•Proponerle tiempo de juego en la escuela y/o en la casa, para que experimente, explore, descubra su entorno, aprenda, adquiera nociones de espacio y tiempo, desarrolle su cuerpo y libere tensiones  vinculares.\r\n•Proponerle actividades solidarias o cualquier otra actividad que le permita dar algo a personas o animales (Por ejemplo, dar de comer migas de pan a las palomas, gallinas, etc.) para que vivencie la generosidad como algo positivo.', 'EL SEMAFORO DE LA AMISTAD\r\nParticipantes: dos o más personas. \r\nAdministración: 10 minutos (aproximadamente) por día durante un mes.\r\nEspacio: interior o exterior\r\nMateriales: tarjetas una verdes, amarillas y rojas.\r\nConsigna: recortar (con tijera de puntas redondeadas) tarjetas de cartulina, un kit de 3 por cada alumno. \r\nSe colocan las tarjetas en la mesa el adulto verde-amarillo-rojo de semáforo. Y se comunica que todos los alumnos que tienen gestos de amistad con sus compañeros recibirán una tarjeta verde. Los que tienen que mejorar un poco sus gestos con los demás recibirán una amarilla y los que tienen que mejorar muchísimo sus actitudes con sus pares una tarjeta roja. \r\nEs importante darles a todos los niños una nueva oportunidad de obtener un nivel verde al comienzo de cada día escolar.\r\nEstimula: \r\n- Desarrollo cognitivo: capacidad de atención, concentración, memoria visual, memoria auditiva.\r\n- Desarrollo socio – emocional: autoestima, capacidad de autocontrol - inteligencia emocional.\r\n', NULL, 1, 22),
(121, 'MASOMENOS', 'Es capaz compartir y establecer vínculos afectuosos con los demás.', '•Premiarlo con aplausos, o demostraciones de afecto (no darle nada material) cada vez que comparta algún juguete o algo que le guste, para que su mente, asocie aún más el buen comportamiento  con consecuencias agradables. \r\n•Proponerle tiempo de juego en la escuela y/o en la casa, para que experimente, explore, descubra su entorno, aprenda, adquiera nociones de espacio y tiempo, desarrolle su cuerpo y libere tensiones  vinculares.\r\n•Proponerle actividades solidarias o cualquier otra actividad que le permita dar algo a personas o animales (Por ejemplo, dar de comer migas de pan a las palomas, gallinas, etc.) para que vivencie la generosidad como algo positivo.', 'EL SEMAFORO DE LA AMISTAD\r\nParticipantes: dos o más personas. \r\nAdministración: 10 minutos (aproximadamente) por día durante un mes.\r\nEspacio: interior o exterior\r\nMateriales: tarjetas una verdes, amarillas y rojas.\r\nConsigna: recortar (con tijera de puntas redondeadas) tarjetas de cartulina, un kit de 3 por cada alumno. \r\nSe colocan las tarjetas en la mesa el adulto verde-amarillo-rojo de semáforo. Y se comunica que todos los alumnos que tienen gestos de amistad con sus compañeros recibirán una tarjeta verde. Los que tienen que mejorar un poco sus gestos con los demás recibirán una amarilla y los que tienen que mejorar muchísimo sus actitudes con sus pares una tarjeta roja. \r\nEs importante darles a todos los niños una nueva oportunidad de obtener un nivel verde al comienzo de cada día escolar.\r\nEstimula: \r\n- Desarrollo cognitivo: capacidad de atención, concentración, memoria visual, memoria auditiva.\r\n- Desarrollo socio – emocional: autoestima, capacidad de autocontrol - inteligencia emocional.\r\n', NULL, 1, 22),
(122, 'MASOMENOS', 'Es capaz compartir y establecer vínculos afectuosos con los demás.', '•Premiarlo con aplausos, o demostraciones de afecto (no darle nada material) cada vez que comparta algún juguete o algo que le guste, para que su mente, asocie aún más el buen comportamiento  con consecuencias agradables. \r\n•Proponerle tiempo de juego en la escuela y/o en la casa, para que experimente, explore, descubra su entorno, aprenda, adquiera nociones de espacio y tiempo, desarrolle su cuerpo y libere tensiones  vinculares.\r\n•Proponerle deportes colectivos (en vez de juegos individuales) donde los jugadores se necesiten mutuamente, o cualquier otra actividad que le permita socializar y compartir.', 'EL SEMAFORO DE LA AMISTAD\r\nParticipantes: dos o más personas. \r\nAdministración: 10 minutos (aproximadamente) por día durante un mes.\r\nEspacio: interior o exterior\r\nMateriales: tarjetas una verdes, amarillas y rojas.\r\nConsigna: recortar (con tijera de puntas redondeadas) tarjetas de cartulina, un kit de 3 por cada alumno. \r\nSe colocan las tarjetas en la mesa el adulto verde-amarillo-rojo de semáforo. Y se comunica que todos los alumnos que tienen gestos de amistad con sus compañeros recibirán una tarjeta verde. Los que tienen que mejorar un poco sus gestos con los demás recibirán una amarilla y los que tienen que mejorar muchísimo sus actitudes con sus pares una tarjeta roja. \r\nEs importante darles a todos los niños una nueva oportunidad de obtener un nivel verde al comienzo de cada día escolar.\r\n\r\nEstimula: \r\n- Desarrollo cognitivo: capacidad de atención, concentración, memoria visual, memoria auditiva.\r\n- Desarrollo socio – emocional: autoestima, capacidad de autocontrol - inteligencia emocional.', NULL, 1, 22),
(123, 'BIEN', 'Es capaz de demostrar cariño a las personas, establecer vínculos de amistad y manifestar su afecto a través de gestos o palabras. Puede compartir momentos de juego y diferentes elementos tales como: juguetes, comida o cosas sin dificultad.    ', '•Premiarlo con aplausos, o demostraciones de afecto (no darle nada material) cada vez que comparta algún juguete o algo que le guste, para que su mente, asocie aún más el buen comportamiento  con consecuencias agradables. \r\n•Proponerle tiempo de juego en la escuela y/o en la casa, para que experimente, explore, descubra su entorno, aprenda, adquiera nociones de espacio y tiempo, desarrolle su cuerpo y libere tensiones  vinculares.\r\n•Proponerle deportes colectivos (en vez de juegos individuales) donde los jugadores se necesiten mutuamente, o cualquier otra actividad que le permita socializar y compartir.', 'EL SEMAFORO DE LA AMISTAD\r\nParticipantes: dos o más personas. \r\nAdministración: 10 minutos (aproximadamente) por día durante un mes.\r\nEspacio: interior o exterior\r\nMateriales: tarjetas una verdes, amarillas y rojas.\r\nConsigna: recortar (con tijera de puntas redondeadas) tarjetas de cartulina, un kit de 3 por cada alumno. \r\nSe colocan las tarjetas en la mesa el adulto verde-amarillo-rojo de semáforo. Y se comunica que todos los alumnos que tienen gestos de amistad con sus compañeros recibirán una tarjeta verde. Los que tienen que mejorar un poco sus gestos con los demás recibirán una amarilla y los que tienen que mejorar muchísimo sus actitudes con sus pares una tarjeta roja. \r\nEs importante darles a todos los niños una nueva oportunidad de obtener un nivel verde al comienzo de cada día escolar.\r\n\r\nEstimula: \r\n- Desarrollo cognitivo: capacidad de atención, concentración, memoria visual, memoria auditiva.\r\n- Desarrollo socio – emocional: autoestima, capacidad de autocontrol - inteligencia emocional.', NULL, 1, 22),
(124, 'MUY MAL', 'Necesita desarrollar mayor confianza en su persona. De esa manera podrá: mejorar la  toma de decisiones, discriminar con claridad lo que hace bien de lo que no y  comunicar con mayor firmeza sus preferencias.', '•Realizar acciones que lo ayuden a sentirse más aceptado. Por ejemplo, transmitirle que es importante que sienta orgullo y respeto por sí mismo y por sus raíces culturales. \r\n•Realizar acciones que lo ayuden a sentirse más capaz. Por ejemplo, si se equivocó en la comprensión de la tarea, mirar su hoja y decir: “estuvo muy bien que lo intentes, ahora quiero que escuches cual es la idea: (repetir la consigna correcta)”. \r\n•Realizar acciones que lo ayuden a sentirse más amado. Por ejemplo, hacer un esfuerzo por reconocer, todos los días, las cosas buenas que hace y decirlo en voz alta. Esto ayudará a mejorar su desempeño y la de todo el grupo clase, porque será un incentivo de superación para sus compañeros y una medida preventiva contra los etiquetamientos negativos entre pares. ', 'LISTA DE VIRTUDES\r\nParticipantes: dos o más personas. \r\nAdministración: 10 minutos (aproximadamente) por día durante un mes.\r\nEspacio: interior o exterior\r\nMateriales: lápiz y papel.\r\nConsigna: se asigna una hoja del cuaderno para confeccionar la lista de virtudes. Al iniciar cada jornada el adulto solicita que cada participante piense 3 virtudes de sí mismos. Y las escriba (con o sin ayuda) en la hoja. Al finalizar la actividad se aplaude conjuntamente la participación de todos. Esas virtudes se compartirán en la escuela y con la familia, diariamente durante el mes.\r\nEstimula: \r\n- Desarrollo psicomotor: motricidad fina.\r\n- Desarrollo cognitivo: capacidad de atención, concentración, lenguaje escrito, razonamiento.\r\n- Desarrollo socio – emocional: autoestima, capacidad de autocontrol - inteligencia emocional.', 'Por lo detectado en la INFORMACIÓN OBTENIDA SOBRE EL DESARROLLO COGNITIVO, sugerimos realizar una consulta en: PSICOLOGIA - PSICOPEDAGOGIA', 1, 23),
(125, 'MAL', 'Necesita desarrollar mayor confianza en su persona. De esa manera podrá: mejorar la  toma de decisiones, discriminar con claridad lo que hace bien de lo que no y  comunicar con mayor firmeza sus preferencias.', '•Realizar acciones que lo ayuden a sentirse  más aceptado. Por ejemplo, sonreír y mirarlo a los ojos para aumentar la confianza que tiene en sí mismo.\r\n•Realizar acciones que lo ayuden a sentirse más capaz. Por ejemplo, ayudarlo con estímulos verbales a enfrentar retos difíciles para su edad (esto puede ser copiar correctamente las letras del pizarrón).\r\n•Realizar acciones que lo ayuden a sentirse más amado. Por ejemplo, establecer límites  a través de reglas claras, razonables y justas. Por ejemplo, si no se le permite pararse y ambular por el aula, todos sus compañeros recibirán la misma consigna, ese día y los días en que se requiera tal comportamiento.', 'LISTA DE VIRTUDES\r\nParticipantes: dos o más personas. \r\nAdministración: 10 minutos (aproximadamente) por día durante un mes.\r\nEspacio: interior o exterior\r\nMateriales: lápiz y papel.\r\nConsigna: se asigna una hoja del cuaderno para confeccionar la lista de virtudes. Al iniciar cada jornada el adulto solicita que cada participante piense 3 virtudes de sí mismos. Y las escriba (con o sin ayuda) en la hoja. Al finalizar la actividad se aplaude conjuntamente la participación de todos. Esas virtudes se compartirán en la escuela y con la familia, diariamente durante el mes.\r\nEstimula: \r\n- Desarrollo psicomotor: motricidad fina.\r\n- Desarrollo cognitivo: capacidad de atención, concentración, lenguaje escrito, razonamiento.\r\n- Desarrollo socio – emocional: autoestima, capacidad de autocontrol - inteligencia emocional.', NULL, 1, 23),
(126, 'MAL', 'Necesita desarrollar mayor confianza en su persona. De esa manera podrá: mejorar la  toma de decisiones, discriminar con claridad lo que hace bien de lo que no y  comunicar con mayor firmeza sus preferencias.', '•Realizar acciones que lo ayuden a sentirse más aceptado. Por ejemplo, recordarle que el amor de las personas permanece intacto en el corazón aunque a veces se comporte mal. Pero que la alegría crece cuando se porta bien. Por eso comportarse bien es “mucho mejor”.\r\n•Realizar acciones que lo ayuden a sentirse más capaz. Por ejemplo, si se equivocó en la comprensión de la tarea, mirar su hoja y decir: “estuvo muy bien que lo intentes, ahora quiero que escuches cual es la idea: (repetir la consigna correcta)”. \r\n•Realizar acciones que lo ayuden a sentirse más amado. Por ejemplo, establecer límites  a través de reglas claras, razonables y justas. Por ejemplo, si no se le permite pararse y ambular por el aula, todos sus compañeros recibirán la misma consigna, ese día y los días en que se requiera tal comportamiento.', 'LISTA DE VIRTUDES\r\nParticipantes: dos o más personas. \r\nAdministración: 10 minutos (aproximadamente) por día durante un mes.\r\nEspacio: interior o exterior\r\nMateriales: lápiz y papel.\r\nConsigna: se asigna una hoja del cuaderno para confeccionar la lista de virtudes. Al iniciar cada jornada el adulto solicita que cada participante piense 3 virtudes de sí mismos. Y las escriba (con o sin ayuda) en la hoja. Al finalizar la actividad se aplaude conjuntamente la participación de todos. Esas virtudes se compartirán en la escuela y con la familia, diariamente durante el mes.\r\nEstimula: \r\n- Desarrollo psicomotor: motricidad fina.\r\n- Desarrollo cognitivo: capacidad de atención, concentración, lenguaje escrito, razonamiento.\r\n- Desarrollo socio – emocional: autoestima, capacidad de autocontrol - inteligencia emocional.\r\n', NULL, 1, 23),
(127, 'MAL', 'Necesita desarrollar mayor confianza en su persona. De esa manera podrá: mejorar la  toma de decisiones, discriminar con claridad lo que hace bien de lo que no y  comunicar con mayor firmeza sus preferencias.', '•Realizar acciones que lo ayuden a sentirse más aceptado. Por ejemplo, contándole que los adultos también cometemos errores y que es sano admitirlos y proponerse intentar mejorar la próxima vez.\r\n•Realizar acciones que lo ayuden a sentirse más capaz. Por ejemplo, si se equivocó en la comprensión de la tarea, mirar su hoja y decir: “estuvo muy bien que lo intentes, ahora quiero que escuches cual es la idea: (repetir la consigna correcta)”. \r\n•Realizar acciones que lo ayuden a sentirse más amado. Por ejemplo, hacer un esfuerzo por reconocer, todos los días, las cosas buenas que hace y decirlo en voz alta. Esto ayudará a mejorar su desempeño y la de todo el grupo clase, porque será un incentivo de superación para sus compañeros y una medida preventiva contra los etiquetamientos negativos entre pares. ', 'LISTA DE VIRTUDES\r\nParticipantes: dos o más personas. \r\nAdministración: 10 minutos (aproximadamente) por día durante un mes.\r\nEspacio: interior o exterior\r\nMateriales: lápiz y papel.\r\nConsigna: se asigna una hoja del cuaderno para confeccionar la lista de virtudes. Al iniciar cada jornada el adulto solicita que cada participante piense 3 virtudes de sí mismos. Y las escriba (con o sin ayuda) en la hoja. Al finalizar la actividad se aplaude conjuntamente la participación de todos. Esas virtudes se compartirán en la escuela y con la familia, diariamente durante el mes.\r\nEstimula: \r\n- Desarrollo psicomotor: motricidad fina.\r\n- Desarrollo cognitivo: capacidad de atención, concentración, lenguaje escrito, razonamiento.\r\n- Desarrollo socio – emocional: autoestima, capacidad de autocontrol - inteligencia emocional.', NULL, 1, 23),
(128, 'MAL', 'Necesita desarrollar mayor confianza en su persona. De esa manera podrá: mejorar la  toma de decisiones, discriminar con claridad lo que hace bien de lo que no y  comunicar con mayor firmeza sus preferencias.', '•Realizar acciones que lo ayuden a sentirse más aceptado. Por ejemplo, recordarle que el amor de las personas permanece intacto en el corazón aunque a veces se comporte mal. Pero que la alegría crece cuando se porta bien. Por eso comportarse bien es “mucho mejor”.\r\n•Realizar acciones que lo ayuden a sentirse más capaz. Por ejemplo, enseñándole a celebrar lo positivo de su desempeño en cada jornada. \r\n•Realizar acciones que lo ayuden a sentirse más amado. Por ejemplo, si quiere contar algo, mirarlo a los ojos para conversar con él o para explicarle que ese no es el momento de hablar sobre ese tema.', 'LISTA DE VIRTUDES\r\nParticipantes: dos o más personas. \r\nAdministración: 10 minutos (aproximadamente) por día durante un mes.\r\nEspacio: interior o exterior\r\nMateriales: lápiz y papel.\r\nConsigna: se asigna una hoja del cuaderno para confeccionar la lista de virtudes. Al iniciar cada jornada el adulto solicita que cada participante piense 3 virtudes de sí mismos. Y las escriba (con o sin ayuda) en la hoja. Al finalizar la actividad se aplaude conjuntamente la participación de todos. Esas virtudes se compartirán en la escuela y con la familia, diariamente durante el mes.\r\nEstimula: \r\n- Desarrollo psicomotor: motricidad fina.\r\n- Desarrollo cognitivo: capacidad de atención, concentración, lenguaje escrito, razonamiento.\r\n- Desarrollo socio – emocional: autoestima, capacidad de autocontrol - inteligencia emocional.', NULL, 1, 23),
(129, 'MAL', 'Necesita desarrollar aún más la confianza en su persona. De esa manera podrá: mejorar la  toma de decisiones, discriminar y  comunicar con mayor claridad sus preferencias.', '•Realizar acciones que lo ayuden a sentirse más capaz. Por ejemplo, contarle que a veces nos sentimos bien con nosotros mismos y a veces no. Que a veces las cosas nos salen como esperamos y otras veces nos toca seguir intentando hasta que nos salga.\r\n•Realizar acciones que lo ayuden a sentirse más capaz. Por ejemplo, contarle que nadie hace todo bien y que todos los seres humanos, tenemos que trabajar, para mejorar cada día un poquito más.\r\n•Realizar acciones que lo ayuden a sentirse más amado. Por ejemplo, si quiere contar algo, mirarlo a los ojos para conversar con él o para explicarle que ese no es el momento de hablar sobre ese tema.\r\n', 'LISTA DE VIRTUDES\r\nParticipantes: dos o más personas. \r\nAdministración: 10 minutos (aproximadamente) por día durante un mes.\r\nEspacio: interior o exterior\r\nMateriales: lápiz y papel.\r\nConsigna: se asigna una hoja del cuaderno para confeccionar la lista de virtudes. Al iniciar cada jornada el adulto solicita que cada participante piense 3 virtudes de sí mismos. Y las escriba (con o sin ayuda) en la hoja. Al finalizar la actividad se aplaude conjuntamente la participación de todos. Esas virtudes se compartirán en la escuela y con la familia, diariamente durante el mes.\r\nEstimula: \r\n- Desarrollo psicomotor: motricidad fina.\r\n- Desarrollo cognitivo: capacidad de atención, concentración, lenguaje escrito, razonamiento.\r\n- Desarrollo socio – emocional: autoestima, capacidad de autocontrol - inteligencia emocional.', NULL, 1, 23),
(130, 'MASOMENOS', 'Necesita desarrollar aún más la confianza en su persona. De esa manera podrá: mejorar la  toma de decisiones, discriminar y  comunicar con mayor claridad sus preferencias.', '•Realizar acciones que lo ayuden a sentirse más aceptado. Por ejemplo, hacerle saber que no necesita ser perfecto, para que sus  contribuciones sean valiosas y valgan la pena.\r\n•Realizar acciones que lo ayuden a sentirse más capaz. Por ejemplo, ayudarlo con estímulos verbales a enfrentar retos difíciles para su edad (esto puede ser copiar correctamente las letras del pizarrón).\r\n•Realizar acciones que lo ayuden a sentirse más amado. Por ejemplo, si quiere contar algo, mirarlo a los ojos para conversar con él o para explicarle que ese no es el momento de hablar sobre ese tema.', NULL, NULL, 1, 23),
(131, 'MASOMENOS', 'Necesita desarrollar aún más la confianza en su persona. De esa manera podrá: mejorar la  toma de decisiones, discriminar y  comunicar con mayor claridad sus preferencias.', '•Realizar acciones que lo ayuden a sentirse más aceptado. Por ejemplo, recordarle que el amor de las personas permanece intacto en el corazón aunque a veces se comporte mal. Pero que la alegría crece cuando se porta bien. Por eso comportarse bien es “mucho mejor”.\r\n•Realizar acciones que lo ayuden a sentirse más capaz. Por ejemplo, ayudarlo con estímulos verbales a enfrentar retos difíciles para su edad (esto puede ser copiar correctamente las letras del pizarrón).\r\n•Realizar acciones que lo ayuden a sentirse más amado. Por ejemplo, si quiere contar algo, mirarlo a los ojos para conversar con él o para explicarle que ese no es el momento de hablar sobre ese tema.', NULL, NULL, 1, 23),
(132, 'MASOMENOS', 'Necesita desarrollar aún más la confianza en su persona. De esa manera podrá: mejorar la  toma de decisiones, discriminar y  comunicar con mayor claridad sus preferencias.', '•Realizar acciones que lo ayuden a sentirse más aceptado. Por ejemplo, recordarle que el amor de las personas permanece intacto en el corazón aunque a veces se comporte mal. Pero que la alegría crece cuando se porta bien. Por eso comportarse bien es “mucho mejor”.\r\n•Realizar acciones que lo ayuden a sentirse más capaz. Por ejemplo, ayudarlo con estímulos verbales a enfrentar retos difíciles para su edad (esto puede ser copiar correctamente las letras del pizarrón).\r\n•Realizar acciones que lo ayuden a sentirse más amado. Por ejemplo, si quiere contar algo, mirarlo a los ojos para conversar con él o para explicarle que ese no es el momento de hablar sobre ese tema.', 'LISTA DE VIRTUDES\r\nParticipantes: dos o más personas. \r\nAdministración: 10 minutos (aproximadamente) por día durante un mes.\r\nEspacio: interior o exterior\r\nMateriales: lápiz y papel.\r\nConsigna: se asigna una hoja del cuaderno para confeccionar la lista de virtudes. Al iniciar cada jornada el adulto solicita que cada participante piense 3 virtudes de sí mismos. Y las escriba (con o sin ayuda) en la hoja. Al finalizar la actividad se aplaude conjuntamente la participación de todos. Esas virtudes se compartirán en la escuela y con la familia, diariamente durante el mes.\r\nEstimula: \r\n- Desarrollo psicomotor: motricidad fina.\r\n- Desarrollo cognitivo: capacidad de atención, concentración, lenguaje escrito, razonamiento.\r\n- Desarrollo socio – emocional: autoestima, capacidad de autocontrol - inteligencia emocional.', NULL, 1, 23),
(133, 'BIEN', 'Manifiesta una gran dosis de confianza en su persona. Puede tomar decisiones, discriminar y  comunicar con claridad sus preferencias.', '•Realizar acciones que lo ayuden a sentirse más capaz. Por ejemplo, contarle que a veces nos sentimos bien con nosotros mismos y a veces no. Que a veces las cosas nos salen como esperamos y otras veces nos toca seguir intentando hasta que nos salga.\r\n•Realizar acciones que lo ayuden a sentirse más amado. Por ejemplo, si quiere contar algo, mirarlo a los ojos para conversar con él o para explicarle que ese no es el momento de hablar sobre ese tema.', 'LISTA DE VIRTUDES\r\nParticipantes: dos o más personas. \r\nAdministración: 10 minutos (aproximadamente) por día durante un mes.\r\nEspacio: interior o exterior\r\nMateriales: lápiz y papel.\r\nConsigna: se asigna una hoja del cuaderno para confeccionar la lista de virtudes. Al iniciar cada jornada el adulto solicita que cada participante piense 3 virtudes de sí mismos. Y las escriba (con o sin ayuda) en la hoja. Al finalizar la actividad se aplaude conjuntamente la participación de todos. Esas virtudes se compartirán en la escuela y con la familia, diariamente durante el mes.\r\nEstimula: \r\n- Desarrollo psicomotor: motricidad fina.\r\n- Desarrollo cognitivo: capacidad de atención, concentración, lenguaje escrito, razonamiento.\r\n- Desarrollo socio – emocional: autoestima, capacidad de autocontrol - inteligencia emocional.', NULL, 1, 23),
(134, 'MUY MAL', 'Su interés por aprender aún no se exterioriza de manera oral.', '• Ayudar a definir objetivos cotidianos, por ejemplo dedicar un minuto de tiempo, antes del recreo para preguntarle ¿con cuál de tus compañeros te gustaría jugar hoy? \r\n\r\n• Responder todas sus preguntas con un tono de voz tranquilo (si es posible con una sonrisa). Si el momento no es el adecuado para  hablar del tema, explicárselo breve y claramente, por ejemplo: -“me alegra mucho que preguntes, hablaremos cuando terminemos con esta tarea”. ', NULL, 'Por lo detectado en la INFORMACIÓN OBTENIDA SOBRE EL DESARROLLO COGNITIVO, sugerimos realizar una consulta en: PSICOLOGIA - PSICOPEDAGOGIA', 1, 24),
(135, 'MASOMENOS', 'Su interés por aprender aún no se exterioriza de manera oral.', '• Responder sus preguntas con un tono de voz tranquilo (si es posible con una sonrisa). Si el momento no es el adecuado para  hablar del tema, explicárselo breve y claramente, por ejemplo: -“me alegra mucho que preguntes, hablaremos cuando terminemos con esta tarea”.', NULL, NULL, 1, 24),
(136, 'BIEN', 'Su interés por aprender se exterioriza de manera oral, preguntando sobre temas que le interesan.', '• Responder sus preguntas con un tono de voz tranquilo (si es posible con una sonrisa). Si el momento no es el adecuado para  hablar del tema, explicárselo breve y claramente, por ejemplo: -“buena pregunta, la respondemos cuando terminemos con esta tarea”.', NULL, NULL, 1, 24);
INSERT INTO `tresultado` (`idresultado`, `vcresultestninio`, `vcresultinfobt`, `vcresultsugprof`, `vcresultejepot`, `vcresultorientadult`, `boresultestado`, `idsubfactor`) VALUES
(137, 'MUY MAL', 'Aún necesita ayuda para procesar consignas y acatar órdenes. ', '• Tener en cuenta que tiene un problema de comportamiento, no que es un ser humano problemático.\r\n• Fomentar el buen comportamiento, por ejemplo, cuando haya que establecer límites de disciplina, aclararle con un tono de voz calmo, que es su comportamiento lo que se corrige. Por ejemplo en vez de decirle “¡Siempre lo mismo!” o “¿Vos no sabés portarte bien?” decirle: “No estuvo nada bien que empujaras en la fila. Sé que vos podés caminar con cuidado”, inténtalo otra vez.\r\n• Tener en cuenta que hay aspectos de su conducta que por algún motivo, aún no domina, y no que  tiene intención de comportarse inadecuadamente.\r\n•Cuando cometa un error, aproveche la ocasión  para darle valiosas lecciones de razonamiento y fortalecer su autoestima. Por ejemplo, si tira una silla por correr en el aula, pregúntele con tranquilidad, qué puede hacer de manera diferente la próxima vez para que no suceda lo mismo. De esa manera su autoestima no sufrirá y comprenderá que es normal cometer errores de vez en cuando.\r\n•Cuando cometa un error, aproveche la ocasión  para darle valiosas lecciones de razonamiento y fortalecer su autoestima. Por ejemplo, si limpia sus manos en su ropa y se ensucia, pregúntele con tranquilidad, qué puede hacer de manera diferente la próxima vez, para que no suceda lo mismo. De esa manera su autoestima no sufrirá y comprenderá que es normal cometer errores de vez en cuando.', 'ALIMENTAR EL BUEN HUMOR\r\nParticipantes: dos o más personas. \r\nAdministración: 10 minutos (aproximadamente) por día durante un mes.\r\nEspacio: en la casa, mientras se preparan para ir a la escuela o para hacer la tarea. \r\nMateriales: pensar frases con rimas chistosas relacionadas con las tareas de la vida cotidiana.\r\nConsigna: Sonreír hace que todo parezca más fácil y ayuda a relajar la mente para aprender mejor. Para pasar un buen día el adulto sonríe y ayuda a sonreír, por ejemplo utilizando frases con rimas chistosas y palabras nuevas para estimular su vocabulario, mientras lo alienta a hacer sus tareas o vestirse solo, por ejemplo: “quién se pone los zapatos se gana un garabato”, “quién se pone el delantal comerá en un dedal”\r\nEstimula: \r\n- Desarrollo psicomotor: motricidad fina.\r\n- Desarrollo cognitivo: capacidad de atención, concentración, lenguaje, creatividad, memoria visual, memoria auditiva.\r\n- Desarrollo socio – emocional: inteligencia emocional.\r\n\r\nCUIDAR LA SONRISA \r\nParticipantes: dos o más personas. \r\nAdministración: 10 minutos (aproximadamente) por día durante un mes.\r\nEspacio: aula con graves problemas de conducta\r\nMateriales: los 3 Pactos\r\nConsigna: El adulto al iniciar la jornada, anuncia que será un día para aprender con alegría y para lograrlo juntos, hay que cumplir 3 pactos para cuidar las sonrisas de todos (incluido el docente). \r\nPida a todo el grupo clase, que levanten la mano  quienes quieren:\r\nEstar alegres.\r\nSe van a portar bien.\r\nVan a cuidar las sonrisas de todos. \r\nSe aplaude la buena actitud en cada una de las 3 consignas anteriores (si alguien no participa, sonría y continúe sin decir nada al respecto) \r\nPida con una sonrisa, que escuchen con atención:\r\nPacto N°1 Hoy: quién interrumpe las sonrisas una vez (hace algo indebido) se quedará parado al lado de la silla.\r\nPacto N°2 Hoy: quién interrumpe las sonrisas dos veces (hace algo indebido dos veces) se quedará de pie al final del aula.\r\nPacto N°3 Hoy: quién interrumpe las sonrisas tres veces (hace algo indebido tres veces) abandonará  el aula.\r\n\r\nEstimula: \r\n- Desarrollo cognitivo: capacidad de atención, concentración, memoria visual, memoria auditiva.\r\n- Desarrollo socio – emocional: capacidad de autocontrol - inteligencia emocional.', 'Por lo detectado en la INFORMACIÓN OBTENIDA SOBRE EL DESARROLLO COGNITIVO, sugerimos realizar una consulta en: PSICOLOGIA - PSICOPEDAGOGIA', 1, 25),
(138, 'MAL', 'Aún necesita ayuda para procesar consignas y acatar algunas órdenes.', '•Fomentar el buen comportamiento, por ejemplo, regalarle un aplauso por decir la verdad, cuando confiese alguna acción incorrecta, aclarando que no estuvo bien la acción, pero que le regalaran un aplauso (hacerlo inmediatamente) por ser valiente y decir la verdad.\r\n•Cuando felicite una buena jornada escolar, aproveche la ocasión  para mejorar el conocimiento mutuo y fortalecer su autoestima, mencionando claramente la acción: “me gustó mucho que escucharas la clase de hoy”. De esa manera sabrá exactamente qué fue lo que hizo bien. \r\n•Cuando cometa un error, aproveche la ocasión  para darle valiosas lecciones de razonamiento y fortalecer su autoestima. Por ejemplo, si pone su plato demasiado cerca del borde de la mesa y se cae, pregúntele con tranquilidad,  qué puede hacer de manera diferente la próxima vez, para que no suceda lo mismo. De esa manera su autoestima no sufrirá y comprenderá que es normal cometer errores de vez en cuando.', 'ALIMENTAR EL BUEN HUMOR\r\nParticipantes: dos o más personas. \r\nAdministración: 10 minutos (aproximadamente) por día durante un mes.\r\nEspacio: en la casa, mientras se preparan para ir a la escuela o para hacer la tarea. \r\nMateriales: pensar frases con rimas chistosas relacionadas con las tareas de la vida cotidiana.\r\nConsigna: Sonreír hace que todo parezca más fácil y ayuda a relajar la mente para aprender mejor. Para pasar un buen día el adulto sonríe y ayuda a sonreír, por ejemplo utilizando frases con rimas chistosas y palabras nuevas para estimular su vocabulario, mientras lo alienta a hacer sus tareas o vestirse solo, por ejemplo: “quién se pone los zapatos se gana un garabato”, “quién se pone el delantal comerá en un dedal”\r\nEstimula: \r\n- Desarrollo psicomotor: motricidad fina.\r\n- Desarrollo cognitivo: capacidad de atención, concentración, lenguaje, creatividad, memoria visual, memoria auditiva.\r\n- Desarrollo socio – emocional: inteligencia emocional.', NULL, 1, 25),
(139, 'MAL', 'Aún necesita ayuda para procesar consignas y acatar algunas órdenes.', '•Fomentar el buen comportamiento, por ejemplo, regalarle un aplauso por decir la verdad, cuando confiese alguna acción incorrecta, aclarando que no estuvo bien la acción, pero que le regalaran un aplauso (hacerlo inmediatamente) por ser valiente y decir la verdad.\r\n•Cuando felicite una buena jornada escolar, aproveche la ocasión  para mejorar el conocimiento mutuo y fortalecer su autoestima, mencionando claramente la acción: “me gustó mucho que juegues tranquilo en el patio”. De esa manera sabrá exactamente qué fue lo que hizo bien. \r\n•Cuando cometa un error, aproveche la ocasión  para darle valiosas lecciones de razonamiento y fortalecer su autoestima. Por ejemplo, si llora porque rompió un juguete, pregúntele con tranquilidad, qué puede hacer de manera diferente la próxima vez, para que no suceda lo mismo. De esa manera su autoestima no sufrirá y comprenderá que es normal cometer errores de vez en cuando.', 'ALIMENTAR EL BUEN HUMOR\r\nParticipantes: dos o más personas. \r\nAdministración: 10 minutos (aproximadamente) por día durante un mes.\r\nEspacio: en la casa, mientras se preparan para ir a la escuela o para hacer la tarea. \r\nMateriales: pensar frases con rimas chistosas relacionadas con las tareas de la vida cotidiana.\r\nConsigna: Sonreír hace que todo parezca más fácil y ayuda a relajar la mente para aprender mejor. Para pasar un buen día el adulto sonríe y ayuda a sonreír, por ejemplo utilizando frases con rimas chistosas y palabras nuevas para estimular su vocabulario, mientras lo alienta a hacer sus tareas o vestirse solo, por ejemplo: “quién se pone los zapatos se gana un garabato”, “quién se pone el delantal comerá en un dedal”\r\nEstimula: \r\n- Desarrollo psicomotor: motricidad fina.\r\n- Desarrollo cognitivo: capacidad de atención, concentración, lenguaje, creatividad, memoria visual, memoria auditiva.\r\n- Desarrollo socio – emocional: inteligencia emocional.', NULL, 1, 25),
(140, 'MAL', 'Aún necesita ayuda para procesar consignas y acatar algunas órdenes.', '•Fomentar el buen comportamiento, por ejemplo, regalarle un aplauso por decir la verdad, cuando confiese alguna acción incorrecta, aclarando que no estuvo bien la acción, pero que le regalaran un aplauso (hacerlo inmediatamente) por ser valiente y decir la verdad.\r\n•Cuando felicite una buena jornada escolar, aproveche la ocasión  para mejorar el conocimiento mutuo y fortalecer su autoestima, mencionando claramente la acción: “me gustó mucho que guardes solo tus útiles en la mochila”. De esa manera sabrá exactamente qué fue lo que hizo bien. \r\n', 'ALIMENTAR EL BUEN HUMOR\r\nParticipantes: dos o más personas. \r\nAdministración: 10 minutos (aproximadamente) por día durante un mes.\r\nEspacio: en la casa, mientras se preparan para ir a la escuela o para hacer la tarea. \r\nMateriales: pensar frases con rimas chistosas relacionadas con las tareas de la vida cotidiana.\r\nConsigna: Sonreír hace que todo parezca más fácil y ayuda a relajar la mente para aprender mejor. Para pasar un buen día el adulto sonríe y ayuda a sonreír, por ejemplo utilizando frases con rimas chistosas y palabras nuevas para estimular su vocabulario, mientras lo alienta a hacer sus tareas o vestirse solo, por ejemplo: “quién se pone los zapatos se gana un garabato”, “quién se pone el delantal comerá en un dedal”\r\nEstimula: \r\n- Desarrollo psicomotor: motricidad fina.\r\n- Desarrollo cognitivo: capacidad de atención, concentración, lenguaje, creatividad, memoria visual, memoria auditiva.\r\n- Desarrollo socio – emocional: inteligencia emocional.', NULL, 1, 25),
(141, 'MAL', 'Aún necesita ayuda para procesar consignas y acatar algunas órdenes.', '•Fomentar el buen comportamiento, por ejemplo, regalarle un aplauso por decir la verdad, cuando confiese alguna acción incorrecta, aclarando que no estuvo bien la acción, pero que le regalaran un aplauso (hacerlo inmediatamente) por ser valiente y decir la verdad.\r\n•Cuando felicite una buena jornada escolar, aproveche la ocasión  para mejorar el conocimiento mutuo y fortalecer su autoestima, mencionando claramente la acción: “me gustó mucho que hayas pintado tu dibujo”. De esa manera sabrá exactamente qué fue lo que hizo bien. ', 'ALIMENTAR EL BUEN HUMOR\r\nParticipantes: dos o más personas. \r\nAdministración: 10 minutos (aproximadamente) por día durante un mes.\r\nEspacio: en la casa, mientras se preparan para ir a la escuela o para hacer la tarea. \r\nMateriales: pensar frases con rimas chistosas relacionadas con las tareas de la vida cotidiana.\r\nConsigna: Sonreír hace que todo parezca más fácil y ayuda a relajar la mente para aprender mejor. Para pasar un buen día el adulto sonríe y ayuda a sonreír, por ejemplo utilizando frases con rimas chistosas y palabras nuevas para estimular su vocabulario, mientras lo alienta a hacer sus tareas o vestirse solo, por ejemplo: “quién se pone los zapatos se gana un garabato”, “quién se pone el delantal comerá en un dedal”\r\nEstimula: \r\n- Desarrollo psicomotor: motricidad fina.\r\n- Desarrollo cognitivo: capacidad de atención, concentración, lenguaje, creatividad, memoria visual, memoria auditiva.\r\n- Desarrollo socio – emocional: inteligencia emocional.', NULL, 1, 25),
(142, 'MAL', 'Generalmente puede procesar consignas y acatar órdenes.', '•Fomentar el buen comportamiento, por ejemplo, regalarle un aplauso por decir la verdad, cuando confiese alguna acción incorrecta, aclarando que no estuvo bien la acción, pero que le regalaran un aplauso (hacerlo inmediatamente) por ser valiente y decir la verdad.\r\n•Cuando felicite una buena jornada escolar, aproveche la ocasión  para mejorar el conocimiento mutuo y fortalecer su autoestima, mencionando claramente la acción: “me gustó mucho que participes en clases”. De esa manera sabrá exactamente qué fue lo que hizo bien. ', 'ALIMENTAR EL BUEN HUMOR\r\nParticipantes: dos o más personas. \r\nAdministración: 10 minutos (aproximadamente) por día durante un mes.\r\nEspacio: en la casa, mientras se preparan para ir a la escuela o para hacer la tarea. \r\nMateriales: pensar frases con rimas chistosas relacionadas con las tareas de la vida cotidiana.\r\nConsigna: Sonreír hace que todo parezca más fácil y ayuda a relajar la mente para aprender mejor. Para pasar un buen día el adulto sonríe y ayuda a sonreír, por ejemplo utilizando frases con rimas chistosas y palabras nuevas para estimular su vocabulario, mientras lo alienta a hacer sus tareas o vestirse solo, por ejemplo: “quién se pone los zapatos se gana un garabato”, “quién se pone el delantal comerá en un dedal”\r\nEstimula: \r\n- Desarrollo psicomotor: motricidad fina.\r\n- Desarrollo cognitivo: capacidad de atención, concentración, lenguaje, creatividad, memoria visual, memoria auditiva.\r\n- Desarrollo socio – emocional: inteligencia emocional.', NULL, 1, 25),
(143, 'MASOMENOS', 'En ocasiones puede procesar consignas y acatar órdenes.', '•Fomentar el buen comportamiento, por ejemplo, regalarle un aplauso por decir la verdad, cuando confiese alguna acción incorrecta, aclarando que no estuvo bien la acción, pero que le regalaran un aplauso (hacerlo inmediatamente) por ser valiente y decir la verdad.\r\n•Cuando felicite una buena jornada escolar, aproveche la ocasión  para mejorar el conocimiento mutuo y fortalecer su autoestima, mencionando claramente la acción: “me gustó mucho que me saludes al llegar”. De esa manera sabrá exactamente qué fue lo que hizo bien. ', 'ALIMENTAR EL BUEN HUMOR\r\nParticipantes: dos o más personas. \r\nAdministración: 10 minutos (aproximadamente) por día durante un mes.\r\nEspacio: en la casa, mientras se preparan para ir a la escuela o para hacer la tarea. \r\nMateriales: pensar frases con rimas chistosas relacionadas con las tareas de la vida cotidiana.\r\nConsigna: Sonreír hace que todo parezca más fácil y ayuda a relajar la mente para aprender mejor. Para pasar un buen día el adulto sonríe y ayuda a sonreír, por ejemplo utilizando frases con rimas chistosas y palabras nuevas para estimular su vocabulario, mientras lo alienta a hacer sus tareas o vestirse solo, por ejemplo: “quién se pone los zapatos se gana un garabato”, “quién se pone el delantal comerá en un dedal”\r\nEstimula: \r\n- Desarrollo psicomotor: motricidad fina.\r\n- Desarrollo cognitivo: capacidad de atención, concentración, lenguaje, creatividad, memoria visual, memoria auditiva.\r\n- Desarrollo socio – emocional: inteligencia emocional.', NULL, 1, 25),
(144, 'MASOMENOS', 'Generalmente  puede procesar consignas y acatar órdenes.', '•Fomentar el buen comportamiento, por ejemplo, regalarle un aplauso por decir la verdad, cuando confiese alguna acción incorrecta, aclarando que no estuvo bien la acción, pero que le regalaran un aplauso (hacerlo inmediatamente) por ser valiente y decir la verdad.\r\n•Cuando felicite una buena jornada escolar, aproveche la ocasión  para mejorar el conocimiento mutuo y fortalecer su autoestima, mencionando claramente la acción: “me gustó mucho que cantes a la bandera”. De esa manera sabrá exactamente qué fue lo que hizo bien. ', 'ALIMENTAR EL BUEN HUMOR\r\nParticipantes: dos o más personas. \r\nAdministración: 10 minutos (aproximadamente) por día durante un mes.\r\nEspacio: en la casa, mientras se preparan para ir a la escuela o para hacer la tarea. \r\nMateriales: pensar frases con rimas chistosas relacionadas con las tareas de la vida cotidiana.\r\nConsigna: Sonreír hace que todo parezca más fácil y ayuda a relajar la mente para aprender mejor. Para pasar un buen día el adulto sonríe y ayuda a sonreír, por ejemplo utilizando frases con rimas chistosas y palabras nuevas para estimular su vocabulario, mientras lo alienta a hacer sus tareas o vestirse solo, por ejemplo: “quién se pone los zapatos se gana un garabato”, “quién se pone el delantal comerá en un dedal”\r\nEstimula: \r\n- Desarrollo psicomotor: motricidad fina.\r\n- Desarrollo cognitivo: capacidad de atención, concentración, lenguaje, creatividad, memoria visual, memoria auditiva.\r\n- Desarrollo socio – emocional: inteligencia emocional.', NULL, 1, 25),
(145, 'MASOMENOS', 'Generalmente  puede procesar consignas y acatar órdenes.', '•Fomentar el buen comportamiento, por ejemplo, regalarle un aplauso por decir la verdad, cuando confiese alguna acción incorrecta, aclarando que no estuvo bien la acción, pero que le regalaran un aplauso (hacerlo inmediatamente) por ser valiente y decir la verdad.\r\n•Cuando felicite una buena jornada escolar, aproveche la ocasión  para mejorar el conocimiento mutuo y fortalecer su autoestima, mencionando claramente la acción: “me gustó mucho que cantes a la bandera”. De esa manera sabrá exactamente qué fue lo que hizo bien. ', 'ALIMENTAR EL BUEN HUMOR\r\nParticipantes: dos o más personas. \r\nAdministración: 10 minutos (aproximadamente) por día durante un mes.\r\nEspacio: en la casa, mientras se preparan para ir a la escuela o para hacer la tarea. \r\nMateriales: pensar frases con rimas chistosas relacionadas con las tareas de la vida cotidiana.\r\nConsigna: Sonreír hace que todo parezca más fácil y ayuda a relajar la mente para aprender mejor. Para pasar un buen día el adulto sonríe y ayuda a sonreír, por ejemplo utilizando frases con rimas chistosas y palabras nuevas para estimular su vocabulario, mientras lo alienta a hacer sus tareas o vestirse solo, por ejemplo: “quién se pone los zapatos se gana un garabato”, “quién se pone el delantal comerá en un dedal”\r\nEstimula: \r\n- Desarrollo psicomotor: motricidad fina.\r\n- Desarrollo cognitivo: capacidad de atención, concentración, lenguaje, creatividad, memoria visual, memoria auditiva.\r\n- Desarrollo socio – emocional: inteligencia emocional.', NULL, 1, 25),
(146, 'BIEN', 'Puede procesar consignas y obedecer órdenes.', '•Fomentar aún más su buen comportamiento, por ejemplo, regalarle un aplauso por decir la verdad, cuando confiese alguna acción incorrecta, aclarando que no estuvo bien la acción, pero que le regalaran un aplauso (hacerlo inmediatamente) por ser valiente y decir la verdad.\r\n•Cuando cometa un error, aproveche la ocasión  para darle valiosas lecciones de razonamiento y fortalecer su autoestima. Por ejemplo, si se moja por mover el vaso mientras le servían líquido, pregúntele con tranquilidad, qué puede hacer de manera diferente la próxima vez, para que no suceda lo mismo. De esa manera su autoestima no sufrirá y comprenderá que es normal cometer errores de vez en cuando.\r\n•Cuando felicite una buena jornada escolar, aproveche la ocasión  para mejorar el conocimiento mutuo y fortalecer su autoestima, mencionando claramente la acción: “me gustó mucho que compartas los juguetes con tus compañeros”. De esa manera sabrá exactamente qué fue lo que hizo bien. \r\n', 'ALIMENTAR EL BUEN HUMOR\r\nParticipantes: dos o más personas. \r\nAdministración: 10 minutos (aproximadamente) por día durante un mes.\r\nEspacio: en la casa, mientras se preparan para ir a la escuela o para hacer la tarea. \r\nMateriales: pensar frases con rimas chistosas relacionadas con las tareas de la vida cotidiana.\r\nConsigna: Sonreír hace que todo parezca más fácil y ayuda a relajar la mente para aprender mejor. Para pasar un buen día el adulto sonríe y ayuda a sonreír, por ejemplo utilizando frases con rimas chistosas y palabras nuevas para estimular su vocabulario, mientras lo alienta a hacer sus tareas o vestirse solo, por ejemplo: “quién se pone los zapatos se gana un garabato”, “quién se pone el delantal comerá en un dedal”\r\nEstimula: \r\n- Desarrollo psicomotor: motricidad fina.\r\n- Desarrollo cognitivo: capacidad de atención, concentración, lenguaje, creatividad, memoria visual, memoria auditiva.\r\n- Desarrollo socio – emocional: inteligencia emocional.', NULL, 1, 25);

-- --------------------------------------------------------

--
-- Estructura de tabla para la tabla `tresultresp`
--

CREATE TABLE IF NOT EXISTS `tresultresp` (
  `idresultresp` int(11) NOT NULL AUTO_INCREMENT,
  `idresultrespcontador` int(11) NOT NULL,
  `idsubfactor` int(11) NOT NULL,
  `boresultrespestado` tinyint(1) NOT NULL,
  `idresultado` int(11) NOT NULL,
  `idrespuesta` int(11) NOT NULL,
  `idcombinacion` int(11) NOT NULL,
  PRIMARY KEY (`idresultresp`)
) ENGINE=InnoDB  DEFAULT CHARSET=utf8 AUTO_INCREMENT=343 ;

--
-- Volcado de datos para la tabla `tresultresp`
--

INSERT INTO `tresultresp` (`idresultresp`, `idresultrespcontador`, `idsubfactor`, `boresultrespestado`, `idresultado`, `idrespuesta`, `idcombinacion`) VALUES
(19, 3, 1, 1, 1, 1, 1),
(20, 0, 1, 1, 1, 3, 1),
(21, 2, 1, 1, 2, 1, 2),
(22, 0, 1, 1, 2, 3, 2),
(23, 2, 1, 1, 2, 1, 3),
(24, 1, 1, 1, 2, 3, 3),
(25, 1, 1, 1, 2, 1, 4),
(26, 0, 1, 1, 2, 3, 4),
(27, 1, 1, 1, 2, 1, 5),
(28, 1, 1, 1, 2, 3, 5),
(29, 1, 1, 1, 3, 1, 6),
(30, 2, 1, 1, 3, 3, 6),
(31, 0, 1, 1, 3, 1, 7),
(32, 0, 1, 1, 3, 3, 7),
(33, 0, 1, 1, 3, 1, 8),
(34, 1, 1, 1, 3, 3, 8),
(35, 0, 1, 1, 4, 1, 9),
(36, 2, 1, 1, 4, 3, 9),
(37, 0, 1, 1, 5, 1, 10),
(38, 3, 1, 1, 5, 3, 10),
(39, 3, 2, 1, 6, 1, 11),
(40, 0, 2, 1, 6, 3, 11),
(41, 2, 2, 1, 7, 1, 12),
(42, 0, 2, 1, 7, 3, 12),
(43, 2, 2, 1, 8, 1, 13),
(44, 1, 2, 1, 8, 3, 13),
(45, 1, 2, 1, 8, 1, 14),
(46, 0, 2, 1, 8, 3, 14),
(47, 1, 2, 1, 8, 1, 15),
(48, 1, 2, 1, 8, 3, 15),
(49, 1, 2, 1, 9, 1, 16),
(50, 2, 2, 1, 9, 3, 16),
(51, 0, 2, 1, 9, 1, 17),
(52, 0, 2, 1, 9, 3, 17),
(53, 0, 2, 1, 9, 1, 18),
(54, 1, 2, 1, 9, 3, 18),
(55, 0, 2, 1, 10, 1, 19),
(56, 2, 2, 1, 10, 3, 19),
(57, 0, 2, 1, 11, 1, 20),
(58, 3, 2, 1, 11, 3, 20),
(59, 3, 3, 1, 12, 1, 21),
(60, 0, 3, 1, 12, 3, 21),
(61, 2, 3, 1, 13, 1, 22),
(62, 0, 3, 1, 13, 3, 22),
(63, 2, 3, 1, 13, 1, 23),
(64, 1, 3, 1, 13, 3, 23),
(65, 1, 3, 1, 13, 1, 24),
(66, 0, 3, 1, 13, 3, 24),
(67, 1, 3, 1, 13, 1, 25),
(68, 1, 3, 1, 13, 3, 25),
(69, 1, 3, 1, 14, 1, 26),
(70, 2, 3, 1, 14, 3, 26),
(71, 0, 3, 1, 14, 1, 27),
(72, 0, 3, 1, 14, 3, 27),
(73, 0, 3, 1, 14, 1, 28),
(74, 1, 3, 1, 14, 3, 28),
(75, 0, 3, 1, 15, 1, 29),
(76, 2, 3, 1, 15, 3, 29),
(77, 0, 3, 1, 16, 1, 30),
(78, 3, 3, 1, 16, 3, 30),
(79, 3, 4, 1, 17, 1, 31),
(80, 0, 4, 1, 17, 3, 31),
(81, 2, 4, 1, 18, 1, 32),
(82, 0, 4, 1, 18, 3, 32),
(83, 2, 4, 1, 19, 1, 33),
(84, 1, 4, 1, 19, 3, 33),
(85, 1, 4, 1, 20, 1, 34),
(86, 0, 4, 1, 20, 3, 34),
(87, 1, 4, 1, 21, 1, 35),
(88, 1, 4, 1, 21, 3, 35),
(89, 1, 4, 1, 22, 1, 36),
(90, 2, 4, 1, 22, 3, 36),
(91, 0, 4, 1, 23, 1, 37),
(92, 0, 4, 1, 23, 3, 37),
(93, 0, 4, 1, 24, 1, 38),
(94, 1, 4, 1, 24, 3, 38),
(95, 0, 4, 1, 25, 1, 39),
(96, 2, 4, 1, 25, 3, 39),
(97, 0, 4, 1, 26, 1, 40),
(98, 3, 4, 1, 26, 3, 40),
(99, 2, 5, 1, 27, 1, 41),
(100, 0, 5, 1, 27, 3, 41),
(101, 1, 5, 1, 28, 1, 42),
(102, 0, 5, 1, 28, 3, 42),
(103, 1, 5, 1, 29, 1, 43),
(104, 1, 5, 1, 29, 3, 43),
(105, 0, 5, 1, 30, 1, 44),
(106, 0, 5, 1, 30, 3, 44),
(107, 0, 5, 1, 31, 1, 45),
(108, 1, 5, 1, 31, 3, 45),
(109, 0, 5, 1, 32, 1, 46),
(110, 2, 5, 1, 32, 3, 46),
(111, 2, 6, 1, 33, 1, 47),
(112, 0, 6, 1, 33, 3, 47),
(113, 1, 6, 1, 34, 1, 48),
(114, 0, 6, 1, 34, 3, 48),
(115, 1, 6, 1, 35, 1, 49),
(116, 1, 6, 1, 35, 3, 49),
(117, 0, 6, 1, 36, 1, 50),
(118, 0, 6, 1, 36, 3, 50),
(119, 0, 6, 1, 37, 1, 51),
(120, 1, 6, 1, 37, 3, 51),
(121, 0, 6, 1, 38, 1, 52),
(122, 2, 6, 1, 38, 3, 52),
(125, 0, 7, 1, 40, 1, 54),
(126, 0, 7, 1, 40, 3, 54),
(127, 0, 7, 1, 41, 1, 55),
(128, 1, 7, 1, 41, 3, 55),
(129, 2, 8, 1, 42, 1, 56),
(130, 0, 8, 1, 42, 3, 56),
(131, 1, 8, 1, 43, 1, 57),
(132, 0, 8, 1, 43, 3, 57),
(133, 1, 8, 1, 44, 1, 58),
(134, 1, 8, 1, 44, 3, 58),
(135, 0, 8, 1, 45, 1, 59),
(136, 0, 8, 1, 45, 3, 59),
(137, 0, 8, 1, 46, 1, 60),
(138, 1, 8, 1, 46, 3, 60),
(139, 0, 8, 1, 47, 1, 61),
(140, 2, 8, 1, 47, 3, 61),
(141, 2, 9, 1, 48, 1, 62),
(142, 0, 9, 1, 48, 3, 62),
(143, 1, 9, 1, 49, 1, 63),
(144, 0, 9, 1, 49, 3, 63),
(145, 1, 9, 1, 50, 1, 64),
(146, 1, 9, 1, 50, 3, 64),
(147, 0, 9, 1, 51, 1, 65),
(148, 0, 9, 1, 51, 3, 65),
(149, 0, 9, 1, 52, 1, 66),
(150, 1, 9, 1, 52, 3, 66),
(151, 0, 9, 1, 53, 1, 67),
(152, 2, 9, 1, 53, 3, 67),
(153, 3, 10, 1, 54, 1, 68),
(154, 0, 10, 1, 54, 3, 68),
(155, 2, 10, 1, 55, 1, 69),
(156, 0, 10, 1, 55, 3, 69),
(157, 2, 10, 1, 56, 1, 70),
(158, 1, 10, 1, 56, 3, 70),
(159, 1, 10, 1, 57, 1, 71),
(160, 0, 10, 1, 57, 3, 71),
(161, 1, 10, 1, 58, 1, 72),
(162, 1, 10, 1, 58, 3, 72),
(163, 1, 10, 1, 59, 1, 73),
(164, 2, 10, 1, 59, 3, 73),
(165, 0, 10, 1, 60, 1, 74),
(166, 0, 10, 1, 60, 3, 74),
(169, 0, 10, 1, 61, 1, 76),
(170, 1, 10, 1, 61, 3, 76),
(171, 0, 10, 1, 62, 1, 77),
(172, 2, 10, 1, 62, 3, 77),
(173, 0, 10, 1, 63, 1, 78),
(174, 3, 10, 1, 63, 3, 78),
(175, 2, 11, 1, 64, 1, 79),
(176, 0, 11, 1, 64, 3, 79),
(177, 1, 11, 1, 65, 1, 80),
(178, 0, 11, 1, 65, 3, 80),
(179, 1, 11, 1, 66, 1, 81),
(180, 1, 11, 1, 66, 3, 81),
(181, 0, 11, 1, 67, 1, 82),
(182, 0, 11, 1, 67, 3, 82),
(183, 0, 11, 1, 68, 1, 83),
(184, 1, 11, 1, 68, 3, 83),
(185, 0, 11, 1, 69, 1, 84),
(186, 2, 11, 1, 69, 3, 84),
(187, 1, 12, 1, 70, 1, 85),
(188, 0, 12, 1, 70, 3, 85),
(189, 0, 12, 1, 71, 1, 86),
(190, 0, 12, 1, 71, 3, 86),
(191, 0, 12, 1, 72, 1, 87),
(192, 1, 12, 1, 72, 3, 87),
(193, 3, 13, 1, 73, 1, 88),
(194, 0, 13, 1, 73, 3, 88),
(195, 2, 13, 1, 74, 1, 89),
(196, 0, 13, 1, 74, 3, 89),
(197, 2, 13, 1, 75, 1, 90),
(198, 1, 13, 1, 75, 3, 90),
(199, 1, 13, 1, 76, 1, 91),
(200, 0, 13, 1, 76, 3, 91),
(201, 1, 13, 1, 77, 1, 92),
(202, 1, 13, 1, 77, 3, 92),
(203, 1, 13, 1, 78, 1, 93),
(204, 2, 13, 1, 78, 3, 93),
(205, 0, 13, 1, 79, 1, 94),
(206, 0, 13, 1, 79, 3, 94),
(207, 0, 13, 1, 80, 1, 95),
(208, 1, 13, 1, 80, 3, 95),
(209, 0, 13, 1, 81, 1, 96),
(210, 2, 13, 1, 81, 3, 96),
(211, 0, 13, 1, 82, 1, 97),
(212, 3, 13, 1, 82, 3, 97),
(213, 2, 14, 1, 83, 1, 98),
(214, 0, 14, 1, 83, 3, 98),
(215, 1, 14, 1, 84, 1, 99),
(216, 0, 14, 1, 84, 3, 99),
(217, 1, 14, 1, 85, 1, 100),
(218, 1, 14, 1, 85, 3, 100),
(219, 0, 14, 1, 86, 1, 101),
(220, 0, 14, 1, 86, 3, 101),
(221, 0, 14, 1, 87, 1, 102),
(222, 1, 14, 1, 87, 3, 102),
(223, 0, 14, 1, 88, 1, 103),
(224, 2, 14, 1, 88, 3, 103),
(225, 1, 15, 1, 89, 1, 104),
(226, 0, 15, 1, 89, 3, 104),
(227, 0, 15, 1, 90, 1, 105),
(228, 0, 15, 1, 90, 3, 105),
(229, 0, 15, 1, 91, 1, 106),
(230, 1, 15, 1, 91, 3, 106),
(231, 1, 16, 1, 92, 1, 107),
(232, 0, 16, 1, 92, 3, 107),
(233, 0, 16, 1, 93, 1, 108),
(234, 0, 16, 1, 93, 3, 108),
(235, 0, 16, 1, 94, 1, 109),
(236, 1, 16, 1, 94, 3, 109),
(237, 1, 17, 1, 95, 1, 110),
(238, 0, 17, 1, 95, 3, 110),
(239, 0, 17, 1, 96, 1, 111),
(240, 0, 17, 1, 96, 3, 111),
(241, 0, 17, 1, 97, 1, 112),
(242, 1, 17, 1, 97, 3, 112),
(243, 2, 18, 1, 98, 1, 113),
(244, 0, 18, 1, 98, 3, 113),
(245, 1, 18, 1, 99, 1, 114),
(246, 0, 18, 1, 99, 3, 114),
(247, 1, 18, 1, 100, 1, 115),
(248, 1, 18, 1, 100, 3, 115),
(249, 0, 18, 1, 101, 1, 116),
(250, 0, 18, 1, 101, 3, 116),
(251, 0, 18, 1, 102, 1, 117),
(252, 1, 18, 1, 102, 3, 117),
(253, 0, 18, 1, 103, 1, 118),
(254, 2, 18, 1, 103, 3, 118),
(255, 3, 21, 1, 104, 1, 119),
(256, 0, 21, 1, 104, 3, 119),
(257, 2, 21, 1, 105, 1, 120),
(258, 0, 21, 1, 105, 3, 120),
(259, 2, 21, 1, 106, 1, 121),
(260, 1, 21, 1, 106, 3, 121),
(261, 1, 21, 1, 107, 1, 122),
(262, 0, 21, 1, 107, 3, 122),
(263, 1, 21, 1, 108, 1, 123),
(264, 1, 21, 1, 108, 3, 123),
(265, 1, 21, 1, 109, 1, 124),
(266, 2, 21, 1, 109, 3, 124),
(267, 0, 21, 1, 110, 1, 125),
(268, 0, 21, 1, 110, 3, 125),
(269, 0, 21, 1, 111, 1, 126),
(270, 1, 21, 1, 111, 3, 126),
(271, 0, 21, 1, 112, 1, 127),
(272, 2, 21, 1, 112, 3, 127),
(273, 0, 21, 1, 113, 1, 128),
(274, 3, 21, 1, 113, 3, 128),
(275, 3, 22, 1, 114, 1, 129),
(276, 0, 22, 1, 114, 3, 129),
(277, 2, 22, 1, 115, 1, 130),
(278, 0, 22, 1, 115, 3, 130),
(279, 2, 22, 1, 116, 1, 131),
(280, 1, 22, 1, 116, 3, 131),
(281, 1, 22, 1, 117, 1, 132),
(282, 0, 22, 1, 117, 3, 132),
(283, 1, 22, 1, 118, 1, 133),
(284, 1, 22, 1, 118, 3, 133),
(285, 1, 22, 1, 119, 1, 134),
(286, 2, 22, 1, 119, 3, 134),
(287, 0, 22, 1, 120, 1, 135),
(288, 0, 22, 1, 120, 3, 135),
(289, 0, 22, 1, 121, 1, 136),
(290, 1, 22, 1, 121, 3, 136),
(291, 0, 22, 1, 122, 1, 137),
(292, 2, 22, 1, 122, 3, 137),
(293, 0, 22, 1, 123, 1, 138),
(294, 3, 22, 1, 123, 3, 138),
(295, 3, 23, 1, 124, 1, 139),
(296, 0, 23, 1, 124, 3, 139),
(297, 2, 23, 1, 125, 1, 140),
(298, 0, 23, 1, 125, 3, 140),
(299, 2, 23, 1, 126, 1, 141),
(300, 1, 23, 1, 126, 3, 141),
(301, 1, 23, 1, 127, 1, 142),
(302, 0, 23, 1, 127, 3, 142),
(303, 1, 23, 1, 128, 1, 143),
(304, 1, 23, 1, 128, 3, 143),
(305, 1, 23, 1, 129, 1, 144),
(306, 2, 23, 1, 129, 3, 144),
(307, 0, 23, 1, 130, 1, 145),
(308, 0, 23, 1, 130, 3, 145),
(309, 0, 23, 1, 131, 1, 146),
(310, 1, 23, 1, 131, 3, 146),
(311, 0, 23, 1, 132, 1, 147),
(312, 2, 23, 1, 132, 3, 147),
(313, 0, 23, 1, 133, 1, 148),
(314, 3, 23, 1, 133, 3, 148),
(315, 1, 24, 1, 134, 1, 149),
(316, 0, 24, 1, 134, 3, 149),
(317, 0, 24, 1, 135, 1, 150),
(318, 0, 24, 1, 135, 3, 150),
(319, 0, 24, 1, 136, 1, 151),
(320, 1, 24, 1, 136, 3, 151),
(321, 3, 25, 1, 137, 1, 152),
(322, 0, 25, 1, 137, 3, 152),
(323, 2, 25, 1, 138, 1, 153),
(324, 0, 25, 1, 138, 3, 153),
(325, 2, 25, 1, 139, 1, 154),
(326, 1, 25, 1, 139, 3, 154),
(327, 1, 25, 1, 140, 1, 155),
(328, 0, 25, 1, 140, 3, 155),
(329, 1, 25, 1, 141, 1, 156),
(330, 1, 25, 1, 141, 3, 156),
(331, 1, 25, 1, 142, 1, 157),
(332, 2, 25, 1, 142, 3, 157),
(333, 0, 25, 1, 143, 1, 158),
(334, 0, 25, 1, 143, 3, 158),
(335, 0, 25, 1, 144, 1, 159),
(336, 1, 25, 1, 144, 3, 159),
(337, 0, 25, 1, 145, 1, 160),
(338, 2, 25, 1, 145, 3, 160),
(339, 0, 25, 1, 146, 1, 161),
(340, 3, 25, 1, 146, 3, 161),
(341, 1, 7, 1, 39, 1, 53),
(342, 0, 7, 1, 39, 3, 53);

-- --------------------------------------------------------

--
-- Estructura de tabla para la tabla `trol`
--

CREATE TABLE IF NOT EXISTS `trol` (
  `idrol` int(11) NOT NULL AUTO_INCREMENT,
  `vcrolnombre` varchar(200) NOT NULL,
  `borolesmayoredad` tinyint(1) NOT NULL,
  `borolestado` tinyint(1) NOT NULL,
  `esalumno` int(11) NOT NULL,
  PRIMARY KEY (`idrol`)
) ENGINE=InnoDB  DEFAULT CHARSET=utf8 AUTO_INCREMENT=6 ;

--
-- Volcado de datos para la tabla `trol`
--

INSERT INTO `trol` (`idrol`, `vcrolnombre`, `borolesmayoredad`, `borolestado`, `esalumno`) VALUES
(1, 'Alumno', 0, 1, 1),
(2, 'Docente', 1, 1, 0),
(3, 'Madre', 1, 1, 0),
(4, 'Padre', 1, 1, 0),
(5, 'Tutor', 1, 1, 0);

-- --------------------------------------------------------

--
-- Estructura de tabla para la tabla `tsubfactor`
--

CREATE TABLE IF NOT EXISTS `tsubfactor` (
  `idsubfactor` int(11) NOT NULL AUTO_INCREMENT,
  `vcsubfactnombre` varchar(200) NOT NULL,
  `vcsubfactdescrip` varchar(250) DEFAULT NULL,
  `vcsubfactestado` tinyint(1) NOT NULL,
  `idfactor` int(11) NOT NULL,
  PRIMARY KEY (`idsubfactor`)
) ENGINE=InnoDB  DEFAULT CHARSET=utf8 AUTO_INCREMENT=26 ;

--
-- Volcado de datos para la tabla `tsubfactor`
--

INSERT INTO `tsubfactor` (`idsubfactor`, `vcsubfactnombre`, `vcsubfactdescrip`, `vcsubfactestado`, `idfactor`) VALUES
(1, 'MOTRICIDAD GRUESA', NULL, 1, 1),
(2, 'MOTRICIDAD FINA', NULL, 1, 1),
(3, 'AUTONOMÍA', NULL, 1, 1),
(4, 'LENGUAJE', NULL, 1, 2),
(5, 'MEMORIA AUDITIVA', NULL, 1, 2),
(6, 'MEMORIA KINESTESICA', NULL, 1, 2),
(7, 'ATENCION', NULL, 1, 2),
(8, 'MEMORIA VISUAL', NULL, 1, 2),
(9, 'NOCION DEL TIEMPO', NULL, 1, 2),
(10, 'NOCION DE ESPACIO', NULL, 1, 2),
(11, 'NOCION DE CANTIDAD', NULL, 1, 2),
(12, 'NOCION DE IGUAL O DIFERENTE', NULL, 1, 2),
(13, 'DIBUJO', NULL, 1, 2),
(14, 'LENGUA ESCRITURA', NULL, 1, 2),
(15, 'LENGUA RECONOCIMIENTO DE LETRAS', NULL, 1, 2),
(16, 'MATEMATICA 1 A 10', NULL, 1, 2),
(17, 'MATEMATICA 1 AL 20', NULL, 1, 2),
(18, 'COPIA', NULL, 1, 2),
(21, 'INTELIGENCIA EMOCIONAL', NULL, 1, 3),
(22, 'SOCIALIZACION', NULL, 1, 3),
(23, 'AUTOESTIMA', NULL, 1, 3),
(24, 'CURIOSIDAD', NULL, 1, 3),
(25, 'CONDUCTA', NULL, 1, 3);

-- --------------------------------------------------------

--
-- Estructura de tabla para la tabla `ttutalum`
--

CREATE TABLE IF NOT EXISTS `ttutalum` (
  `idtutalum` int(11) NOT NULL AUTO_INCREMENT,
  `botutalumestado` tinyint(1) NOT NULL,
  `idtutor` int(11) NOT NULL,
  `idalumno` int(11) NOT NULL,
  `idparentesco` int(11) NOT NULL,
  PRIMARY KEY (`idtutalum`)
) ENGINE=InnoDB  DEFAULT CHARSET=utf8 AUTO_INCREMENT=35 ;

--
-- Volcado de datos para la tabla `ttutalum`
--

INSERT INTO `ttutalum` (`idtutalum`, `botutalumestado`, `idtutor`, `idalumno`, `idparentesco`) VALUES
(16, 1, 16, 10, 1),
(17, 1, 15, 11, 3),
(18, 1, 15, 9, 3),
(19, 1, 16, 11, 1),
(20, 1, 17, 12, 1),
(21, 1, 18, 13, 1),
(22, 1, 19, 14, 1),
(23, 1, 0, 15, 1),
(24, 1, 21, 16, 1),
(25, 1, 22, 17, 1),
(26, 1, 16, 15, 3),
(27, 1, 16, 18, 1),
(28, 1, 16, 19, 1),
(29, 1, 16, 20, 1),
(31, 1, 23, 21, 0),
(32, 1, 16, 22, 3),
(33, 1, 0, 23, 4),
(34, 1, 25, 23, 3);

-- --------------------------------------------------------

--
-- Estructura de tabla para la tabla `ttutor`
--

CREATE TABLE IF NOT EXISTS `ttutor` (
  `idtutor` int(11) NOT NULL AUTO_INCREMENT,
  `dttutfecha` date NOT NULL,
  `botutestado` tinyint(1) NOT NULL,
  `idpersona` int(11) NOT NULL,
  PRIMARY KEY (`idtutor`)
) ENGINE=InnoDB  DEFAULT CHARSET=utf8 AUTO_INCREMENT=27 ;

--
-- Volcado de datos para la tabla `ttutor`
--

INSERT INTO `ttutor` (`idtutor`, `dttutfecha`, `botutestado`, `idpersona`) VALUES
(15, '2016-01-17', 1, 24),
(17, '2016-03-26', 1, 29),
(18, '2016-03-26', 1, 31),
(19, '2016-03-26', 1, 33),
(20, '2016-03-26', 1, 35),
(21, '2016-03-27', 1, 37),
(22, '2016-03-27', 1, 39),
(23, '2016-06-09', 1, 45),
(25, '2016-06-23', 1, 49),
(26, '2016-06-23', 1, 50);

-- --------------------------------------------------------

--
-- Estructura de tabla para la tabla `ttutrol`
--

CREATE TABLE IF NOT EXISTS `ttutrol` (
  `idtutorrol` int(11) NOT NULL AUTO_INCREMENT,
  `vctutrolnombre` varchar(200) NOT NULL,
  `botutrolestado` tinyint(1) NOT NULL,
  PRIMARY KEY (`idtutorrol`)
) ENGINE=InnoDB DEFAULT CHARSET=utf8 AUTO_INCREMENT=1 ;

-- --------------------------------------------------------

--
-- Estructura de tabla para la tabla `tusuario`
--

CREATE TABLE IF NOT EXISTS `tusuario` (
  `idusuario` int(11) NOT NULL AUTO_INCREMENT,
  `vcusunombre` varchar(200) NOT NULL,
  `vcusuclave` varchar(50) NOT NULL,
  `vcusuemail` varchar(250) DEFAULT NULL,
  `bousuestado` tinyint(1) NOT NULL,
  `idpersona` int(11) NOT NULL,
  PRIMARY KEY (`idusuario`)
) ENGINE=InnoDB  DEFAULT CHARSET=utf8 AUTO_INCREMENT=25 ;

--
-- Volcado de datos para la tabla `tusuario`
--

INSERT INTO `tusuario` (`idusuario`, `vcusunombre`, `vcusuclave`, `vcusuemail`, `bousuestado`, `idpersona`) VALUES
(10, '31436649', '81dc9bdb52d04dc20036dbd8313ed055', 'javdu0113@gmail.com', 1, 2),
(12, '31436647', '81dc9bdb52d04dc20036dbd8313ed055', 'javdu0113@gmail.com', 1, 0),
(14, '31436648', '81dc9bdb52d04dc20036dbd8313ed055', 'javdu0113@gmail.com', 1, 18),
(15, '31436649', '81dc9bdb52d04dc20036dbd8313ed055', 'javdu0113@gmail.com', 1, 24),
(16, '25063953', '81dc9bdb52d04dc20036dbd8313ed055', 'gabrielaguanuco@gmail.com', 1, 26),
(17, '34868887', '81dc9bdb52d04dc20036dbd8313ed055', 'javdu0113@gmail.com', 1, 29),
(18, '34225719', '81dc9bdb52d04dc20036dbd8313ed055', 'javdu0113@gmail.com', 1, 31),
(19, '31547903', '81dc9bdb52d04dc20036dbd8313ed055', 'javdu0113@gmail.com', 1, 33),
(20, '27047397', '81dc9bdb52d04dc20036dbd8313ed055', 'javdu0113@gmail.com', 1, 35),
(21, '25352296', '81dc9bdb52d04dc20036dbd8313ed055', 'sreinaga@hotmail.com', 1, 37),
(22, '25633978', '81dc9bdb52d04dc20036dbd8313ed055', 'veroreinaga75@gmail.com', 1, 39),
(23, '25063953', '81dc9bdb52d04dc20036dbd8313ed055', 'gabrielaguanuco@gmail.com', 1, 49),
(24, '25063953', '9ff41dc4b232afef1d884bc1b9231c24', 'gabrielaguanuco@gmail.com', 1, 50);

-- --------------------------------------------------------

--
-- Estructura de tabla para la tabla `usuario`
--

CREATE TABLE IF NOT EXISTS `usuario` (
  `u_id` int(10) NOT NULL AUTO_INCREMENT,
  `u_username` varchar(255) NOT NULL,
  `u_pass` varchar(255) NOT NULL,
  `u_email` varchar(255) NOT NULL,
  PRIMARY KEY (`u_id`)
) ENGINE=MyISAM DEFAULT CHARSET=latin1 AUTO_INCREMENT=1 ;

/*!40101 SET CHARACTER_SET_CLIENT=@OLD_CHARACTER_SET_CLIENT */;
/*!40101 SET CHARACTER_SET_RESULTS=@OLD_CHARACTER_SET_RESULTS */;
/*!40101 SET COLLATION_CONNECTION=@OLD_COLLATION_CONNECTION */;
